Customer ID,Age,Gender,Item Purchased,Category,Purchase Amount (USD),Location,Size,Color,Season,Review Rating,Subscription Status,Payment Method,Shipping Type,Discount Applied,Promo Code Used,Previous Purchases,Preferred Payment Method,Frequency of Purchases,unnamed_col,record_timestamp,index_copy,notes
1072,61.0,Male,Hat,Accessories,81,Pennsylvania,M,Beige,Summer,2.6,No,Cash,Express,Yes,Yes,46,Credit Card,Monthly,,2024-01-01 00:00:00,0,
1201,27.0,Male,Coat,Outerwear,22,Connecticut,XL,Black,Winter,4.4,No,Bank Transfer,Store Pickup,Yes,Yes,7,PayPal,Weekly,,2024-01-01 00:00:00,1,
2719,22.0,Female,Shorts,Clothing,90,Virginia,M,Peach,Winter,4.9,No,Credit Card,Next Day Air,,No,10,Venmo,Bi-Weekly,,2024-01-01 00:00:00,2,
1290,35.0,Male,Jacket,Outerwear,24,New Hampshire,M,Red,Fall,2.9,No,Debit Card,Next Day Air,Yes,Yes,10,PayPal,Weekly,,2024-01-01 00:00:00,3,
3688,34.0,Female,Shirt,Clothing,44,Arkansas,L,Lavender,Summer,2.9,No,PayPal,Next Day Air,No,No,28,Bank Transfer,Every 3 Months,,2024-01-01 00:00:00,4,
466,54.0,Male,Skirt,Clothing,88,Oklahoma,M,Pink,Summer,2.8,Yes,Cash,Next Day Air,Yes,Yes,25,Cash,Quarterly,,2024-01-01 00:00:00,5,
1511,55.0,Male,Blouse,Clothing,30,Maryland,XL,Gray,Fall,3.0,,Credit Card,Free Shipping,Yes,Yes,31,Venmo,Annually,,2024-01-01 00:00:00,6,
552,29.0,male,Coat,Outerwear,78,Idaho,XL,Green,Fall,3.1,Yes,Venmo,2-Day Shipping,Yes,Yes,27,Cash,Bi-Weekly,,2024-01-01 00:00:00,7,
839,33.0,Male,Coat,Outerwear,29,Kentucky,M,Gray,Spring,4.3,Yes,Bank Transfer,Express,Yes,Yes,49,Credit Card,Annually,,2024-01-01 00:00:00,8,
1513,60.0,male,Sneakers,Footwear,23,Wisconsin,L,Silver,Winter,3.9,No,Debit Card,Standard,Yes,Yes,18,PayPal,Bi-Weekly,,2024-01-01 00:00:00,9,
3300,,Female,Shorts,Clothing,32,South Dakota,L,Teal,Spring,4.0,No,Bank Transfer,2-Day Shipping,No,No,18,Venmo,Monthly,,2024-01-01 00:00:00,10,
1425,66.0,Male,Jacket,Outerwear,23,Connecticut,S,Indigo,Fall,3.5,No,Cash,Standard,Yes,Yes,34,Bank Transfer,Every 3 Months,,2024-01-01 00:00:00,11,
2326,44.0,Male,Boots,Footwear,55,New York,M,Charcoal,Summer,4.4,No,Debit Card,2-Day Shipping,No,No,47,Cash,Weekly,,2024-01-01 00:00:00,12,
2015,51.0,,Skirt,Clothing,26,Wisconsin,L,Black,Summer,3.9,No,Venmo,Standard,No,No,47,PayPal,Bi-Weekly,,2024-01-01 00:00:00,13,
3868,46.0,Female,Jacket,Outerwear,21,Maryland,L,Lavender,Summer,2.7,No,Cash,Standard,No,No,28,Credit Card,Monthly,,2024-01-01 00:00:00,14,
2893,22.0,Female,Dress,Clothing,39,Nevada,M,Teal,Spring,3.2,No,Bank Transfer,Standard,No,No,47,Credit Card,Monthly,,2024-01-01 00:00:00,15,
110,58.0,Male,T-shirt,Clothing,85,Alabama,M,Violet,Spring,2.6,Yes,Cash,Next Day Air,,Yes,43,Bank Transfer,Fortnightly,,2024-01-01 00:00:00,16,
979,56.0,Male,Gloves,Accessories,40,Colorado,M,Turquoise,Summer,2.5,Yes,Cash,Standard,Yes,Yes,33,Credit Card,Weekly,,2024-01-01 00:00:00,17,
1432,39.0,Male,Pants,Clothing,88,South Dakota,M,Cyan,Fall,2.9,No,Bank Transfer,Express,Yes,Yes,29,Venmo,Quarterly,,2024-01-01 00:00:00,18,
3563,47.0,FEMALE,Sneakers,Footwear,36,Maryland,M,Cyan,Winter,3.4,No,PayPal,Free Shipping,No,No,7,Bank Transfer,Weekly,,2024-01-01 00:00:00,19,
3848,60.0,FEMALE,Sweater,Clothing,34,Delaware,S,Blue,Fall,3.2,No,Credit Card,2-Day Shipping,No,No,31,PayPal,Fortnightly,,2024-01-01 00:00:00,20,
3269,22.0,FEMALE,Dress,Clothing,97,Arkansas,M,Cyan,Fall,2.8,No,Cash,Free Shipping,No,No,5,Bank Transfer,Every 3 Months,,2024-01-01 00:00:00,21,
3258,44.0,Female,Shirt,Clothing,98,Minnesota,M,Brown,Fall,3.3,No,PayPal,Express,No,No,39,Venmo,Every 3 Months,,2024-01-01 00:00:00,22,
1840,32.0,Male,Shirt,Clothing,78,Mississippi,XL,Purple,Winter,3.7,No,Venmo,Store Pickup,No,No,32,Cash,Annually,,2024-01-01 00:00:00,23,
2593,23.0,Male,Shorts,Clothing,23,Iowa,XL,Peach,Summer,4.4,No,Cash,Store Pickup,No,No,13,Venmo,Quarterly,,2024-01-01 00:00:00,24,
1895,42.0,Male,Hoodie,Clothing,90,Arizona,M,Purple,Fall,2.5,,Credit Card,Free Shipping,No,No,48,Debit Card,Bi-Weekly,,2024-01-01 00:00:00,25,
3456,49.0,FEMALE,T-shirt,Clothing,89,Ohio,M,Orange,Fall,4.7,No,Bank Transfer,Standard,No,No,13,Venmo,Annually,,2024-01-01 00:00:00,26,
496,33.0,Male,Handbag,Accessories,36,,XL,Cyan,Fall,3.3,Yes,Credit Card,Free Shipping,Yes,Yes,6,Debit Card,Fortnightly,,2024-01-01 00:00:00,27,
2270,49.0,Male,Skirt,Clothing,38,Kentucky,M,Yellow,Fall,4.4,No,Credit Card,Store Pickup,No,No,27,Credit Card,Annually,,2024-01-01 00:00:00,28,
1949,,male,T-shirt,Clothing,37,Connecticut,L,Brown,Winter,3.1,No,Debit Card,Next Day Air,No,No,39,PayPal,Bi-Weekly,,2024-01-01 00:00:00,29,
3145,23.0,Female,Boots,Footwear,70,Maine,L,Beige,Spring,2.6,No,Bank Transfer,Free Shipping,No,No,12,Debit Card,Quarterly,,2024-01-01 00:00:00,30,
3560,18.0,,Shorts,Clothing,25,,M,Beige,Fall,3.0,No,Debit Card,Next Day Air,No,No,13,Venmo,Every 3 Months,,2024-01-01 00:00:00,31,
3897,52.0,Female,Backpack,Accessories,49,Iowa,L,White,Spring,4.5,No,PayPal,Store Pickup,No,No,41,Bank Transfer,Bi-Weekly,,2024-01-01 00:00:00,32,
2294,37.0,Male,Sweater,Clothing,68,Georgia,L,Green,Fall,3.3,No,PayPal,,No,No,16,Debit Card,Every 3 Months,,2024-01-01 00:00:00,33,
1573,37.0,Male,Skirt,Clothing,92,Washington,L,White,Summer,3.4,No,Venmo,2-Day Shipping,Yes,Yes,16,Debit Card,Monthly,,2024-01-01 00:00:00,34,
2692,43.0,Female,Pants,Clothing,25,Nebraska,L,Blue,Winter,3.3,No,Bank Transfer,,No,No,48,Cash,Monthly,,2024-01-01 00:00:00,35,
2390,25.0,male,Coat,Outerwear,87,Kansas,M,Violet,Spring,3.1,No,Cash,Store Pickup,No,No,17,Bank Transfer,Every 3 Months,,2024-01-01 00:00:00,36,
2595,59.0,male,Skirt,Clothing,81,Montana,L,Indigo,Fall,3.6,No,Credit Card,Free Shipping,No,No,25,Cash,Every 3 Months,,2024-01-01 00:00:00,37,
2405,28.0,Male,Shorts,Clothing,33,West Virginia,L,Cyan,Winter,,No,Venmo,2-Day Shipping,No,No,23,Credit Card,Bi-Weekly,,2024-01-01 00:00:00,38,
212,69.0,Male,Skirt,Clothing,92,South Dakota,L,Maroon,Fall,4.2,Yes,Venmo,2-Day Shipping,Yes,Yes,45,Debit Card,Fortnightly,,2024-01-01 00:00:00,39,
3514,30.0,FEMALE,Blouse,Clothing,74,Alaska,XL,Charcoal,Spring,,No,Bank Transfer,,No,No,29,Credit Card,Fortnightly,,2024-01-01 00:00:00,40,
1379,37.0,Male,Jacket,Outerwear,49,Kentucky,XL,Lavender,Fall,3.6,No,PayPal,Free Shipping,Yes,Yes,24,Venmo,Weekly,,2024-01-01 00:00:00,41,
2679,,Female,Belt,Accessories,91,Montana,M,Magenta,Spring,3.4,No,Cash,2-Day Shipping,No,No,34,Credit Card,Bi-Weekly,,2024-01-01 00:00:00,42,
1447,63.0,Male,Jeans,Clothing,35,Wyoming,XL,Red,Summer,3.2,No,Debit Card,Express,Yes,Yes,6,Credit Card,Quarterly,,2024-01-01 00:00:00,43,
2223,32.0,Male,Pants,Clothing,66,Georgia,M,Teal,Summer,4.4,No,PayPal,Store Pickup,No,No,30,Credit Card,Weekly,,2024-01-01 00:00:00,44,
34,54.0,Male,Pants,Clothing,38,Colorado,L,Green,Summer,3.3,Yes,Venmo,Store Pickup,Yes,Yes,45,Cash,Quarterly,,2024-01-01 00:00:00,45,
1335,46.0,male,Coat,Outerwear,52,West Virginia,S,White,Spring,4.2,No,Debit Card,Store Pickup,,Yes,12,Venmo,Monthly,,2024-01-01 00:00:00,46,
1205,67.0,Male,Belt,Accessories,94,Florida,M,Pink,Spring,3.2,No,Bank Transfer,2-Day Shipping,Yes,Yes,20,Credit Card,Every 3 Months,,2024-01-01 00:00:00,47,
2010,37.0,Male,Boots,Footwear,99,Alabama,M,Indigo,Summer,3.8,No,Venmo,Next Day Air,No,No,26,Venmo,Bi-Weekly,,2024-01-01 00:00:00,48,
2867,54.0,Female,Blouse,Clothing,75,Connecticut,S,Violet,Summer,3.1,No,Venmo,Free Shipping,,No,19,Cash,Annually,,2024-01-01 00:00:00,49,
3374,70.0,FEMALE,Sandals,Footwear,52,Minnesota,M,Purple,Spring,3.5,No,Debit Card,Store Pickup,No,No,12,Debit Card,Every 3 Months,,2024-01-01 00:00:00,50,
3337,39.0,Female,Blouse,Clothing,45,Montana,M,Brown,Fall,4.0,No,Venmo,Free Shipping,No,No,24,Debit Card,Annually,,2024-01-01 00:00:00,51,
3625,22.0,FEMALE,Hat,Accessories,82,Texas,XL,Peach,Fall,5.0,No,PayPal,Store Pickup,No,No,22,Bank Transfer,Bi-Weekly,,2024-01-01 00:00:00,52,
3163,66.0,Female,Shoes,Footwear,85,Wisconsin,L,Blue,Winter,3.9,No,Credit Card,Standard,No,No,28,Bank Transfer,Quarterly,,2024-01-01 00:00:00,53,
3513,36.0,Female,Shirt,Clothing,46,Kentucky,M,White,Fall,3.4,No,Bank Transfer,Free Shipping,No,No,31,Debit Card,Quarterly,,2024-01-01 00:00:00,54,
3221,38.0,Female,Handbag,Accessories,29,North Dakota,M,Blue,Fall,4.1,No,PayPal,Free Shipping,No,No,16,Cash,Monthly,,2024-01-01 00:00:00,55,
2246,49.0,Male,Socks,Clothing,90,Delaware,L,Gray,Fall,4.9,No,Venmo,Free Shipping,No,No,45,PayPal,Fortnightly,,2024-01-01 00:00:00,56,
3067,58.0,Female,Skirt,Clothing,48,Michigan,L,Teal,Summer,4.3,No,Cash,Free Shipping,No,No,13,Venmo,Every 3 Months,,2024-01-01 00:00:00,57,
2648,,Male,Shoes,Footwear,58,South Carolina,M,Red,Summer,3.3,No,Debit Card,2-Day Shipping,No,No,25,Debit Card,Annually,,2024-01-01 00:00:00,58,
271,33.0,Male,Jeans,Clothing,52,North Dakota,XL,Orange,Fall,4.6,Yes,Debit Card,Free Shipping,Yes,Yes,16,Bank Transfer,Annually,,2024-01-01 00:00:00,59,
2214,54.0,male,Hat,Accessories,94,Hawaii,M,Maroon,Fall,2.9,No,Credit Card,Express,No,No,18,Debit Card,Quarterly,,2024-01-01 00:00:00,60,
577,48.0,Male,Hat,Accessories,68,Washington,M,Black,Winter,5.0,,Venmo,2-Day Shipping,Yes,Yes,5,Credit Card,Every 3 Months,,2024-01-01 00:00:00,61,
2092,26.0,Male,Jeans,Clothing,97,Washington,XL,Beige,Fall,3.0,No,PayPal,Next Day Air,No,No,24,Bank Transfer,Quarterly,,2024-01-01 00:00:00,62,
1727,57.0,Male,Coat,Outerwear,28,Indiana,S,Olive,Summer,2.8,No,Credit Card,Express,No,No,45,Debit Card,Weekly,,2024-01-01 00:00:00,63,
167,46.0,male,Sneakers,Footwear,31,Delaware,XL,Indigo,Fall,4.0,Yes,Cash,Store Pickup,Yes,Yes,30,Cash,Monthly,,2024-01-01 00:00:00,64,
2438,43.0,Male,Sneakers,Footwear,59,Wyoming,XL,Magenta,Winter,3.4,No,Credit Card,Store Pickup,No,No,34,Credit Card,Weekly,,2024-01-01 00:00:00,65,
2910,27.0,Female,Backpack,Accessories,78,Louisiana,M,Indigo,Winter,3.0,No,Bank Transfer,Next Day Air,,No,40,Credit Card,Every 3 Months,,2024-01-01 00:00:00,66,
3771,23.0,Female,Pants,Clothing,42,Montana,L,Black,Summer,4.0,No,Credit Card,Store Pickup,No,No,34,Bank Transfer,Weekly,,2024-01-01 00:00:00,67,
1898,53.0,Male,Sunglasses,Accessories,97,Alaska,L,Teal,Winter,,No,Venmo,Free Shipping,No,No,11,Debit Card,Fortnightly,,2024-01-01 00:00:00,68,
2441,31.0,Male,Socks,Clothing,90,Indiana,M,Red,Spring,4.7,No,Bank Transfer,Standard,No,No,47,Bank Transfer,Annually,,2024-01-01 00:00:00,69,
1048,31.0,Male,Socks,Clothing,36,Utah,S,Olive,Fall,4.2,Yes,Debit Card,Standard,Yes,Yes,7,Credit Card,Fortnightly,,2024-01-01 00:00:00,70,
3700,51.0,FEMALE,Backpack,Accessories,55,Oklahoma,M,Olive,Fall,2.6,No,Cash,Store Pickup,No,No,24,Bank Transfer,Weekly,,2024-01-01 00:00:00,71,
2906,,Female,Sunglasses,Accessories,53,New York,L,Black,Winter,,No,PayPal,Standard,No,No,14,Debit Card,Fortnightly,,2024-01-01 00:00:00,72,
2773,18.0,Female,Backpack,Accessories,94,Pennsylvania,L,Blue,Spring,3.5,No,Credit Card,Store Pickup,No,No,10,Bank Transfer,Every 3 Months,,2024-01-01 00:00:00,73,
3656,20.0,FEMALE,Sweater,Clothing,27,Wyoming,M,Yellow,Fall,2.9,No,Venmo,Next Day Air,No,No,4,Credit Card,Bi-Weekly,,2024-01-01 00:00:00,74,
3411,50.0,Female,Sandals,Footwear,76,Ohio,L,Teal,Summer,4.3,No,PayPal,Free Shipping,No,No,38,Bank Transfer,Bi-Weekly,,2024-01-01 00:00:00,75,
734,45.0,Male,Dress,Clothing,36,Rhode Island,L,Cyan,Fall,2.7,Yes,Cash,2-Day Shipping,Yes,Yes,20,Debit Card,Bi-Weekly,,2024-01-01 00:00:00,76,
2371,51.0,Male,Shoes,Footwear,71,Alaska,M,Black,Spring,3.9,No,Debit Card,Store Pickup,No,No,38,Venmo,Weekly,,2024-01-01 00:00:00,77,
71,22.0,Male,Belt,Accessories,29,Alabama,M,Magenta,Fall,4.2,Yes,Credit Card,Express,Yes,Yes,32,Debit Card,Every 3 Months,,2024-01-01 00:00:00,78,
2479,18.0,Male,Socks,Clothing,93,Vermont,S,Maroon,Winter,,No,Cash,2-Day Shipping,No,No,9,Bank Transfer,Every 3 Months,,2024-01-01 00:00:00,79,
1748,61.0,Male,Coat,Outerwear,23,New Hampshire,M,Yellow,Winter,2.9,No,Cash,Express,No,No,41,Venmo,Quarterly,,2024-01-01 00:00:00,80,
326,70.0,Male,Pants,Clothing,70,Vermont,M,Charcoal,Winter,4.3,Yes,Debit Card,Free Shipping,Yes,Yes,38,Debit Card,Annually,,2024-01-01 00:00:00,81,
904,44.0,Male,Jacket,Outerwear,45,Washington,M,Blue,Winter,,Yes,Bank Transfer,Express,Yes,Yes,3,PayPal,Quarterly,,2024-01-01 00:00:00,82,
206,67.0,male,Shirt,Clothing,64,Hawaii,M,Silver,Winter,3.0,Yes,Bank Transfer,Standard,Yes,Yes,25,PayPal,Weekly,,2024-01-01 00:00:00,83,
15,64.0,Male,Coat,Outerwear,53,New York,L,Teal,Winter,4.7,Yes,PayPal,Free Shipping,Yes,Yes,34,Debit Card,Weekly,,2024-01-01 00:00:00,84,
1058,65.0,Male,Jacket,Outerwear,23,Wisconsin,S,Maroon,Spring,4.4,No,Bank Transfer,2-Day Shipping,Yes,Yes,20,Credit Card,Weekly,,2024-01-01 00:00:00,85,
1988,69.0,Male,Belt,Accessories,23,Vermont,XL,White,Summer,3.4,No,Debit Card,Express,No,No,4,Cash,Quarterly,,2024-01-01 00:00:00,86,
306,60.0,Male,Sweater,Clothing,59,Utah,M,Teal,Fall,3.5,Yes,Debit Card,2-Day Shipping,,Yes,26,PayPal,Annually,,2024-01-01 00:00:00,87,
3334,55.0,FEMALE,Jeans,Clothing,35,Minnesota,M,Violet,Spring,4.2,No,Debit Card,Express,No,No,3,PayPal,Monthly,,2024-01-01 00:00:00,88,
1176,35.0,Male,Belt,Accessories,81,New Jersey,M,Beige,Spring,4.1,No,Credit Card,Store Pickup,Yes,Yes,26,PayPal,Quarterly,,2024-01-01 00:00:00,89,
9,26.0,Male,Coat,Outerwear,97,West Virginia,L,Silver,Summer,,Yes,Venmo,Express,Yes,Yes,8,Venmo,Annually,,2024-01-01 00:00:00,90,
1557,43.0,,Hoodie,Clothing,57,Alabama,M,Gold,Fall,2.7,No,Venmo,Standard,Yes,Yes,26,Credit Card,Quarterly,,2024-01-01 00:00:00,91,
1768,69.0,male,Jewelry,Accessories,89,Minnesota,L,Lavender,Fall,3.8,No,PayPal,2-Day Shipping,,No,46,Debit Card,Fortnightly,,2024-01-01 00:00:00,92,
840,48.0,male,Shirt,Clothing,31,Illinois,L,Teal,Spring,2.6,Yes,Cash,Free Shipping,Yes,Yes,10,Debit Card,Every 3 Months,,2024-01-01 00:00:00,93,
3820,36.0,Female,Pants,Clothing,99,Arkansas,S,Gold,Spring,2.9,No,PayPal,Express,No,No,45,Cash,Quarterly,,2024-01-01 00:00:00,94,
3610,21.0,FEMALE,Socks,Clothing,39,,M,Cyan,Summer,,No,Debit Card,2-Day Shipping,No,No,31,Debit Card,Monthly,,2024-01-01 00:00:00,95,
756,66.0,Male,Coat,Outerwear,24,,M,Violet,Spring,3.3,Yes,Venmo,Free Shipping,Yes,Yes,22,PayPal,Weekly,,2024-01-01 00:00:00,96,
1704,39.0,Male,Backpack,Accessories,22,California,M,Black,Spring,4.0,No,Venmo,Next Day Air,No,No,12,Bank Transfer,Annually,,2024-01-01 00:00:00,97,
1293,,Male,Belt,Accessories,61,Kentucky,M,Maroon,Summer,3.9,No,Debit Card,Free Shipping,Yes,Yes,42,Bank Transfer,Annually,,2024-01-01 00:00:00,98,
1062,36.0,male,Coat,Outerwear,62,Idaho,M,Gray,Summer,4.4,No,Debit Card,Free Shipping,Yes,Yes,12,Venmo,Every 3 Months,,2024-01-01 00:00:00,99,
1057,,Male,Sweater,Clothing,64,Idaho,L,Black,Winter,2.9,No,Debit Card,2-Day Shipping,Yes,Yes,42,Venmo,Fortnightly,,2024-01-01 00:00:00,100,
1663,63.0,Male,Sunglasses,Accessories,24,New Mexico,M,Olive,Winter,4.6,No,Debit Card,Free Shipping,Yes,Yes,46,Debit Card,Fortnightly,,2024-01-01 00:00:00,101,
433,47.0,male,Shirt,Clothing,86,Indiana,S,Indigo,Fall,3.3,Yes,Debit Card,Free Shipping,Yes,Yes,26,Venmo,Weekly,,2024-01-01 00:00:00,102,
367,64.0,Male,Socks,Clothing,36,Nebraska,M,Turquoise,Spring,3.5,Yes,Bank Transfer,Store Pickup,Yes,Yes,37,Venmo,Fortnightly,,2024-01-01 00:00:00,103,
2568,19.0,Male,Sunglasses,Accessories,25,Michigan,XL,Gold,Spring,4.3,No,Venmo,Store Pickup,,No,24,Cash,Fortnightly,,2024-01-01 00:00:00,104,
3127,57.0,Female,Sunglasses,Accessories,76,,L,Lavender,Winter,2.6,No,PayPal,Store Pickup,,No,28,Bank Transfer,Bi-Weekly,,2024-01-01 00:00:00,105,
2242,18.0,Male,Jacket,Outerwear,77,Maryland,M,Purple,Summer,3.5,No,Bank Transfer,Free Shipping,No,No,3,Bank Transfer,Bi-Weekly,,2024-01-01 00:00:00,106,
3443,28.0,Female,Skirt,Clothing,78,Michigan,M,Violet,Spring,4.3,No,Venmo,Next Day Air,No,No,12,PayPal,Weekly,,2024-01-01 00:00:00,107,
528,21.0,Male,T-shirt,Clothing,23,South Carolina,L,Yellow,Winter,4.3,Yes,Bank Transfer,Next Day Air,Yes,Yes,47,Bank Transfer,Every 3 Months,,2024-01-01 00:00:00,108,
1887,18.0,Male,Gloves,Accessories,91,Arkansas,L,Beige,Spring,4.4,No,Cash,Next Day Air,No,No,46,Cash,Bi-Weekly,,2024-01-01 00:00:00,109,
788,53.0,Male,Handbag,Accessories,85,Michigan,S,Green,Spring,3.7,Yes,Bank Transfer,Free Shipping,Yes,Yes,25,Venmo,Weekly,,2024-01-01 00:00:00,110,
1457,59.0,,Coat,Outerwear,100,Montana,S,Olive,Spring,2.7,No,Venmo,Store Pickup,Yes,Yes,30,PayPal,Every 3 Months,,2024-01-01 00:00:00,111,
97,32.0,Male,Gloves,Accessories,73,Delaware,S,Gold,Spring,,Yes,Venmo,Express,Yes,Yes,43,Venmo,Every 3 Months,,2024-01-01 00:00:00,112,
185,32.0,Male,Sneakers,Footwear,33,Hawaii,L,Cyan,Spring,3.0,Yes,Cash,Express,Yes,Yes,40,Cash,Fortnightly,,2024-01-01 00:00:00,113,
1863,59.0,Male,Gloves,Accessories,36,New Hampshire,M,Turquoise,Winter,4.6,No,Debit Card,Express,No,No,10,PayPal,Fortnightly,,2024-01-01 00:00:00,114,
3197,24.0,Female,Belt,Accessories,59,Wisconsin,L,Maroon,Winter,2.8,No,Debit Card,Express,,No,21,Debit Card,Fortnightly,,2024-01-01 00:00:00,115,
1221,67.0,male,Gloves,Accessories,64,Kentucky,M,Green,Winter,4.9,No,Bank Transfer,Express,Yes,Yes,36,Bank Transfer,Quarterly,,2024-01-01 00:00:00,116,
1787,45.0,Male,Jacket,Outerwear,34,Maryland,M,Brown,Spring,4.6,No,Debit Card,2-Day Shipping,No,No,22,Venmo,Monthly,,2024-01-01 00:00:00,117,
150,38.0,male,Pants,Clothing,76,Delaware,M,White,Summer,,Yes,Venmo,Free Shipping,Yes,Yes,14,PayPal,Monthly,,2024-01-01 00:00:00,118,
3521,41.0,Female,Hat,Accessories,70,Georgia,S,Brown,Spring,3.1,No,PayPal,Express,No,No,33,Bank Transfer,Monthly,,2024-01-01 00:00:00,119,
1937,70.0,Male,Jewelry,Accessories,60,Minnesota,S,Teal,Summer,4.3,No,PayPal,2-Day Shipping,No,No,44,PayPal,Every 3 Months,,2024-01-01 00:00:00,120,
2827,32.0,Female,Handbag,Accessories,43,,L,Brown,Fall,3.6,No,Debit Card,Express,No,No,23,Venmo,Annually,,2024-01-01 00:00:00,121,
3606,68.0,FEMALE,Jeans,Clothing,41,Alabama,M,Gold,Fall,4.3,No,Venmo,Store Pickup,No,No,36,Bank Transfer,Every 3 Months,,2024-01-01 00:00:00,122,
991,48.0,Male,Sunglasses,Accessories,63,Washington,S,Yellow,Spring,4.8,Yes,PayPal,,Yes,Yes,24,Cash,Weekly,,2024-01-01 00:00:00,123,
1584,37.0,Male,Scarf,Accessories,92,Maryland,XL,Yellow,Summer,4.3,No,Cash,Next Day Air,Yes,Yes,8,Venmo,Annually,,2024-01-01 00:00:00,124,
3747,53.0,Female,Coat,Outerwear,99,,XL,Cyan,Summer,2.6,No,Debit Card,Next Day Air,No,No,49,PayPal,Monthly,,2024-01-01 00:00:00,125,
1870,18.0,Male,Blouse,Clothing,77,West Virginia,S,Beige,Spring,3.9,No,PayPal,2-Day Shipping,,No,16,Debit Card,Every 3 Months,,2024-01-01 00:00:00,126,
1042,36.0,Male,Shirt,Clothing,25,Minnesota,M,Orange,Summer,4.9,,Venmo,Next Day Air,Yes,Yes,11,Cash,Fortnightly,,2024-01-01 00:00:00,127,
2380,,Male,Hat,Accessories,77,South Dakota,M,Peach,Spring,4.0,No,Credit Card,2-Day Shipping,No,No,22,Debit Card,Monthly,,2024-01-01 00:00:00,128,
1188,56.0,Male,Hat,Accessories,89,Iowa,L,Maroon,Fall,3.0,No,Cash,Express,Yes,Yes,37,Credit Card,Every 3 Months,,2024-01-01 00:00:00,129,
3245,65.0,Female,Sweater,Clothing,81,Arkansas,M,Black,Fall,4.7,No,Bank Transfer,Express,No,No,42,Credit Card,Annually,,2024-01-01 00:00:00,130,
683,23.0,Male,Jacket,Outerwear,29,Missouri,M,Brown,Summer,4.0,Yes,Debit Card,Standard,Yes,Yes,49,Credit Card,Bi-Weekly,,2024-01-01 00:00:00,131,
33,36.0,Male,Jacket,Outerwear,67,Kansas,M,Silver,Summer,4.9,Yes,Bank Transfer,Free Shipping,Yes,Yes,37,Venmo,Annually,,2024-01-01 00:00:00,132,
3279,59.0,Female,Dress,Clothing,70,Montana,M,Black,Summer,3.3,No,Debit Card,2-Day Shipping,No,No,18,Bank Transfer,Weekly,,2024-01-01 00:00:00,133,
2133,25.0,male,Skirt,Clothing,87,Vermont,M,Magenta,Fall,,No,PayPal,2-Day Shipping,No,No,15,Debit Card,Weekly,,2024-01-01 00:00:00,134,
811,52.0,Male,Scarf,Accessories,83,South Dakota,S,Lavender,Fall,4.9,Yes,Debit Card,Store Pickup,Yes,Yes,32,Debit Card,Bi-Weekly,,2024-01-01 00:00:00,135,
2639,22.0,Male,Shirt,Clothing,34,Hawaii,S,Black,Spring,4.2,No,PayPal,Store Pickup,No,No,35,Credit Card,Annually,,2024-01-01 00:00:00,136,
197,38.0,Male,Boots,Footwear,88,Washington,M,Lavender,Summer,3.9,Yes,Cash,Next Day Air,Yes,Yes,41,Credit Card,Fortnightly,,2024-01-01 00:00:00,137,
1165,68.0,Male,Dress,Clothing,96,Montana,M,Green,Winter,,No,Credit Card,Standard,Yes,Yes,47,PayPal,Quarterly,,2024-01-01 00:00:00,138,
1453,60.0,Male,Jacket,Outerwear,25,Colorado,L,Blue,Spring,4.7,No,Venmo,2-Day Shipping,Yes,Yes,11,Bank Transfer,Quarterly,,2024-01-01 00:00:00,139,
2006,18.0,Male,Sandals,Footwear,82,Tennessee,M,Cyan,Winter,3.4,No,PayPal,Store Pickup,No,No,30,PayPal,Fortnightly,,2024-01-01 00:00:00,140,
1761,20.0,Male,Skirt,Clothing,44,Minnesota,XL,Peach,Spring,3.5,No,Credit Card,Standard,No,No,39,PayPal,Weekly,,2024-01-01 00:00:00,141,
3520,31.0,FEMALE,Shorts,Clothing,66,Wisconsin,M,White,Winter,3.7,No,Credit Card,Next Day Air,No,No,14,Bank Transfer,Fortnightly,,2024-01-01 00:00:00,142,
2012,57.0,Male,Sandals,Footwear,94,West Virginia,M,Beige,Spring,3.7,No,Debit Card,Express,No,No,4,Bank Transfer,Monthly,,2024-01-01 00:00:00,143,
1212,23.0,Male,Hoodie,Clothing,94,Oklahoma,M,Green,Spring,4.6,No,Venmo,Store Pickup,Yes,Yes,14,Venmo,Every 3 Months,,2024-01-01 00:00:00,144,
2868,,Female,Sneakers,Footwear,55,Colorado,L,White,Summer,4.9,No,Venmo,Next Day Air,No,No,33,Cash,Fortnightly,,2024-01-01 00:00:00,145,
706,25.0,,Pants,Clothing,90,Arkansas,XL,Indigo,Summer,4.5,Yes,PayPal,Free Shipping,Yes,Yes,49,Cash,Quarterly,,2024-01-01 00:00:00,146,
3494,48.0,Female,Pants,Clothing,82,New Mexico,XL,Black,Winter,4.7,No,Cash,Store Pickup,No,No,35,Credit Card,Weekly,,2024-01-01 00:00:00,147,
2060,56.0,Male,Shorts,Clothing,50,California,XL,Beige,Spring,3.7,No,Cash,Express,No,No,50,PayPal,Weekly,,2024-01-01 00:00:00,148,
3123,23.0,Female,Socks,Clothing,45,Georgia,M,Pink,Fall,3.0,No,Debit Card,Express,No,No,34,Credit Card,Fortnightly,,2024-01-01 00:00:00,149,
3588,33.0,Female,Sweater,Clothing,90,Virginia,S,Violet,Summer,4.4,No,Debit Card,Standard,,No,33,Debit Card,Annually,,2024-01-01 00:00:00,150,
3166,49.0,Female,Jacket,Outerwear,92,Hawaii,M,Lavender,Spring,3.0,No,PayPal,Store Pickup,No,No,38,Bank Transfer,Every 3 Months,,2024-01-01 00:00:00,151,
1259,47.0,Male,Boots,Footwear,87,Ohio,XL,Gold,Spring,4.1,No,Debit Card,2-Day Shipping,Yes,Yes,34,Debit Card,Every 3 Months,,2024-01-01 00:00:00,152,
472,55.0,Male,Scarf,Accessories,72,Missouri,XL,White,Winter,4.9,Yes,Credit Card,2-Day Shipping,Yes,Yes,36,Bank Transfer,Quarterly,,2024-01-01 00:00:00,153,
1832,62.0,Male,Blouse,Clothing,71,,M,Cyan,Summer,3.3,No,Bank Transfer,Free Shipping,No,No,5,Bank Transfer,Every 3 Months,,2024-01-01 00:00:00,154,
1808,34.0,Male,Sneakers,Footwear,46,Vermont,L,Gold,Summer,3.5,No,PayPal,Standard,No,No,37,Venmo,Fortnightly,,2024-01-01 00:00:00,155,
230,70.0,male,Sandals,Footwear,28,Ohio,S,Silver,Spring,4.6,Yes,Cash,,Yes,Yes,27,PayPal,Every 3 Months,,2024-01-01 00:00:00,156,
2315,42.0,Male,Handbag,Accessories,95,Virginia,XL,Brown,Winter,4.4,No,Venmo,Express,No,No,12,Bank Transfer,Every 3 Months,,2024-01-01 00:00:00,157,
1730,47.0,Male,Shorts,Clothing,21,Illinois,M,Brown,Winter,3.8,No,Venmo,Store Pickup,No,No,12,Venmo,Fortnightly,,2024-01-01 00:00:00,158,
2388,36.0,male,Hat,Accessories,95,Tennessee,M,Gold,Summer,4.0,No,Credit Card,2-Day Shipping,No,No,14,Debit Card,Monthly,,2024-01-01 00:00:00,159,
299,69.0,Male,T-shirt,Clothing,53,Maryland,M,Lavender,Winter,4.0,Yes,Cash,Standard,Yes,Yes,11,Venmo,Every 3 Months,,2024-01-01 00:00:00,160,
439,52.0,Male,Belt,Accessories,23,Iowa,M,Turquoise,Winter,4.3,Yes,Cash,Express,Yes,Yes,12,Credit Card,Fortnightly,,2024-01-01 00:00:00,161,
2173,28.0,Male,Skirt,Clothing,89,Rhode Island,S,Lavender,Fall,2.8,No,Bank Transfer,Store Pickup,No,No,6,PayPal,Fortnightly,,2024-01-01 00:00:00,162,
44,25.0,Male,Scarf,Accessories,69,Ohio,L,Lavender,Fall,3.7,Yes,PayPal,,Yes,Yes,19,PayPal,Fortnightly,,2024-01-01 00:00:00,163,
3341,42.0,Female,T-shirt,Clothing,36,Virginia,XL,Maroon,Fall,4.4,No,Credit Card,Free Shipping,No,No,47,Credit Card,Fortnightly,,2024-01-01 00:00:00,164,
1660,53.0,male,Gloves,Accessories,37,Utah,M,Black,Fall,3.9,No,Bank Transfer,Next Day Air,Yes,Yes,44,Venmo,Annually,,2024-01-01 00:00:00,165,
409,34.0,Male,Sneakers,Footwear,66,Alabama,L,White,Spring,3.4,Yes,Credit Card,Express,Yes,Yes,36,Cash,Fortnightly,,2024-01-01 00:00:00,166,
316,66.0,Male,Jewelry,Accessories,24,Wisconsin,XL,Orange,Spring,4.5,Yes,Venmo,Express,Yes,Yes,24,Debit Card,Annually,,2024-01-01 00:00:00,167,
3338,,FEMALE,Jacket,Outerwear,23,Arizona,L,Blue,Winter,4.4,No,Bank Transfer,2-Day Shipping,No,No,45,Bank Transfer,Bi-Weekly,,2024-01-01 00:00:00,168,
3102,32.0,Female,Jewelry,Accessories,82,Idaho,S,Brown,Summer,2.7,No,PayPal,Express,No,No,9,PayPal,Fortnightly,,2024-01-01 00:00:00,169,
1033,55.0,Male,Boots,Footwear,36,Maine,M,Lavender,Fall,4.0,Yes,Bank Transfer,Free Shipping,Yes,Yes,44,Credit Card,Quarterly,,2024-01-01 00:00:00,170,
315,,Male,Pants,Clothing,24,New Jersey,M,Purple,Summer,3.3,Yes,PayPal,Store Pickup,Yes,Yes,17,Debit Card,Every 3 Months,,2024-01-01 00:00:00,171,
1653,65.0,Male,Sweater,Clothing,35,New Mexico,M,Orange,Summer,4.0,No,Cash,Next Day Air,Yes,Yes,1,Bank Transfer,Fortnightly,,2024-01-01 00:00:00,172,
309,66.0,Male,Handbag,Accessories,29,Maryland,M,Beige,Fall,3.7,Yes,Bank Transfer,Standard,Yes,Yes,45,Venmo,Bi-Weekly,,2024-01-01 00:00:00,173,
2211,30.0,Male,Sunglasses,Accessories,25,Virginia,M,Orange,Summer,3.1,No,Venmo,Store Pickup,No,No,35,PayPal,Fortnightly,,2024-01-01 00:00:00,174,
180,64.0,Male,Boots,Footwear,31,Illinois,M,Violet,Fall,4.9,Yes,Debit Card,Store Pickup,Yes,Yes,9,Bank Transfer,Fortnightly,,2024-01-01 00:00:00,175,
415,29.0,Male,Backpack,Accessories,88,Wyoming,L,Violet,Winter,2.6,Yes,Bank Transfer,Store Pickup,Yes,Yes,30,Debit Card,Weekly,,2024-01-01 00:00:00,176,
1878,69.0,Male,Gloves,Accessories,62,Pennsylvania,L,Pink,Fall,3.6,No,Cash,Express,No,No,3,Credit Card,Annually,,2024-01-01 00:00:00,177,
2213,59.0,,Pants,Clothing,77,Nebraska,M,Brown,Winter,3.3,No,PayPal,Next Day Air,No,No,22,Bank Transfer,Quarterly,,2024-01-01 00:00:00,178,
1587,25.0,male,Boots,Footwear,77,Oklahoma,M,Purple,Fall,,No,Debit Card,Express,,Yes,21,Bank Transfer,Weekly,,2024-01-01 00:00:00,179,
2347,22.0,Male,Jacket,Outerwear,67,New Mexico,L,Brown,Winter,3.1,No,Bank Transfer,Standard,No,No,46,Debit Card,Fortnightly,,2024-01-01 00:00:00,180,
18,53.0,Male,Dress,Clothing,38,Mississippi,XL,Lavender,Winter,4.7,Yes,Debit Card,,Yes,Yes,36,Venmo,Quarterly,,2024-01-01 00:00:00,181,
2217,41.0,Male,Pants,Clothing,36,Vermont,XL,Silver,Winter,4.0,No,Credit Card,Store Pickup,No,No,15,Venmo,Bi-Weekly,,2024-01-01 00:00:00,182,
606,40.0,Male,Hat,Accessories,32,California,XL,Charcoal,Winter,4.2,Yes,Debit Card,Standard,Yes,Yes,17,Bank Transfer,Weekly,,2024-01-01 00:00:00,183,
3071,52.0,Female,Shoes,Footwear,26,Alabama,XL,Red,Fall,2.6,No,Debit Card,Free Shipping,No,No,43,PayPal,Bi-Weekly,,2024-01-01 00:00:00,184,
908,32.0,Male,Sweater,Clothing,43,Missouri,L,Cyan,Winter,4.4,Yes,PayPal,Express,Yes,Yes,34,Credit Card,Bi-Weekly,,2024-01-01 00:00:00,185,
694,46.0,Male,Shorts,Clothing,52,Vermont,L,Turquoise,Spring,3.1,Yes,Credit Card,Free Shipping,Yes,Yes,30,Cash,Every 3 Months,,2024-01-01 00:00:00,186,
2469,65.0,Male,Skirt,Clothing,21,Connecticut,L,Cyan,Winter,3.7,No,Credit Card,2-Day Shipping,No,No,6,Venmo,Weekly,,2024-01-01 00:00:00,187,
730,41.0,male,Sunglasses,Accessories,56,Minnesota,L,Beige,Summer,3.2,Yes,Venmo,Express,Yes,Yes,46,PayPal,Every 3 Months,,2024-01-01 00:00:00,188,
1559,35.0,Male,Sunglasses,Accessories,75,New Mexico,XL,Teal,Fall,3.5,No,Credit Card,Express,Yes,Yes,24,Credit Card,Every 3 Months,,2024-01-01 00:00:00,189,
3365,50.0,Female,Scarf,Accessories,33,,M,Peach,Fall,3.2,No,Cash,,No,No,7,Credit Card,Monthly,,2024-01-01 00:00:00,190,
3270,27.0,FEMALE,Blouse,Clothing,-1,Ohio,M,Blue,Winter,4.9,No,Venmo,Express,No,No,25,Cash,Monthly,,2024-01-01 00:00:00,191,
3335,66.0,Female,Shirt,Clothing,23,California,M,Beige,Summer,,No,Bank Transfer,Free Shipping,No,No,21,Credit Card,Annually,,2024-01-01 00:00:00,192,
2168,30.0,Male,Skirt,Clothing,48,Ohio,L,Green,Winter,4.9,No,Venmo,Standard,No,No,33,Venmo,Fortnightly,,2024-01-01 00:00:00,193,
3477,68.0,Female,Boots,Footwear,99,South Carolina,XL,Orange,Summer,3.2,No,Credit Card,Free Shipping,,No,11,Cash,Weekly,,2024-01-01 00:00:00,194,
3240,33.0,Female,Sunglasses,Accessories,32,,M,Charcoal,Fall,2.7,No,Credit Card,2-Day Shipping,No,No,30,Cash,Monthly,,2024-01-01 00:00:00,195,
3695,45.0,Female,Sweater,Clothing,41,Rhode Island,M,Blue,Winter,2.6,No,Venmo,Express,No,No,11,PayPal,Bi-Weekly,,2024-01-01 00:00:00,196,
3876,63.0,Female,Hat,Accessories,51,New Hampshire,M,Pink,Winter,3.3,No,Venmo,2-Day Shipping,No,No,21,Credit Card,Annually,,2024-01-01 00:00:00,197,
1403,62.0,Male,Sunglasses,Accessories,21,North Dakota,L,White,Summer,3.1,No,Bank Transfer,Express,Yes,Yes,47,PayPal,Monthly,,2024-01-01 00:00:00,198,
3552,66.0,Female,Gloves,Accessories,31,Montana,L,Black,Spring,,No,Credit Card,Store Pickup,No,No,20,Venmo,Weekly,,2024-01-01 00:00:00,199,
818,25.0,Male,Handbag,Accessories,21,Nevada,S,Gray,Spring,4.7,Yes,Credit Card,Store Pickup,Yes,Yes,30,PayPal,Fortnightly,,2024-01-01 00:00:00,200,
1455,66.0,Male,Sneakers,Footwear,50,Georgia,L,Maroon,Winter,2.9,,Bank Transfer,Free Shipping,Yes,Yes,17,Credit Card,Annually,,2024-01-01 00:00:00,201,
1095,25.0,Male,Jewelry,Accessories,40,Connecticut,M,Black,Winter,4.8,No,Credit Card,Next Day Air,Yes,Yes,25,Cash,Quarterly,,2024-01-01 00:00:00,202,
535,65.0,Male,Gloves,Accessories,72,Florida,L,Pink,Fall,4.5,Yes,Bank Transfer,Next Day Air,Yes,Yes,4,PayPal,Quarterly,,2024-01-01 00:00:00,203,
1690,32.0,male,Shirt,Clothing,73,North Carolina,L,Turquoise,Winter,4.6,No,Credit Card,Store Pickup,No,No,32,Bank Transfer,Monthly,,2024-01-01 00:00:00,204,
1703,,Male,Jeans,Clothing,83,Alabama,XL,Yellow,Summer,5.0,No,Debit Card,Express,No,No,48,Bank Transfer,Weekly,,2024-01-01 00:00:00,205,
2103,23.0,Male,Hat,Accessories,25,Idaho,M,Brown,Spring,4.5,No,PayPal,Store Pickup,No,No,23,Cash,Monthly,,2024-01-01 00:00:00,206,
1726,45.0,Male,Sunglasses,Accessories,33,Massachusetts,M,Indigo,Spring,3.0,No,Cash,Next Day Air,No,No,32,Venmo,Quarterly,,2024-01-01 00:00:00,207,
658,999.0,,Jacket,Outerwear,80,Arizona,M,White,Winter,4.3,Yes,PayPal,Free Shipping,Yes,Yes,6,PayPal,Quarterly,,2024-01-01 00:00:00,208,
3570,35.0,Female,Sandals,Footwear,94,Alaska,M,Olive,Fall,3.3,No,Credit Card,Express,No,No,9,Bank Transfer,Fortnightly,,2024-01-01 00:00:00,209,
1426,59.0,male,Coat,Outerwear,40,Wyoming,S,White,Winter,3.7,No,Debit Card,Next Day Air,Yes,Yes,39,Credit Card,Annually,,2024-01-01 00:00:00,210,
2343,20.0,Male,Skirt,Clothing,89,Tennessee,M,Olive,Fall,4.9,No,Credit Card,Standard,No,No,16,Debit Card,Fortnightly,,2024-01-01 00:00:00,211,
600,51.0,Male,Boots,Footwear,26,Massachusetts,L,Teal,Spring,4.2,Yes,Cash,Standard,Yes,Yes,27,Debit Card,Every 3 Months,,2024-01-01 00:00:00,212,
3670,25.0,Female,Socks,Clothing,52,Washington,S,Silver,Fall,4.6,No,Credit Card,Store Pickup,No,No,43,PayPal,Quarterly,,2024-01-01 00:00:00,213,
1539,56.0,Male,Dress,Clothing,65,Illinois,L,Charcoal,Fall,3.2,No,Bank Transfer,Standard,Yes,Yes,22,Venmo,Bi-Weekly,,2024-01-01 00:00:00,214,
3473,31.0,FEMALE,Blouse,Clothing,42,,S,White,Summer,4.0,No,Bank Transfer,Free Shipping,No,No,15,Debit Card,Weekly,,2024-01-01 00:00:00,215,
462,18.0,Male,Boots,Footwear,93,Ohio,M,Yellow,Winter,3.9,Yes,Cash,Express,Yes,Yes,20,Venmo,Weekly,,2024-01-01 00:00:00,216,
3752,36.0,Female,Jewelry,Accessories,97,Alabama,S,Silver,Fall,,No,Cash,Free Shipping,No,No,8,Credit Card,Every 3 Months,,2024-01-01 00:00:00,217,
3012,20.0,,Belt,Accessories,70,Nevada,S,Brown,Summer,3.0,No,Bank Transfer,Next Day Air,,No,18,Credit Card,Every 3 Months,,2024-01-01 00:00:00,218,
1193,49.0,Male,Coat,Outerwear,56,Florida,M,Turquoise,Summer,,No,PayPal,2-Day Shipping,Yes,Yes,42,Venmo,Quarterly,,2024-01-01 00:00:00,219,
677,28.0,Male,Pants,Clothing,60,Connecticut,M,Peach,Winter,2.9,Yes,Debit Card,,Yes,Yes,38,Venmo,Bi-Weekly,,2024-01-01 00:00:00,220,
355,58.0,male,Jewelry,Accessories,76,Pennsylvania,S,Olive,Fall,3.0,Yes,PayPal,,Yes,Yes,42,Venmo,Weekly,,2024-01-01 00:00:00,221,
94,37.0,Male,Sweater,Clothing,62,Florida,M,Purple,Fall,4.5,Yes,PayPal,Standard,Yes,Yes,46,Credit Card,Weekly,,2024-01-01 00:00:00,222,
2501,59.0,Male,Gloves,Accessories,84,Massachusetts,M,Violet,Fall,2.9,No,Credit Card,Store Pickup,No,No,32,Cash,Bi-Weekly,,2024-01-01 00:00:00,223,
3737,42.0,Female,Jeans,Clothing,56,Idaho,M,Red,Spring,4.6,No,Cash,Store Pickup,No,No,2,PayPal,Every 3 Months,,2024-01-01 00:00:00,224,
1515,26.0,Male,Shoes,Footwear,90,Utah,L,Brown,Winter,3.9,No,Venmo,2-Day Shipping,Yes,Yes,1,Venmo,Weekly,,2024-01-01 00:00:00,225,
3369,30.0,Female,Sandals,Footwear,25,Nebraska,M,Blue,Spring,4.8,No,Cash,Express,No,No,29,Bank Transfer,Every 3 Months,,2024-01-01 00:00:00,226,
2375,69.0,Male,Gloves,Accessories,73,Washington,L,Peach,Winter,4.7,No,Cash,Standard,No,No,31,Debit Card,Monthly,,2024-01-01 00:00:00,227,
799,29.0,Male,Socks,Clothing,39,Alaska,M,Violet,Spring,3.8,Yes,Cash,2-Day Shipping,Yes,Yes,48,PayPal,Every 3 Months,,2024-01-01 00:00:00,228,
24,31.0,,Pants,Clothing,88,Oklahoma,XL,White,Winter,4.4,Yes,Credit Card,Express,Yes,Yes,40,Credit Card,Weekly,,2024-01-01 00:00:00,229,
1544,56.0,Male,Jeans,Clothing,89,Wisconsin,M,Indigo,Fall,4.0,No,Bank Transfer,Standard,,Yes,24,Venmo,Annually,,2024-01-01 00:00:00,230,
2245,35.0,,Shorts,Clothing,37,South Carolina,M,Gold,Summer,4.8,No,Credit Card,2-Day Shipping,No,No,22,PayPal,Annually,,2024-01-01 00:00:00,231,
2440,55.0,Male,Handbag,Accessories,44,Arkansas,M,Maroon,Summer,2.8,No,Cash,Standard,No,No,45,Bank Transfer,Annually,,2024-01-01 00:00:00,232,
2656,26.0,Female,Sunglasses,Accessories,83,Wyoming,M,Gray,Summer,3.4,No,Credit Card,Standard,No,No,2,Credit Card,Fortnightly,,2024-01-01 00:00:00,233,
2169,23.0,Male,Handbag,Accessories,74,Connecticut,M,Beige,Spring,,No,Bank Transfer,Next Day Air,No,No,32,Cash,Quarterly,,2024-01-01 00:00:00,234,
1316,56.0,Male,Shorts,Clothing,75,Mississippi,L,Green,Spring,4.2,No,PayPal,2-Day Shipping,Yes,Yes,29,Debit Card,Quarterly,,2024-01-01 00:00:00,235,
2383,39.0,Male,Sweater,Clothing,60,California,M,Turquoise,Spring,3.9,No,Debit Card,Express,No,No,44,Debit Card,Weekly,,2024-01-01 00:00:00,236,
2000,,Male,Socks,Clothing,89,Tennessee,L,Indigo,Winter,4.6,No,Credit Card,2-Day Shipping,No,No,26,Debit Card,Monthly,,2024-01-01 00:00:00,237,
3842,68.0,Female,Jeans,Clothing,57,,L,Pink,Fall,4.2,No,Cash,2-Day Shipping,No,No,8,Bank Transfer,Monthly,,2024-01-01 00:00:00,238,
319,45.0,Male,Backpack,Accessories,67,South Dakota,M,Beige,Winter,2.5,Yes,PayPal,Standard,Yes,Yes,10,Cash,Annually,,2024-01-01 00:00:00,239,
1323,23.0,Male,Pants,Clothing,74,Washington,M,Violet,Winter,4.0,No,Credit Card,Next Day Air,Yes,Yes,17,Bank Transfer,Quarterly,,2024-01-01 00:00:00,240,
866,64.0,Male,Blouse,Clothing,26,Colorado,L,Charcoal,Winter,4.8,Yes,Bank Transfer,Store Pickup,Yes,Yes,23,Venmo,Annually,,2024-01-01 00:00:00,241,
3645,35.0,Female,Blouse,Clothing,32,Arkansas,M,Violet,Winter,2.6,No,Cash,Next Day Air,No,No,18,Venmo,Weekly,,2024-01-01 00:00:00,242,
1942,55.0,Male,Shoes,Footwear,99,Vermont,XL,Peach,Winter,3.3,No,PayPal,Standard,No,No,46,Credit Card,Quarterly,,2024-01-01 00:00:00,243,
830,,Male,Socks,Clothing,57,Idaho,S,Silver,Spring,3.1,Yes,Debit Card,,Yes,Yes,14,Credit Card,Fortnightly,,2024-01-01 00:00:00,244,
1190,64.0,,Shirt,Clothing,97,Arkansas,XL,Teal,Summer,4.9,No,Venmo,Free Shipping,Yes,Yes,28,Debit Card,Annually,,2024-01-01 00:00:00,245,
2888,23.0,Female,Sandals,Footwear,28,Kentucky,L,Blue,Winter,2.8,No,Debit Card,Express,No,No,12,Cash,Bi-Weekly,,2024-01-01 00:00:00,246,
2310,70.0,Male,Dress,Clothing,95,Connecticut,S,Gold,Fall,5.0,No,Cash,2-Day Shipping,No,No,3,Bank Transfer,Quarterly,,2024-01-01 00:00:00,247,
2339,66.0,Male,Sneakers,Footwear,68,Georgia,S,Silver,Fall,4.0,No,PayPal,Express,No,No,21,PayPal,Quarterly,,2024-01-01 00:00:00,248,
2406,69.0,male,Jeans,Clothing,97,California,XL,Silver,Fall,5.0,No,Venmo,Standard,No,No,5,Debit Card,Quarterly,,2024-01-01 00:00:00,249,
813,64.0,Male,Boots,Footwear,56,Alaska,M,Olive,Summer,,Yes,PayPal,Standard,Yes,Yes,32,Credit Card,Weekly,,2024-01-01 00:00:00,250,
3515,25.0,Female,Sneakers,Footwear,50,Georgia,XL,Gray,Winter,4.7,No,Venmo,Express,No,No,32,Cash,Monthly,,2024-01-01 00:00:00,251,
2958,69.0,Female,Jewelry,Accessories,70,South Dakota,S,Gray,Fall,4.7,No,Cash,Standard,,No,2,Cash,Annually,,2024-01-01 00:00:00,252,
1234,46.0,,Pants,Clothing,73,Utah,L,Beige,Winter,3.5,No,Cash,Next Day Air,Yes,Yes,40,Venmo,Every 3 Months,,2024-01-01 00:00:00,253,
1753,34.0,Male,Boots,Footwear,29,South Dakota,L,Blue,Winter,3.3,No,Debit Card,Store Pickup,No,No,14,Venmo,Quarterly,,2024-01-01 00:00:00,254,
2790,28.0,Female,Sweater,Clothing,85,North Carolina,L,Orange,Fall,5.0,No,Cash,Express,No,No,28,Credit Card,Bi-Weekly,,2024-01-01 00:00:00,255,
2788,36.0,Female,Boots,Footwear,79,West Virginia,XL,Pink,Spring,4.1,No,Cash,Next Day Air,No,No,4,Venmo,Fortnightly,,2024-01-01 00:00:00,256,
1136,65.0,Male,Skirt,Clothing,90,Massachusetts,L,Peach,Winter,3.6,No,PayPal,2-Day Shipping,Yes,Yes,32,Bank Transfer,Quarterly,,2024-01-01 00:00:00,257,
100,26.0,Male,Hoodie,Clothing,40,Missouri,XL,Indigo,Summer,3.7,Yes,Cash,Express,,Yes,33,Debit Card,Quarterly,,2024-01-01 00:00:00,258,
2474,57.0,Male,Socks,Clothing,98,Arkansas,M,Red,Winter,2.6,No,Cash,,No,No,28,Cash,Quarterly,,2024-01-01 00:00:00,259,
3490,48.0,Female,Dress,Clothing,26,Idaho,L,Black,Summer,4.6,No,Bank Transfer,2-Day Shipping,No,No,32,PayPal,Every 3 Months,,2024-01-01 00:00:00,260,
721,33.0,Male,Jewelry,Accessories,62,New Mexico,L,Orange,Fall,3.4,Yes,Bank Transfer,Free Shipping,Yes,Yes,19,Debit Card,Weekly,,2024-01-01 00:00:00,261,
2592,40.0,Male,Jacket,Outerwear,61,New Mexico,S,Olive,Spring,3.3,No,Debit Card,Express,No,No,40,Cash,Quarterly,,2024-01-01 00:00:00,262,
965,42.0,Male,Sandals,Footwear,51,Arizona,M,Beige,Spring,2.6,Yes,Bank Transfer,Next Day Air,Yes,Yes,12,Venmo,Bi-Weekly,,2024-01-01 00:00:00,263,
121,64.0,,Hat,Accessories,84,West Virginia,L,Red,Summer,4.0,Yes,PayPal,Express,Yes,Yes,32,Bank Transfer,Annually,,2024-01-01 00:00:00,264,
1420,43.0,Male,Handbag,Accessories,75,Montana,M,Orange,Summer,2.6,No,Debit Card,Free Shipping,Yes,Yes,4,Debit Card,Quarterly,,2024-01-01 00:00:00,265,
1741,69.0,Male,Pants,Clothing,21,Wisconsin,L,Charcoal,Fall,,,Cash,Next Day Air,No,No,10,Bank Transfer,Every 3 Months,,2024-01-01 00:00:00,266,
157,35.0,Male,Shorts,Clothing,26,,M,Lavender,Fall,4.0,Yes,Venmo,Standard,Yes,Yes,40,Debit Card,Annually,,2024-01-01 00:00:00,267,
2632,53.0,Male,Skirt,Clothing,44,Connecticut,S,Violet,Summer,2.7,No,PayPal,Express,No,No,3,Cash,Weekly,,2024-01-01 00:00:00,268,
1264,41.0,Male,Hoodie,Clothing,70,Delaware,L,Brown,Winter,4.6,No,Bank Transfer,2-Day Shipping,Yes,Yes,1,Credit Card,Bi-Weekly,,2024-01-01 00:00:00,269,
3036,69.0,Female,Handbag,Accessories,64,Kentucky,M,Gold,Spring,4.5,No,Bank Transfer,Free Shipping,No,No,18,Cash,Bi-Weekly,,2024-01-01 00:00:00,270,
1601,20.0,Male,Boots,Footwear,26,Montana,S,Yellow,Spring,4.7,No,PayPal,Next Day Air,Yes,Yes,24,PayPal,Weekly,,2024-01-01 00:00:00,271,
3819,70.0,FEMALE,Sneakers,Footwear,41,Oregon,XL,Indigo,Winter,3.8,No,Credit Card,,No,No,42,Cash,Monthly,,2024-01-01 00:00:00,272,
1838,41.0,Male,Hat,Accessories,77,Montana,M,Beige,Winter,4.8,No,PayPal,Free Shipping,No,No,8,Venmo,Monthly,,2024-01-01 00:00:00,273,
241,47.0,Male,Sweater,Clothing,45,Montana,XL,Turquoise,Winter,,Yes,Credit Card,Free Shipping,Yes,Yes,29,Bank Transfer,Fortnightly,,2024-01-01 00:00:00,274,
1617,26.0,male,Hat,Accessories,41,Colorado,M,Green,Spring,3.4,No,Bank Transfer,Standard,Yes,Yes,50,Cash,Quarterly,,2024-01-01 00:00:00,275,
1816,51.0,male,Shoes,Footwear,72,New Mexico,L,White,Winter,4.5,,Venmo,2-Day Shipping,No,No,48,Credit Card,Every 3 Months,,2024-01-01 00:00:00,276,
3277,39.0,Female,Scarf,Accessories,99,South Dakota,M,White,Summer,4.0,No,Credit Card,Store Pickup,No,No,41,PayPal,Every 3 Months,,2024-01-01 00:00:00,277,
3728,41.0,,Socks,Clothing,83,Maine,M,Gold,Summer,3.5,No,Credit Card,Next Day Air,No,No,17,Debit Card,Bi-Weekly,,2024-01-01 00:00:00,278,
3408,46.0,FEMALE,Dress,Clothing,46,Alabama,S,Purple,Spring,2.6,No,Bank Transfer,,No,No,20,Cash,Quarterly,,2024-01-01 00:00:00,279,
1992,46.0,male,Sneakers,Footwear,29,Missouri,M,Brown,Summer,3.7,No,Venmo,Next Day Air,No,No,1,Venmo,Every 3 Months,,2024-01-01 00:00:00,280,
1321,56.0,Male,Hat,Accessories,31,California,XL,Teal,Fall,3.1,No,PayPal,Free Shipping,Yes,Yes,19,Debit Card,Annually,,2024-01-01 00:00:00,281,
2723,23.0,Female,Hat,Accessories,83,Maine,M,Green,Spring,2.8,No,PayPal,2-Day Shipping,No,No,22,PayPal,Fortnightly,,2024-01-01 00:00:00,282,
1778,18.0,Male,Sneakers,Footwear,44,Minnesota,L,Purple,Winter,4.7,No,Cash,Free Shipping,,No,4,Cash,Fortnightly,,2024-01-01 00:00:00,283,
3429,32.0,Female,Jewelry,Accessories,69,Washington,M,Gray,Fall,2.5,No,Debit Card,,No,No,20,Venmo,Monthly,,2024-01-01 00:00:00,284,
1107,,Male,Skirt,Clothing,96,Minnesota,L,Violet,Winter,3.6,No,Credit Card,Store Pickup,Yes,Yes,12,Venmo,Fortnightly,,2024-01-01 00:00:00,285,
2164,52.0,Male,Shoes,Footwear,60,New York,L,Gray,Spring,4.5,No,Bank Transfer,Express,No,No,44,Bank Transfer,Monthly,,2024-01-01 00:00:00,286,
458,25.0,Male,Gloves,Accessories,99,Rhode Island,M,Blue,Spring,4.9,Yes,Credit Card,Next Day Air,Yes,Yes,48,Debit Card,Every 3 Months,,2024-01-01 00:00:00,287,
2112,41.0,male,Sunglasses,Accessories,85,Missouri,XL,Pink,Spring,2.6,No,Credit Card,Free Shipping,No,No,15,Bank Transfer,Annually,,2024-01-01 00:00:00,288,
3808,38.0,Female,Blouse,Clothing,39,Michigan,L,Peach,Spring,2.9,No,PayPal,Next Day Air,No,No,36,PayPal,Annually,,2024-01-01 00:00:00,289,
3226,,Female,Blouse,Clothing,98,New Hampshire,M,Pink,Fall,3.0,No,Credit Card,Store Pickup,No,No,31,Credit Card,Weekly,,2024-01-01 00:00:00,290,
1019,,Male,Dress,Clothing,70,Georgia,XL,Charcoal,Spring,4.9,Yes,Credit Card,Next Day Air,Yes,Yes,46,Cash,Weekly,,2024-01-01 00:00:00,291,
2019,60.0,male,Backpack,Accessories,97,Arkansas,S,Gold,Fall,4.5,No,Debit Card,Store Pickup,No,No,20,Bank Transfer,Weekly,,2024-01-01 00:00:00,292,
2600,63.0,Male,Jewelry,Accessories,99,Vermont,M,Gold,Winter,3.4,,Credit Card,Express,No,No,48,Credit Card,Monthly,,2024-01-01 00:00:00,293,
3205,57.0,Female,Jacket,Outerwear,92,New Mexico,XL,Lavender,Fall,4.3,No,Credit Card,Free Shipping,No,No,23,Debit Card,Bi-Weekly,,2024-01-01 00:00:00,294,
52,59.0,Male,Skirt,Clothing,59,Vermont,XL,Gray,Winter,4.7,Yes,PayPal,2-Day Shipping,Yes,Yes,7,Credit Card,Quarterly,,2024-01-01 00:00:00,295,
565,67.0,Male,Hoodie,Clothing,58,Florida,M,Olive,Winter,3.4,Yes,Cash,,Yes,Yes,30,Bank Transfer,Weekly,,2024-01-01 00:00:00,296,
2649,51.0,Male,Pants,Clothing,84,Illinois,M,Gray,Spring,3.9,No,Venmo,Next Day Air,No,No,14,PayPal,Bi-Weekly,,2024-01-01 00:00:00,297,
74,48.0,Male,Pants,Clothing,85,Hawaii,M,Teal,Spring,2.7,Yes,Debit Card,Free Shipping,Yes,Yes,43,Bank Transfer,Bi-Weekly,,2024-01-01 00:00:00,298,
2781,33.0,Female,Boots,Footwear,70,Ohio,M,Charcoal,Winter,4.1,No,Bank Transfer,Next Day Air,No,No,29,PayPal,Fortnightly,,2024-01-01 00:00:00,299,
1378,33.0,Male,Sunglasses,Accessories,54,Maryland,L,Olive,Spring,,No,Credit Card,Next Day Air,Yes,Yes,42,Venmo,Monthly,,2024-01-01 00:00:00,300,
1462,54.0,Male,Sunglasses,Accessories,95,Oregon,S,Red,Summer,5.0,No,PayPal,2-Day Shipping,Yes,Yes,42,Venmo,Quarterly,,2024-01-01 00:00:00,301,
3719,36.0,Female,Pants,Clothing,50,Tennessee,L,Turquoise,Fall,2.9,No,Credit Card,Standard,No,No,44,Bank Transfer,Bi-Weekly,,2024-01-01 00:00:00,302,
394,33.0,Male,Shoes,Footwear,65,Vermont,L,Maroon,Fall,4.2,Yes,Credit Card,Standard,Yes,Yes,6,PayPal,Fortnightly,,2024-01-01 00:00:00,303,
1948,59.0,Male,Shirt,Clothing,32,New York,M,Gray,Summer,2.6,No,Debit Card,Store Pickup,,No,2,PayPal,Monthly,,2024-01-01 00:00:00,304,
3173,57.0,Female,Socks,Clothing,52,Missouri,M,Olive,Fall,3.7,No,Venmo,Standard,No,No,30,Debit Card,Bi-Weekly,,2024-01-01 00:00:00,305,
3809,33.0,Female,Socks,Clothing,28,Washington,M,Pink,Winter,4.7,No,Venmo,Express,,No,6,Debit Card,Bi-Weekly,,2024-01-01 00:00:00,306,
2841,40.0,Female,T-shirt,Clothing,47,West Virginia,L,Pink,Spring,3.5,No,Bank Transfer,Store Pickup,No,No,41,Cash,Annually,,2024-01-01 00:00:00,307,
949,49.0,Male,Hat,Accessories,90,Alabama,L,Olive,Summer,4.9,Yes,Venmo,Express,Yes,Yes,11,Venmo,Every 3 Months,,2024-01-01 00:00:00,308,
158,36.0,Male,Hat,Accessories,68,Vermont,S,Yellow,Fall,,Yes,Debit Card,Next Day Air,,Yes,1,Bank Transfer,Fortnightly,,2024-01-01 00:00:00,309,
1024,61.0,Male,Sunglasses,Accessories,71,Maine,S,Turquoise,Winter,3.5,Yes,Bank Transfer,Free Shipping,Yes,Yes,29,Bank Transfer,Every 3 Months,,2024-01-01 00:00:00,310,
1581,65.0,Male,Sneakers,Footwear,71,North Dakota,L,Cyan,Summer,3.7,No,Credit Card,Standard,Yes,Yes,30,Cash,Annually,,2024-01-01 00:00:00,311,
53,,Male,T-shirt,Clothing,20,,M,Green,Summer,2.6,Yes,Credit Card,Free Shipping,Yes,Yes,26,Credit Card,Weekly,,2024-01-01 00:00:00,312,
1238,25.0,,Dress,Clothing,92,Michigan,S,Charcoal,Spring,4.4,No,Credit Card,2-Day Shipping,Yes,Yes,42,Credit Card,Quarterly,,2024-01-01 00:00:00,313,
221,39.0,Male,Sneakers,Footwear,57,Arizona,S,Indigo,Spring,3.7,Yes,Debit Card,Express,Yes,Yes,48,Debit Card,Fortnightly,,2024-01-01 00:00:00,314,
2495,42.0,Male,Shoes,Footwear,27,Oklahoma,S,Peach,Winter,2.6,No,PayPal,Store Pickup,No,No,26,Debit Card,Annually,,2024-01-01 00:00:00,315,
27,38.0,Male,Jewelry,Accessories,20,Nevada,M,Red,Spring,3.6,Yes,Cash,Next Day Air,Yes,Yes,13,Credit Card,Annually,,2024-01-01 00:00:00,316,
367,64.0,male,Socks,Clothing,36,Nebraska,M,Turquoise,Spring,3.5,Yes,Bank Transfer,Store Pickup,Yes,Yes,37,Venmo,Fortnightly,,2024-01-01 00:00:00,317,
1973,54.0,Male,Backpack,Accessories,31,Louisiana,M,Silver,Summer,,No,Debit Card,,No,No,48,PayPal,Every 3 Months,,2024-01-01 00:00:00,318,
215,24.0,Male,Jacket,Outerwear,50,,L,Blue,Summer,4.2,Yes,Cash,Next Day Air,Yes,Yes,41,Cash,Every 3 Months,,2024-01-01 00:00:00,319,
2068,60.0,Male,Pants,Clothing,21,Maryland,XL,Beige,Fall,3.1,No,Cash,2-Day Shipping,No,No,23,Cash,Fortnightly,,2024-01-01 00:00:00,320,
487,38.0,Male,Sandals,Footwear,63,New Mexico,M,Charcoal,Fall,2.8,Yes,Debit Card,,Yes,Yes,37,Venmo,Every 3 Months,,2024-01-01 00:00:00,321,
3096,62.0,Female,Hat,Accessories,53,Minnesota,S,Beige,Fall,3.4,No,Cash,Standard,No,No,13,Venmo,Fortnightly,,2024-01-01 00:00:00,322,
1507,35.0,Male,Shirt,Clothing,30,South Carolina,L,Beige,Fall,3.0,No,Venmo,2-Day Shipping,Yes,Yes,44,PayPal,Quarterly,,2024-01-01 00:00:00,323,
986,32.0,Male,Handbag,Accessories,80,West Virginia,M,Gray,Fall,,Yes,Credit Card,Express,Yes,Yes,12,Bank Transfer,Annually,,2024-01-01 00:00:00,324,
322,41.0,Male,Sneakers,Footwear,36,Vermont,L,Orange,Summer,4.7,Yes,Credit Card,Free Shipping,Yes,Yes,48,Debit Card,Quarterly,,2024-01-01 00:00:00,325,
2399,65.0,Male,Jacket,Outerwear,81,Florida,M,Orange,Winter,4.3,No,PayPal,Free Shipping,No,No,44,Bank Transfer,Fortnightly,,2024-01-01 00:00:00,326,
3286,58.0,Female,Hat,Accessories,31,Hawaii,XL,Magenta,Fall,4.6,No,PayPal,Free Shipping,No,No,11,Cash,Weekly,,2024-01-01 00:00:00,327,
1489,23.0,Male,Hat,Accessories,44,Hawaii,L,Pink,Winter,4.0,No,Venmo,Standard,Yes,Yes,37,Credit Card,Weekly,,2024-01-01 00:00:00,328,
2953,50.0,Female,Belt,Accessories,24,Alabama,M,Peach,Spring,4.9,No,PayPal,Next Day Air,No,No,5,Debit Card,Monthly,,2024-01-01 00:00:00,329,
2190,38.0,Male,Blouse,Clothing,94,Wisconsin,XL,Brown,Fall,4.0,No,PayPal,,No,No,47,Credit Card,Bi-Weekly,,2024-01-01 00:00:00,330,
2352,38.0,Male,Sweater,Clothing,50,New Hampshire,S,Cyan,Fall,4.9,No,Credit Card,Store Pickup,No,No,25,PayPal,Bi-Weekly,,2024-01-01 00:00:00,331,
2064,,Male,Shorts,Clothing,86,Indiana,M,Cyan,Fall,2.9,No,Venmo,Standard,No,No,32,Cash,Monthly,,2024-01-01 00:00:00,332,
3718,45.0,Female,T-shirt,Clothing,85,Maryland,XL,White,Summer,4.2,No,Venmo,Express,No,No,47,Bank Transfer,Every 3 Months,,2024-01-01 00:00:00,333,
880,,Male,Skirt,Clothing,76,Wyoming,S,Lavender,Spring,4.1,Yes,Credit Card,Free Shipping,Yes,Yes,14,PayPal,Quarterly,,2024-01-01 00:00:00,334,
2489,,Male,Handbag,Accessories,82,New Hampshire,XL,Charcoal,Summer,4.4,No,Credit Card,Express,No,No,30,PayPal,Monthly,,2024-01-01 00:00:00,335,
45,39.0,Male,Hat,Accessories,53,Kentucky,S,Silver,Summer,4.6,Yes,Bank Transfer,Free Shipping,Yes,Yes,45,PayPal,Weekly,,2024-01-01 00:00:00,336,
3291,52.0,FEMALE,Coat,Outerwear,82,North Dakota,L,Black,Spring,3.1,No,Bank Transfer,Free Shipping,No,No,2,PayPal,Monthly,,2024-01-01 00:00:00,337,
464,37.0,male,Jewelry,Accessories,81,Georgia,S,Orange,Summer,2.7,Yes,Venmo,Standard,Yes,Yes,29,Venmo,Weekly,,2024-01-01 00:00:00,338,
2921,33.0,Female,Sunglasses,Accessories,72,Texas,XL,Brown,Spring,4.9,,Venmo,Free Shipping,No,No,3,Debit Card,Bi-Weekly,,2024-01-01 00:00:00,339,
2766,64.0,Female,Gloves,Accessories,70,Colorado,M,Purple,Summer,4.3,No,Cash,2-Day Shipping,No,No,24,Credit Card,Quarterly,,2024-01-01 00:00:00,340,
1002,61.0,Male,Dress,Clothing,60,Washington,M,Orange,Fall,3.6,Yes,Credit Card,Standard,Yes,Yes,4,Debit Card,Fortnightly,,2024-01-01 00:00:00,341,
1023,61.0,Male,Handbag,Accessories,41,Nebraska,M,Lavender,Winter,4.9,Yes,Cash,Store Pickup,,Yes,7,Cash,Annually,,2024-01-01 00:00:00,342,
595,35.0,male,Hoodie,Clothing,83,Oklahoma,S,Brown,Winter,,Yes,Cash,Next Day Air,,Yes,6,Debit Card,Monthly,,2024-01-01 00:00:00,343,
804,32.0,male,Shorts,Clothing,38,Connecticut,L,Silver,Winter,2.8,Yes,Credit Card,Express,,Yes,30,Venmo,Every 3 Months,,2024-01-01 00:00:00,344,
1124,36.0,Male,Hat,Accessories,67,Massachusetts,S,Purple,Fall,2.5,No,Debit Card,Store Pickup,Yes,Yes,38,Cash,Monthly,,2024-01-01 00:00:00,345,
1106,33.0,Male,T-shirt,Clothing,83,Massachusetts,S,Olive,Spring,3.0,No,Credit Card,Next Day Air,Yes,Yes,6,Venmo,Every 3 Months,,2024-01-01 00:00:00,346,
2156,,Male,Handbag,Accessories,51,Hawaii,L,Yellow,Fall,3.7,No,Debit Card,Store Pickup,No,No,46,PayPal,Monthly,,2024-01-01 00:00:00,347,
2644,49.0,Male,Gloves,Accessories,41,Maryland,S,Silver,Spring,2.9,No,Credit Card,Next Day Air,No,No,37,Cash,Monthly,,2024-01-01 00:00:00,348,
502,64.0,Male,Boots,Footwear,45,Florida,M,Cyan,Spring,2.9,Yes,Debit Card,Next Day Air,Yes,Yes,21,Venmo,Annually,,2024-01-01 00:00:00,349,
1361,56.0,male,Skirt,Clothing,43,Alabama,L,Black,Fall,2.8,No,Bank Transfer,Express,Yes,Yes,4,Bank Transfer,Annually,,2024-01-01 00:00:00,350,
3383,34.0,Female,Sweater,Clothing,35,Nebraska,M,Maroon,Spring,2.8,No,Bank Transfer,Express,No,No,2,Bank Transfer,Weekly,,2024-01-01 00:00:00,351,
257,58.0,Male,Jewelry,Accessories,30,South Dakota,XL,Violet,Spring,4.7,Yes,Venmo,Express,Yes,Yes,20,Credit Card,Every 3 Months,,2024-01-01 00:00:00,352,
1035,68.0,Male,Socks,Clothing,29,Maryland,M,Olive,Fall,4.2,,Venmo,Next Day Air,Yes,Yes,44,Bank Transfer,Weekly,,2024-01-01 00:00:00,353,
2321,28.0,Male,Shoes,Footwear,55,New Mexico,M,Olive,Spring,3.7,No,Credit Card,Free Shipping,,No,9,Debit Card,Every 3 Months,,2024-01-01 00:00:00,354,
1491,66.0,Male,Sneakers,Footwear,52,,L,Olive,Spring,,No,Venmo,Express,Yes,Yes,15,Venmo,Bi-Weekly,,2024-01-01 00:00:00,355,
3123,,Female,Socks,Clothing,45,Georgia,M,Pink,Fall,3.0,,Debit Card,Express,No,No,34,Credit Card,Fortnightly,,2024-01-01 00:00:00,356,
970,40.0,Male,Coat,Outerwear,31,California,S,Pink,Fall,3.2,Yes,Debit Card,Express,Yes,Yes,37,PayPal,Monthly,,2024-01-01 00:00:00,357,
2251,41.0,Male,Shoes,Footwear,89,Colorado,L,Pink,Summer,4.6,No,Venmo,Store Pickup,No,No,19,Credit Card,Weekly,,2024-01-01 00:00:00,358,
1733,45.0,Male,Belt,Accessories,50,Rhode Island,S,Charcoal,Winter,2.6,No,Cash,Free Shipping,No,No,36,Cash,Every 3 Months,,2024-01-01 00:00:00,359,
545,34.0,male,Sandals,Footwear,64,Washington,S,Yellow,Summer,3.3,Yes,Cash,Standard,Yes,Yes,30,Bank Transfer,Every 3 Months,,2024-01-01 00:00:00,360,
1279,28.0,male,Shorts,Clothing,98,Utah,M,Violet,Fall,2.8,No,Credit Card,Next Day Air,Yes,Yes,31,Venmo,Fortnightly,,2024-01-01 00:00:00,361,
2317,28.0,Male,Sneakers,Footwear,39,Montana,L,Yellow,Winter,3.8,No,Credit Card,Standard,No,No,7,Debit Card,Annually,,2024-01-01 00:00:00,362,
2485,60.0,Male,Hoodie,Clothing,97,New Hampshire,M,Green,Summer,,No,Bank Transfer,2-Day Shipping,No,No,50,Cash,Every 3 Months,,2024-01-01 00:00:00,363,
292,57.0,Male,Dress,Clothing,26,Delaware,XL,Violet,Fall,,Yes,Credit Card,Next Day Air,Yes,Yes,40,Bank Transfer,Monthly,,2024-01-01 00:00:00,364,
747,40.0,Male,Sandals,Footwear,45,Michigan,M,Red,Winter,2.5,Yes,Debit Card,Free Shipping,Yes,Yes,47,Credit Card,Annually,,2024-01-01 00:00:00,365,
1628,69.0,Male,Sunglasses,Accessories,21,Maine,M,Olive,Winter,2.9,No,Venmo,Next Day Air,Yes,Yes,8,Credit Card,Annually,,2024-01-01 00:00:00,366,
135,43.0,Male,Hat,Accessories,94,Texas,L,Gray,Fall,4.9,Yes,Credit Card,Store Pickup,Yes,Yes,25,Cash,Monthly,,2024-01-01 00:00:00,367,
3489,62.0,Female,Sweater,Clothing,27,Delaware,XL,Teal,Spring,4.9,No,Cash,Store Pickup,No,No,7,Cash,Quarterly,,2024-01-01 00:00:00,368,
808,27.0,Male,T-shirt,Clothing,89,New York,S,Brown,Winter,3.3,Yes,Bank Transfer,Express,Yes,Yes,15,Credit Card,Weekly,,2024-01-01 00:00:00,369,
2131,25.0,Male,Backpack,Accessories,68,Arizona,L,Violet,Summer,,No,Debit Card,Free Shipping,No,No,33,Credit Card,Annually,,2024-01-01 00:00:00,370,
1974,,Male,Skirt,Clothing,20,Maryland,XL,Red,Fall,4.5,No,Debit Card,Standard,No,No,9,Venmo,Every 3 Months,,2024-01-01 00:00:00,371,
264,27.0,,Shorts,Clothing,46,Iowa,M,Purple,Summer,,Yes,Credit Card,Store Pickup,Yes,Yes,29,Venmo,Monthly,,2024-01-01 00:00:00,372,
1939,46.0,Male,Jeans,Clothing,23,Kentucky,L,Blue,Spring,3.8,No,Bank Transfer,Standard,No,No,39,Debit Card,Bi-Weekly,,2024-01-01 00:00:00,373,
2217,41.0,male,Pants,Clothing,36,Vermont,XL,Silver,Winter,4.0,No,Credit Card,Store Pickup,No,No,15,Venmo,Bi-Weekly,,2024-01-01 00:00:00,374,
491,57.0,Male,Sneakers,Footwear,42,Colorado,M,Silver,Winter,4.2,Yes,PayPal,2-Day Shipping,Yes,Yes,47,Cash,Monthly,,2024-01-01 00:00:00,375,
1905,22.0,Male,T-shirt,Clothing,71,Nevada,S,Silver,Spring,,No,PayPal,Free Shipping,No,No,46,Cash,Monthly,,2024-01-01 00:00:00,376,
1030,,Male,Gloves,Accessories,22,Ohio,M,Purple,Spring,3.6,Yes,Credit Card,2-Day Shipping,Yes,Yes,33,Venmo,Bi-Weekly,,2024-01-01 00:00:00,377,
57,41.0,Male,Backpack,Accessories,73,Mississippi,XL,Brown,Summer,4.7,Yes,PayPal,Store Pickup,,Yes,46,Credit Card,Weekly,,2024-01-01 00:00:00,378,
933,62.0,Male,Skirt,Clothing,24,Indiana,L,Blue,Winter,3.2,Yes,Venmo,Standard,Yes,Yes,45,Debit Card,Bi-Weekly,,2024-01-01 00:00:00,379,
2370,24.0,male,Sweater,Clothing,23,,M,Cyan,Winter,,No,Debit Card,Standard,No,No,24,PayPal,Monthly,,2024-01-01 00:00:00,380,
1583,28.0,Male,Belt,Accessories,41,Hawaii,L,Red,Spring,2.5,No,Cash,Next Day Air,Yes,Yes,39,Cash,Monthly,,2024-01-01 00:00:00,381,
2005,44.0,Male,Shoes,Footwear,70,Georgia,L,Blue,Fall,3.2,No,Cash,2-Day Shipping,No,No,13,Cash,Bi-Weekly,,2024-01-01 00:00:00,382,
1809,67.0,male,Jacket,Outerwear,71,Tennessee,M,Lavender,Spring,4.3,No,Credit Card,Next Day Air,No,No,7,Debit Card,Monthly,,2024-01-01 00:00:00,383,
3084,22.0,Female,Pants,Clothing,20,Illinois,S,Purple,Summer,3.5,No,Venmo,,No,No,28,PayPal,Quarterly,,2024-01-01 00:00:00,384,
556,63.0,Male,Gloves,Accessories,57,Maine,M,White,Fall,4.8,Yes,Bank Transfer,Express,Yes,Yes,37,Venmo,Annually,,2024-01-01 00:00:00,385,
3275,46.0,FEMALE,Sweater,Clothing,20,Oklahoma,M,Cyan,Spring,3.9,No,Credit Card,Store Pickup,No,No,14,Cash,Fortnightly,,2024-01-01 00:00:00,386,
1502,37.0,Male,Jeans,Clothing,55,Alaska,XL,Silver,Spring,2.7,No,Bank Transfer,Standard,Yes,Yes,13,Debit Card,Every 3 Months,,2024-01-01 00:00:00,387,
2231,52.0,Male,Sneakers,Footwear,36,Colorado,S,Teal,Spring,3.8,No,Debit Card,Express,,No,33,Venmo,Fortnightly,,2024-01-01 00:00:00,388,
1745,57.0,,Sunglasses,Accessories,63,Michigan,L,Teal,Winter,3.0,,PayPal,Standard,No,No,23,PayPal,Weekly,,2024-01-01 00:00:00,389,
2358,53.0,Male,Shirt,Clothing,67,Michigan,L,Cyan,Fall,4.2,,Bank Transfer,2-Day Shipping,No,No,40,Credit Card,Bi-Weekly,,2024-01-01 00:00:00,390,
403,31.0,Male,Backpack,Accessories,78,California,L,Cyan,Fall,3.0,Yes,PayPal,Express,Yes,Yes,26,PayPal,Monthly,,2024-01-01 00:00:00,391,
171,52.0,Male,Shirt,Clothing,25,Wyoming,M,Maroon,Fall,2.6,Yes,Venmo,,Yes,Yes,46,Venmo,Bi-Weekly,,2024-01-01 00:00:00,392,
539,27.0,Male,Socks,Clothing,22,Virginia,XL,Green,Spring,,Yes,PayPal,Free Shipping,Yes,Yes,43,Cash,Weekly,,2024-01-01 00:00:00,393,
3857,39.0,Female,Sandals,Footwear,78,,S,Brown,Summer,,No,PayPal,Free Shipping,No,No,8,Debit Card,Quarterly,,2024-01-01 00:00:00,394,
2813,66.0,Female,Hoodie,Clothing,91,North Dakota,XL,Magenta,Fall,3.8,No,Debit Card,Store Pickup,No,No,1,Credit Card,Every 3 Months,,2024-01-01 00:00:00,395,
1565,22.0,Male,Backpack,Accessories,33,California,XL,Turquoise,Summer,4.5,No,Cash,Next Day Air,Yes,Yes,30,Debit Card,Every 3 Months,,2024-01-01 00:00:00,396,
1603,54.0,Male,Sunglasses,Accessories,48,West Virginia,S,Charcoal,Winter,2.8,No,Credit Card,Free Shipping,Yes,Yes,13,Venmo,Fortnightly,,2024-01-01 00:00:00,397,
1477,39.0,Male,Hat,Accessories,56,Wyoming,M,Magenta,Fall,4.1,No,Credit Card,Next Day Air,Yes,Yes,18,Credit Card,Monthly,,2024-01-01 00:00:00,398,
189,50.0,Male,Hoodie,Clothing,53,Arkansas,M,Pink,Spring,3.1,Yes,Credit Card,Express,Yes,Yes,5,Bank Transfer,Bi-Weekly,,2024-01-01 00:00:00,399,
13,61.0,Male,Coat,Outerwear,72,Delaware,M,Gold,Winter,,Yes,PayPal,Express,Yes,Yes,37,Venmo,Fortnightly,,2024-01-01 00:00:00,400,
569,44.0,Male,Pants,Clothing,88,,L,Red,Summer,4.0,Yes,Bank Transfer,Free Shipping,Yes,Yes,36,PayPal,Monthly,,2024-01-01 00:00:00,401,
323,41.0,Male,Belt,Accessories,95,Tennessee,S,Cyan,Winter,3.0,Yes,Credit Card,Standard,Yes,Yes,47,Credit Card,Monthly,,2024-01-01 00:00:00,402,
599,21.0,,Dress,Clothing,66,California,L,Green,Winter,3.2,Yes,Credit Card,2-Day Shipping,Yes,Yes,30,Cash,Every 3 Months,,2024-01-01 00:00:00,403,
3444,47.0,Female,Dress,Clothing,24,Tennessee,L,Silver,Summer,5.0,No,PayPal,Free Shipping,No,No,28,Cash,Bi-Weekly,,2024-01-01 00:00:00,404,
753,39.0,male,Scarf,Accessories,85,Ohio,L,Yellow,Fall,4.2,Yes,Cash,2-Day Shipping,Yes,Yes,17,PayPal,Every 3 Months,,2024-01-01 00:00:00,405,
2038,39.0,Male,Belt,Accessories,87,Illinois,S,Green,Summer,4.3,No,Cash,Express,No,No,7,Venmo,Bi-Weekly,,2024-01-01 00:00:00,406,
1271,,Male,Hoodie,Clothing,98,West Virginia,M,Green,Fall,3.3,No,Cash,Standard,,Yes,20,Cash,Annually,,2024-01-01 00:00:00,407,
3387,34.0,FEMALE,T-shirt,Clothing,62,Michigan,M,Lavender,Fall,2.6,No,Debit Card,2-Day Shipping,No,No,36,Cash,Quarterly,,2024-01-01 00:00:00,408,
1737,57.0,Male,Shorts,Clothing,61,Tennessee,M,Purple,Summer,2.6,No,Cash,2-Day Shipping,No,No,43,Cash,Quarterly,,2024-01-01 00:00:00,409,
777,49.0,Male,Shirt,Clothing,60,Alabama,M,Maroon,Spring,5.0,Yes,PayPal,Standard,Yes,Yes,8,Venmo,Every 3 Months,,2024-01-01 00:00:00,410,
2970,36.0,Female,Belt,Accessories,62,Vermont,S,Blue,Fall,4.3,No,Bank Transfer,Next Day Air,No,No,20,Cash,Every 3 Months,,2024-01-01 00:00:00,411,
1614,26.0,Male,Jewelry,Accessories,31,Illinois,S,Black,Summer,4.0,No,Credit Card,Next Day Air,,Yes,6,Credit Card,Fortnightly,,2024-01-01 00:00:00,412,
3308,18.0,Female,Scarf,Accessories,36,Pennsylvania,S,Green,Winter,4.0,No,Credit Card,Store Pickup,No,No,1,Cash,Monthly,,2024-01-01 00:00:00,413,
2764,28.0,Female,Handbag,Accessories,52,West Virginia,M,Green,Fall,2.9,No,Venmo,,No,No,35,Venmo,Quarterly,,2024-01-01 00:00:00,414,
2971,24.0,FEMALE,Jewelry,Accessories,74,Kansas,M,White,Winter,3.4,No,Bank Transfer,Free Shipping,No,No,44,Credit Card,Bi-Weekly,,2024-01-01 00:00:00,415,
1111,28.0,Male,Hoodie,Clothing,61,Texas,L,Cyan,Fall,3.0,No,Debit Card,Standard,Yes,Yes,31,Cash,Bi-Weekly,,2024-01-01 00:00:00,416,
3672,62.0,Female,Handbag,Accessories,66,Illinois,L,Pink,Summer,,No,Bank Transfer,2-Day Shipping,,No,20,Venmo,Quarterly,,2024-01-01 00:00:00,417,
3600,37.0,Female,Scarf,Accessories,34,Kansas,S,Peach,Spring,4.6,No,Cash,Express,No,No,4,Cash,Weekly,,2024-01-01 00:00:00,418,
2624,49.0,Male,Shoes,Footwear,76,Massachusetts,M,Gold,Fall,4.8,No,Cash,Next Day Air,No,No,38,Cash,Annually,,2024-01-01 00:00:00,419,
239,64.0,Male,Skirt,Clothing,34,Ohio,M,Peach,Fall,4.2,Yes,Debit Card,Free Shipping,Yes,Yes,5,Cash,Annually,,2024-01-01 00:00:00,420,
175,41.0,Male,Shoes,Footwear,35,Vermont,L,Brown,Winter,3.5,Yes,Venmo,Express,Yes,Yes,37,Venmo,Annually,,2024-01-01 00:00:00,421,
3209,61.0,Female,Jewelry,Accessories,30,Indiana,L,Indigo,Winter,3.3,No,PayPal,,No,No,42,PayPal,Weekly,,2024-01-01 00:00:00,422,
2581,43.0,Male,Jeans,Clothing,29,Massachusetts,S,Turquoise,Summer,3.6,No,Cash,Store Pickup,No,No,13,Bank Transfer,Quarterly,,2024-01-01 00:00:00,423,
2528,19.0,Male,Pants,Clothing,36,Illinois,M,Gold,Fall,3.6,No,Cash,Express,No,No,33,Bank Transfer,Every 3 Months,,2024-01-01 00:00:00,424,
1374,18.0,male,Gloves,Accessories,40,Virginia,L,Turquoise,Winter,2.6,,Credit Card,Store Pickup,Yes,Yes,6,Cash,Quarterly,,2024-01-01 00:00:00,425,
2579,54.0,Male,Sunglasses,Accessories,48,Vermont,M,Purple,Fall,3.9,No,Bank Transfer,Free Shipping,No,No,3,Cash,Quarterly,,2024-01-01 00:00:00,426,
1567,48.0,Male,Sneakers,Footwear,99,Wyoming,S,Green,Winter,3.0,No,Credit Card,Free Shipping,Yes,Yes,21,Cash,Bi-Weekly,,2024-01-01 00:00:00,427,
1393,31.0,Male,Gloves,Accessories,46,Arkansas,M,Yellow,Spring,4.2,No,Debit Card,Express,Yes,Yes,34,Venmo,Every 3 Months,,2024-01-01 00:00:00,428,
786,46.0,Male,Shorts,Clothing,62,Louisiana,S,Purple,Spring,4.0,Yes,Bank Transfer,Next Day Air,Yes,Yes,37,PayPal,Fortnightly,,2024-01-01 00:00:00,429,
411,29.0,Male,Sweater,Clothing,26,Virginia,L,Lavender,Spring,4.8,Yes,Debit Card,2-Day Shipping,Yes,Yes,1,Credit Card,Quarterly,,2024-01-01 00:00:00,430,
3882,56.0,Female,Scarf,Accessories,25,Georgia,L,Silver,Spring,2.8,No,PayPal,2-Day Shipping,No,No,17,Debit Card,Weekly,,2024-01-01 00:00:00,431,
2367,30.0,Male,Shoes,Footwear,66,New Mexico,L,Brown,Winter,3.6,,PayPal,Express,No,No,32,Credit Card,Fortnightly,,2024-01-01 00:00:00,432,
2299,40.0,Male,Handbag,Accessories,87,Montana,L,Cyan,Spring,2.9,No,PayPal,2-Day Shipping,No,No,10,Cash,Every 3 Months,,2024-01-01 00:00:00,433,
898,29.0,male,Shirt,Clothing,91,Illinois,M,Gray,Spring,3.4,Yes,PayPal,Express,Yes,Yes,46,Venmo,Weekly,,2024-01-01 00:00:00,434,
1118,25.0,,Sunglasses,Accessories,77,California,L,Lavender,Spring,4.5,No,PayPal,Store Pickup,Yes,Yes,24,Credit Card,Monthly,,2024-01-01 00:00:00,435,
3157,18.0,Female,Shirt,Clothing,50,Montana,M,Black,Winter,3.1,No,Cash,2-Day Shipping,No,No,18,Cash,Monthly,,2024-01-01 00:00:00,436,
228,50.0,Male,Jeans,Clothing,90,Rhode Island,M,Turquoise,Winter,4.2,Yes,Venmo,Standard,Yes,Yes,25,Venmo,Fortnightly,,2024-01-01 00:00:00,437,
3663,69.0,Female,Shorts,Clothing,-1,Rhode Island,M,Indigo,Spring,,No,Venmo,Next Day Air,No,No,11,Debit Card,Weekly,,2024-01-01 00:00:00,438,
2416,21.0,Male,Coat,Outerwear,34,Hawaii,XL,Lavender,Fall,4.3,No,Cash,Standard,No,No,30,Bank Transfer,Weekly,,2024-01-01 00:00:00,439,
2721,55.0,FEMALE,Scarf,Accessories,52,Maryland,M,Peach,Spring,2.8,No,Debit Card,Store Pickup,No,No,45,Bank Transfer,Quarterly,,2024-01-01 00:00:00,440,
352,28.0,male,Skirt,Clothing,90,New York,M,Teal,Winter,3.9,Yes,Cash,Standard,Yes,Yes,24,Debit Card,Bi-Weekly,,2024-01-01 00:00:00,441,
1408,56.0,Male,Handbag,Accessories,61,Nevada,XL,Charcoal,Spring,4.5,No,Cash,Express,Yes,Yes,11,Credit Card,Annually,,2024-01-01 00:00:00,442,
1673,18.0,Male,Boots,Footwear,73,South Carolina,L,Gold,Fall,3.8,No,Debit Card,Free Shipping,Yes,Yes,15,Venmo,Quarterly,,2024-01-01 00:00:00,443,
3379,49.0,Female,Shorts,Clothing,75,Minnesota,L,Gold,Fall,4.5,No,PayPal,Next Day Air,No,No,6,Cash,Quarterly,,2024-01-01 00:00:00,444,
1139,18.0,Male,Pants,Clothing,36,Iowa,M,Purple,Summer,4.7,No,Venmo,Express,Yes,Yes,32,Venmo,Fortnightly,,2024-01-01 00:00:00,445,
819,59.0,,Shirt,Clothing,91,Idaho,M,Peach,Winter,4.9,Yes,Cash,Store Pickup,Yes,Yes,34,Debit Card,Monthly,,2024-01-01 00:00:00,446,
2574,54.0,Male,T-shirt,Clothing,90,New Mexico,M,Red,Summer,4.4,,Bank Transfer,Store Pickup,No,No,1,Bank Transfer,Annually,,2024-01-01 00:00:00,447,
2855,36.0,Female,Sandals,Footwear,28,Delaware,M,Beige,Fall,2.7,,Debit Card,Store Pickup,No,No,25,Venmo,Monthly,,2024-01-01 00:00:00,448,
1392,53.0,Male,Blouse,Clothing,29,Mississippi,S,White,Winter,3.6,No,Bank Transfer,Express,Yes,Yes,38,Credit Card,Annually,,2024-01-01 00:00:00,449,
70,48.0,male,Belt,Accessories,70,,S,Cyan,Summer,4.4,Yes,Credit Card,Express,Yes,Yes,5,Cash,Weekly,,2024-01-01 00:00:00,450,
2203,42.0,Male,Dress,Clothing,36,Alabama,M,Red,Summer,4.3,No,PayPal,Next Day Air,No,No,23,Credit Card,Weekly,,2024-01-01 00:00:00,451,
46,50.0,Male,Socks,Clothing,21,Tennessee,XL,Indigo,Fall,2.9,Yes,Venmo,2-Day Shipping,Yes,Yes,25,PayPal,Annually,,2024-01-01 00:00:00,452,
3213,27.0,Female,Sneakers,Footwear,22,Wyoming,M,Indigo,Winter,3.6,No,Bank Transfer,2-Day Shipping,,No,21,Debit Card,Weekly,,2024-01-01 00:00:00,453,
3509,52.0,Female,Pants,Clothing,54,Pennsylvania,M,Gray,Fall,4.7,No,Venmo,Standard,No,No,49,Bank Transfer,Weekly,,2024-01-01 00:00:00,454,
184,58.0,Male,Skirt,Clothing,29,Ohio,XL,Beige,Spring,3.6,Yes,Bank Transfer,2-Day Shipping,Yes,Yes,26,Credit Card,Weekly,,2024-01-01 00:00:00,455,
1000,,Male,Socks,Clothing,28,New Mexico,L,Brown,Spring,2.9,Yes,Venmo,Standard,,Yes,23,Debit Card,Monthly,,2024-01-01 00:00:00,456,
719,22.0,Male,Shirt,Clothing,22,Florida,M,Peach,Summer,4.6,Yes,Bank Transfer,Standard,Yes,Yes,25,Bank Transfer,Annually,,2024-01-01 00:00:00,457,
1262,20.0,Male,Shirt,Clothing,29,Connecticut,L,Maroon,Summer,2.8,No,Venmo,Next Day Air,,Yes,2,Credit Card,Fortnightly,,2024-01-01 00:00:00,458,
1341,40.0,Male,Belt,Accessories,72,Idaho,M,Peach,Fall,4.4,No,Credit Card,Next Day Air,Yes,Yes,5,Debit Card,Every 3 Months,,2024-01-01 00:00:00,459,
2629,25.0,Male,Hoodie,Clothing,51,Wyoming,M,Silver,Summer,3.8,No,Venmo,Next Day Air,No,No,42,Credit Card,Bi-Weekly,,2024-01-01 00:00:00,460,
140,49.0,male,Coat,Outerwear,95,Florida,M,White,Fall,3.8,Yes,Debit Card,Store Pickup,Yes,Yes,30,Venmo,Annually,,2024-01-01 00:00:00,461,
872,47.0,Male,Handbag,Accessories,42,Hawaii,M,Charcoal,Spring,2.6,Yes,Bank Transfer,Next Day Air,,Yes,45,Debit Card,Quarterly,,2024-01-01 00:00:00,462,
3645,35.0,Female,Blouse,Clothing,32,Arkansas,M,Violet,Winter,2.6,No,Cash,Next Day Air,No,No,18,Venmo,Weekly,,2024-01-01 00:00:00,463,
310,66.0,Male,Dress,Clothing,22,Minnesota,M,Yellow,Spring,4.5,Yes,Bank Transfer,Standard,Yes,Yes,21,Cash,Fortnightly,,2024-01-01 00:00:00,464,
267,51.0,Male,Jewelry,Accessories,75,Louisiana,L,White,Summer,3.1,Yes,Cash,Express,Yes,Yes,32,Credit Card,Weekly,,2024-01-01 00:00:00,465,
817,26.0,Male,Sweater,Clothing,24,Illinois,L,Cyan,Summer,3.9,Yes,Credit Card,Store Pickup,Yes,Yes,24,Debit Card,Monthly,,2024-01-01 00:00:00,466,
2180,49.0,Male,Socks,Clothing,82,Delaware,L,Lavender,Fall,2.9,No,Credit Card,Next Day Air,,No,14,PayPal,Monthly,,2024-01-01 00:00:00,467,
3222,21.0,Female,T-shirt,Clothing,76,New Hampshire,M,Yellow,Winter,3.2,No,Credit Card,Standard,No,No,28,Cash,Annually,,2024-01-01 00:00:00,468,
64,33.0,Male,Sunglasses,Accessories,79,,L,Lavender,Winter,,Yes,Credit Card,2-Day Shipping,Yes,Yes,43,Credit Card,Weekly,,2024-01-01 00:00:00,469,
2585,,Male,Socks,Clothing,30,Florida,L,Blue,Summer,2.9,No,PayPal,Store Pickup,No,No,26,Bank Transfer,Bi-Weekly,,2024-01-01 00:00:00,470,
1314,70.0,Male,Shoes,Footwear,28,Missouri,M,Lavender,Summer,2.6,No,Cash,Free Shipping,Yes,Yes,23,Credit Card,Bi-Weekly,,2024-01-01 00:00:00,471,
1415,,,Socks,Clothing,51,Minnesota,M,Black,Summer,4.5,No,Debit Card,,Yes,Yes,3,Credit Card,Bi-Weekly,,2024-01-01 00:00:00,472,
1362,49.0,Male,Dress,Clothing,32,,M,Beige,Fall,3.7,No,Cash,Next Day Air,Yes,Yes,39,Debit Card,Monthly,,2024-01-01 00:00:00,473,
145,19.0,Male,Shoes,Footwear,43,New Jersey,M,Silver,Fall,3.2,Yes,Credit Card,Express,Yes,Yes,25,Cash,Monthly,,2024-01-01 00:00:00,474,
3472,43.0,Female,Sandals,Footwear,66,,S,Blue,Spring,3.1,No,Cash,Store Pickup,No,No,31,Cash,Bi-Weekly,,2024-01-01 00:00:00,475,
810,48.0,Male,Boots,Footwear,81,,M,Violet,Fall,4.9,Yes,PayPal,Next Day Air,,Yes,30,PayPal,Bi-Weekly,,2024-01-01 00:00:00,476,
3709,40.0,FEMALE,Hoodie,Clothing,96,South Carolina,M,Red,Fall,4.9,No,Bank Transfer,Express,No,No,41,PayPal,Monthly,,2024-01-01 00:00:00,477,
512,61.0,Male,Shirt,Clothing,46,Hawaii,L,Yellow,Fall,3.1,Yes,Debit Card,Free Shipping,Yes,Yes,8,PayPal,Annually,,2024-01-01 00:00:00,478,
3779,25.0,Female,Sneakers,Footwear,60,South Dakota,M,Cyan,Fall,2.9,No,PayPal,Free Shipping,No,No,30,Debit Card,Annually,,2024-01-01 00:00:00,479,
812,18.0,Male,Sneakers,Footwear,35,Illinois,M,Green,Winter,2.7,Yes,Debit Card,Free Shipping,Yes,Yes,36,Venmo,Quarterly,,2024-01-01 00:00:00,480,
3846,58.0,Female,Sweater,Clothing,52,,M,Green,Winter,4.9,No,Venmo,Standard,No,No,46,Venmo,Annually,,2024-01-01 00:00:00,481,
1718,29.0,male,Hoodie,Clothing,50,Hawaii,L,Orange,Summer,2.9,No,Cash,Express,No,No,16,Debit Card,Bi-Weekly,,2024-01-01 00:00:00,482,
3039,56.0,FEMALE,Jewelry,Accessories,39,Georgia,M,Brown,Summer,4.2,No,Bank Transfer,Free Shipping,No,No,36,Debit Card,Annually,,2024-01-01 00:00:00,483,
1175,42.0,Male,Backpack,Accessories,31,Michigan,M,Black,Winter,4.3,No,Cash,Express,Yes,Yes,19,Bank Transfer,Bi-Weekly,,2024-01-01 00:00:00,484,
1413,25.0,Male,Shorts,Clothing,100,Michigan,M,Charcoal,Summer,2.6,No,Debit Card,2-Day Shipping,Yes,Yes,43,Venmo,Annually,,2024-01-01 00:00:00,485,
3329,,Female,Sandals,Footwear,35,Wisconsin,M,Violet,Spring,,No,Venmo,Free Shipping,No,No,11,Cash,Bi-Weekly,,2024-01-01 00:00:00,486,
252,21.0,Male,Handbag,Accessories,51,Wyoming,XL,Gold,Winter,2.5,Yes,PayPal,Standard,,Yes,34,PayPal,Annually,,2024-01-01 00:00:00,487,
3630,52.0,Female,T-shirt,Clothing,43,Kansas,L,Lavender,Summer,4.5,No,Credit Card,Standard,No,No,44,Debit Card,Fortnightly,,2024-01-01 00:00:00,488,
2590,52.0,Male,Pants,Clothing,53,North Dakota,M,Silver,Winter,4.9,No,Bank Transfer,2-Day Shipping,No,No,31,PayPal,Annually,,2024-01-01 00:00:00,489,
1056,70.0,male,Jacket,Outerwear,27,Massachusetts,M,Orange,Spring,,No,PayPal,Next Day Air,Yes,Yes,24,Debit Card,Annually,,2024-01-01 00:00:00,490,
2253,48.0,,Shoes,Footwear,96,Nebraska,S,Maroon,Summer,3.9,No,Venmo,Express,No,No,21,Bank Transfer,Annually,,2024-01-01 00:00:00,491,
3417,25.0,Female,Sandals,Footwear,53,Alabama,M,Purple,Spring,3.2,No,PayPal,,No,No,11,Bank Transfer,Every 3 Months,,2024-01-01 00:00:00,492,
197,38.0,Male,Boots,Footwear,88,Washington,M,Lavender,Summer,3.9,Yes,Cash,Next Day Air,Yes,Yes,41,Credit Card,Fortnightly,,2024-01-01 00:00:00,493,
2120,58.0,Male,Jewelry,Accessories,57,Nebraska,M,Indigo,Spring,3.5,No,Debit Card,Store Pickup,No,No,36,Venmo,Bi-Weekly,,2024-01-01 00:00:00,494,
1189,68.0,Male,Blouse,Clothing,29,Mississippi,M,Magenta,Summer,3.3,No,Credit Card,Next Day Air,Yes,Yes,11,Credit Card,Weekly,,2024-01-01 00:00:00,495,
1593,56.0,male,Shoes,Footwear,83,Iowa,M,Cyan,Summer,3.3,No,Credit Card,Free Shipping,Yes,Yes,10,Bank Transfer,Every 3 Months,,2024-01-01 00:00:00,496,
1346,40.0,,Dress,Clothing,21,Nebraska,M,White,Fall,3.6,No,Credit Card,Standard,Yes,Yes,42,Venmo,Weekly,,2024-01-01 00:00:00,497,
280,23.0,Male,Sneakers,Footwear,69,Arkansas,L,Turquoise,Summer,4.0,Yes,Credit Card,Standard,Yes,Yes,37,Bank Transfer,Monthly,,2024-01-01 00:00:00,498,
2997,70.0,Female,Jewelry,Accessories,91,Utah,M,White,Spring,2.9,No,Credit Card,Express,No,No,6,Venmo,Every 3 Months,,2024-01-01 00:00:00,499,
1437,35.0,Male,Sneakers,Footwear,83,Minnesota,M,Gray,Winter,3.7,No,Venmo,Free Shipping,Yes,Yes,23,PayPal,Fortnightly,,2024-01-01 00:00:00,500,
3606,68.0,Female,Jeans,Clothing,41,Alabama,M,Gold,Fall,4.3,No,Venmo,Store Pickup,No,No,36,Bank Transfer,Every 3 Months,,2024-01-01 00:00:00,501,
1345,56.0,Male,T-shirt,Clothing,37,New York,S,Violet,Fall,,No,Credit Card,Next Day Air,Yes,Yes,14,Cash,Annually,,2024-01-01 00:00:00,502,
2032,21.0,Male,Socks,Clothing,51,North Carolina,L,Charcoal,Spring,4.0,No,Credit Card,Standard,No,No,2,Credit Card,Monthly,,2024-01-01 00:00:00,503,
359,48.0,Male,Hat,Accessories,25,Minnesota,XL,Magenta,Summer,3.6,Yes,Debit Card,Express,Yes,Yes,36,Credit Card,Every 3 Months,,2024-01-01 00:00:00,504,
3423,19.0,Female,Coat,Outerwear,91,New York,L,Beige,Winter,3.2,No,Credit Card,Next Day Air,No,No,9,Venmo,Monthly,,2024-01-01 00:00:00,505,
300,25.0,male,Sneakers,Footwear,80,Pennsylvania,M,Maroon,Summer,3.2,Yes,Credit Card,Next Day Air,Yes,Yes,28,PayPal,Fortnightly,,2024-01-01 00:00:00,506,
2097,21.0,Male,Dress,Clothing,52,North Carolina,L,Blue,Summer,4.7,No,Debit Card,Free Shipping,No,No,27,Debit Card,Annually,,2024-01-01 00:00:00,507,
2378,44.0,Male,Blouse,Clothing,94,South Dakota,L,Magenta,Fall,4.0,No,Venmo,Next Day Air,No,No,22,Cash,Annually,,2024-01-01 00:00:00,508,
1043,55.0,Male,Belt,Accessories,80,Maryland,M,Maroon,Spring,4.9,Yes,Venmo,Next Day Air,Yes,Yes,47,Credit Card,Weekly,,2024-01-01 00:00:00,509,
2826,69.0,Female,Handbag,Accessories,62,North Carolina,M,Yellow,Winter,4.3,No,Cash,,No,No,28,Bank Transfer,Annually,,2024-01-01 00:00:00,510,
2067,64.0,Male,Sneakers,Footwear,92,Illinois,M,Olive,Fall,4.7,No,Credit Card,Store Pickup,No,No,44,Debit Card,Fortnightly,,2024-01-01 00:00:00,511,
1289,66.0,Male,Belt,Accessories,93,South Dakota,XL,Charcoal,Winter,4.1,No,Venmo,Standard,Yes,Yes,34,PayPal,Bi-Weekly,,2024-01-01 00:00:00,512,
2432,34.0,Male,Hoodie,Clothing,73,Alabama,S,Olive,Fall,3.4,No,Cash,Express,No,No,27,Bank Transfer,Every 3 Months,,2024-01-01 00:00:00,513,
416,,male,Coat,Outerwear,31,Connecticut,M,Lavender,Winter,2.6,Yes,Venmo,Express,Yes,Yes,40,Bank Transfer,Monthly,,2024-01-01 00:00:00,514,
3498,,FEMALE,Handbag,Accessories,48,Colorado,M,Red,Spring,4.3,,PayPal,Store Pickup,No,No,16,Venmo,Every 3 Months,,2024-01-01 00:00:00,515,
3535,65.0,Female,Shoes,Footwear,83,,M,Gray,Fall,3.2,No,Venmo,Express,No,No,7,Cash,Weekly,,2024-01-01 00:00:00,516,
1160,66.0,Male,Handbag,Accessories,55,New Hampshire,L,Blue,Fall,3.6,No,Debit Card,2-Day Shipping,Yes,Yes,46,Venmo,Every 3 Months,,2024-01-01 00:00:00,517,
2500,52.0,Male,Hoodie,Clothing,73,Louisiana,L,Pink,Summer,3.1,No,Debit Card,Next Day Air,No,No,2,Cash,Quarterly,,2024-01-01 00:00:00,518,
2070,36.0,Male,T-shirt,Clothing,82,Texas,M,Indigo,Fall,3.4,No,Cash,Free Shipping,No,No,3,Debit Card,Quarterly,,2024-01-01 00:00:00,519,
1874,64.0,male,Sweater,Clothing,44,Wisconsin,XL,Red,Fall,2.9,No,Credit Card,,No,No,49,Bank Transfer,Weekly,,2024-01-01 00:00:00,520,
2212,50.0,Male,Sweater,Clothing,89,Maine,L,Purple,Winter,3.2,No,PayPal,Free Shipping,,No,45,Debit Card,Every 3 Months,,2024-01-01 00:00:00,521,
3023,58.0,Female,Sandals,Footwear,26,Georgia,M,Lavender,Fall,4.0,No,Debit Card,Free Shipping,No,No,23,PayPal,Weekly,,2024-01-01 00:00:00,522,
1613,18.0,Male,Skirt,Clothing,68,Wisconsin,M,Indigo,Summer,4.4,No,Bank Transfer,Standard,Yes,Yes,26,Venmo,Monthly,,2024-01-01 00:00:00,523,
1261,63.0,Male,Shirt,Clothing,93,Virginia,XL,Green,Spring,4.1,No,Venmo,Store Pickup,Yes,Yes,30,Debit Card,Quarterly,,2024-01-01 00:00:00,524,
656,20.0,Male,Handbag,Accessories,36,,S,Purple,Fall,3.1,Yes,Debit Card,Free Shipping,Yes,Yes,19,Venmo,Monthly,,2024-01-01 00:00:00,525,
3416,38.0,Female,Blouse,Clothing,68,New York,M,Gold,Fall,3.0,No,Credit Card,2-Day Shipping,No,No,15,Bank Transfer,Annually,,2024-01-01 00:00:00,526,
643,64.0,Male,Skirt,Clothing,25,Arkansas,L,Red,Spring,2.8,,Credit Card,2-Day Shipping,Yes,Yes,14,Debit Card,Bi-Weekly,,2024-01-01 00:00:00,527,
59,69.0,Male,Hoodie,Clothing,54,Missouri,M,Charcoal,Summer,4.2,Yes,Credit Card,Free Shipping,Yes,Yes,29,Venmo,Monthly,,2024-01-01 00:00:00,528,
77,50.0,Male,Hat,Accessories,43,Delaware,S,Teal,Summer,,Yes,Bank Transfer,Free Shipping,Yes,Yes,32,Venmo,Monthly,,2024-01-01 00:00:00,529,
369,24.0,male,Handbag,Accessories,39,Oklahoma,M,Charcoal,Spring,4.5,Yes,Venmo,Standard,Yes,Yes,29,Cash,Monthly,,2024-01-01 00:00:00,530,
3215,53.0,Female,Skirt,Clothing,78,Washington,M,Yellow,Spring,3.1,No,Bank Transfer,Free Shipping,No,No,6,Debit Card,Annually,,2024-01-01 00:00:00,531,
2722,19.0,Female,Sandals,Footwear,70,Minnesota,S,Teal,Spring,4.9,No,Cash,Free Shipping,No,No,17,PayPal,Fortnightly,,2024-01-01 00:00:00,532,
3658,58.0,Female,Shoes,Footwear,82,Alabama,L,Gold,Winter,3.7,No,Bank Transfer,Express,No,No,1,Debit Card,Every 3 Months,,2024-01-01 00:00:00,533,
3186,52.0,Female,Skirt,Clothing,71,Ohio,L,Gold,Fall,,No,Credit Card,Express,No,No,6,PayPal,Annually,,2024-01-01 00:00:00,534,
3586,39.0,Female,Gloves,Accessories,41,New York,XL,Gray,Winter,4.1,No,Cash,Standard,No,No,4,Venmo,Bi-Weekly,,2024-01-01 00:00:00,535,
1269,23.0,Male,Jacket,Outerwear,88,Idaho,XL,Charcoal,Winter,2.9,No,Venmo,Next Day Air,Yes,Yes,25,Debit Card,Bi-Weekly,,2024-01-01 00:00:00,536,
1966,67.0,Male,Sweater,Clothing,90,Indiana,M,White,Fall,4.9,No,Venmo,Express,No,No,25,Debit Card,Quarterly,,2024-01-01 00:00:00,537,
1129,56.0,Male,Gloves,Accessories,30,New York,L,Charcoal,Winter,4.7,No,PayPal,Next Day Air,Yes,Yes,35,Debit Card,Monthly,,2024-01-01 00:00:00,538,
2407,54.0,male,Scarf,Accessories,57,California,M,Indigo,Winter,4.7,No,Venmo,Standard,No,No,26,PayPal,Weekly,,2024-01-01 00:00:00,539,
125,44.0,Male,Sweater,Clothing,86,Nevada,M,Gray,Spring,3.1,Yes,PayPal,Next Day Air,,Yes,50,PayPal,Annually,,2024-01-01 00:00:00,540,
2575,27.0,Male,Hat,Accessories,63,Florida,M,Brown,Summer,4.6,No,Credit Card,2-Day Shipping,No,No,26,Credit Card,Fortnightly,,2024-01-01 00:00:00,541,
1229,55.0,male,Jacket,Outerwear,55,Indiana,S,Yellow,Winter,3.9,No,Venmo,Express,Yes,Yes,1,Cash,Annually,,2024-01-01 00:00:00,542,
2269,66.0,Male,Sweater,Clothing,26,Georgia,L,Charcoal,Spring,2.7,No,Credit Card,2-Day Shipping,No,No,15,Bank Transfer,Monthly,,2024-01-01 00:00:00,543,
681,58.0,Male,Sneakers,Footwear,25,,M,Magenta,Spring,4.2,Yes,Venmo,Express,Yes,Yes,3,PayPal,Annually,,2024-01-01 00:00:00,544,
430,42.0,Male,Sandals,Footwear,94,Washington,M,Gold,Winter,4.1,Yes,Venmo,,Yes,Yes,21,Cash,Fortnightly,,2024-01-01 00:00:00,545,
1910,50.0,Male,Sweater,Clothing,84,Kentucky,S,Black,Spring,,No,PayPal,Store Pickup,No,No,12,Credit Card,Monthly,,2024-01-01 00:00:00,546,
2342,56.0,Male,Jacket,Outerwear,31,Connecticut,L,Teal,Summer,4.5,No,Cash,Express,No,No,22,Venmo,Every 3 Months,,2024-01-01 00:00:00,547,
2104,30.0,Male,Pants,Clothing,86,Indiana,S,Red,Summer,3.7,No,PayPal,Store Pickup,No,No,21,Venmo,Weekly,,2024-01-01 00:00:00,548,
1538,68.0,Male,Shoes,Footwear,89,Alaska,L,Black,Spring,3.2,No,Bank Transfer,Next Day Air,Yes,Yes,50,Venmo,Annually,,2024-01-01 00:00:00,549,
2543,61.0,Male,Jewelry,Accessories,22,Arkansas,M,White,Winter,3.7,No,PayPal,,No,No,27,PayPal,Annually,,2024-01-01 00:00:00,550,
1963,40.0,male,Hat,Accessories,45,Iowa,M,Silver,Fall,4.4,No,Debit Card,Standard,No,No,20,PayPal,Fortnightly,,2024-01-01 00:00:00,551,
388,45.0,Male,Coat,Outerwear,93,Georgia,L,Silver,Summer,4.6,Yes,Cash,Store Pickup,Yes,Yes,38,PayPal,Fortnightly,,2024-01-01 00:00:00,552,
31,57.0,Male,Jewelry,Accessories,31,North Carolina,L,Black,Winter,4.7,Yes,Bank Transfer,Standard,Yes,Yes,16,Credit Card,Monthly,,2024-01-01 00:00:00,553,
1331,30.0,Male,Handbag,Accessories,65,Vermont,M,Charcoal,Fall,2.9,No,Credit Card,Standard,Yes,Yes,20,PayPal,Bi-Weekly,,2024-01-01 00:00:00,554,
204,70.0,Male,Scarf,Accessories,38,Indiana,S,Yellow,Fall,3.2,Yes,PayPal,Next Day Air,Yes,Yes,18,Bank Transfer,Weekly,,2024-01-01 00:00:00,555,
1069,55.0,Male,Shirt,Clothing,94,Wyoming,M,Olive,Fall,2.5,No,Bank Transfer,Standard,Yes,Yes,47,Credit Card,Weekly,,2024-01-01 00:00:00,556,
3874,,,Sandals,Footwear,43,Louisiana,L,Silver,Summer,4.0,No,PayPal,Standard,,No,22,Credit Card,Weekly,,2024-01-01 00:00:00,557,
3758,61.0,FEMALE,Skirt,Clothing,44,California,L,Red,Fall,4.5,No,Debit Card,2-Day Shipping,No,No,33,Cash,Weekly,,2024-01-01 00:00:00,558,
3327,47.0,Female,Gloves,Accessories,95,North Dakota,M,Magenta,Summer,4.3,No,Cash,Standard,No,No,10,Debit Card,Annually,,2024-01-01 00:00:00,559,
2149,19.0,Male,T-shirt,Clothing,45,,XL,Turquoise,Winter,4.6,No,PayPal,2-Day Shipping,No,No,19,PayPal,Bi-Weekly,,2024-01-01 00:00:00,560,
2680,53.0,Female,Shorts,Clothing,68,Montana,S,Yellow,Spring,3.8,No,Debit Card,Express,,No,7,Debit Card,Quarterly,,2024-01-01 00:00:00,561,
479,35.0,Male,Jewelry,Accessories,43,Kansas,XL,Turquoise,Winter,3.2,Yes,Debit Card,Free Shipping,Yes,Yes,48,Venmo,Annually,,2024-01-01 00:00:00,562,
1018,,Male,Jacket,Outerwear,53,Oklahoma,L,Orange,Fall,2.5,Yes,Cash,Express,,Yes,14,Credit Card,Annually,,2024-01-01 00:00:00,563,
2197,25.0,Male,Dress,Clothing,58,Vermont,M,Gray,Spring,4.8,No,Venmo,Next Day Air,No,No,31,PayPal,Weekly,,2024-01-01 00:00:00,564,
444,22.0,Male,Sunglasses,Accessories,67,Hawaii,M,Magenta,Summer,3.6,Yes,PayPal,Free Shipping,Yes,Yes,24,PayPal,Annually,,2024-01-01 00:00:00,565,
1695,20.0,Male,Shirt,Clothing,67,Mississippi,M,Turquoise,Summer,2.7,No,Credit Card,Express,No,No,20,Debit Card,Fortnightly,,2024-01-01 00:00:00,566,
3873,41.0,Female,Jacket,Outerwear,94,New Hampshire,M,Green,Spring,4.3,No,Cash,Standard,No,No,3,Cash,Monthly,,2024-01-01 00:00:00,567,
1105,35.0,Male,Hat,Accessories,28,Delaware,M,Beige,Fall,3.1,,Bank Transfer,Express,Yes,Yes,8,Bank Transfer,Quarterly,,2024-01-01 00:00:00,568,
193,46.0,Male,Shoes,Footwear,29,Nebraska,L,Turquoise,Summer,2.9,Yes,Venmo,Express,Yes,Yes,12,PayPal,Bi-Weekly,,2024-01-01 00:00:00,569,
568,21.0,Male,Blouse,Clothing,50,New Hampshire,S,Red,Winter,3.0,Yes,Venmo,Next Day Air,Yes,Yes,24,Venmo,Fortnightly,,2024-01-01 00:00:00,570,
2187,55.0,Male,Sandals,Footwear,23,New Mexico,XL,Teal,Winter,4.3,No,Bank Transfer,Next Day Air,No,No,6,PayPal,Every 3 Months,,2024-01-01 00:00:00,571,
2616,49.0,Male,T-shirt,Clothing,62,Arizona,M,Maroon,Fall,3.1,No,Venmo,2-Day Shipping,No,No,6,Debit Card,Quarterly,,2024-01-01 00:00:00,572,
7,63.0,male,Shirt,Clothing,85,Montana,M,Gray,Fall,3.2,Yes,Debit Card,Free Shipping,Yes,Yes,49,Cash,Quarterly,,2024-01-01 00:00:00,573,
440,62.0,Male,Jacket,Outerwear,50,Idaho,M,Turquoise,Summer,3.4,Yes,PayPal,Free Shipping,Yes,Yes,31,Cash,Monthly,,2024-01-01 00:00:00,574,
290,49.0,Male,Coat,Outerwear,85,New York,M,Yellow,Fall,4.5,Yes,Debit Card,2-Day Shipping,Yes,Yes,26,Credit Card,Monthly,,2024-01-01 00:00:00,575,
1757,49.0,male,Jewelry,Accessories,55,New Hampshire,S,Cyan,Fall,2.8,No,PayPal,Free Shipping,No,No,14,Bank Transfer,Weekly,,2024-01-01 00:00:00,576,
2633,24.0,Male,Scarf,Accessories,27,Alaska,M,Black,Fall,5.0,No,Venmo,Next Day Air,No,No,14,Cash,Annually,,2024-01-01 00:00:00,577,
3432,46.0,Female,Belt,Accessories,49,New Mexico,S,Green,Summer,4.2,No,Cash,Express,No,No,20,Venmo,Annually,,2024-01-01 00:00:00,578,
890,59.0,Male,Belt,Accessories,84,Arizona,S,Olive,Fall,2.8,Yes,Venmo,Free Shipping,Yes,Yes,50,Venmo,Weekly,,2024-01-01 00:00:00,579,
3040,59.0,Female,Blouse,Clothing,48,,L,Blue,Spring,3.2,No,Bank Transfer,Next Day Air,No,No,31,PayPal,Bi-Weekly,,2024-01-01 00:00:00,580,
3174,69.0,Female,Skirt,Clothing,46,Washington,L,Teal,Summer,4.9,No,Cash,Next Day Air,No,No,32,PayPal,Fortnightly,,2024-01-01 00:00:00,581,
858,43.0,male,Shorts,Clothing,60,Missouri,L,Cyan,Fall,3.0,Yes,Cash,,Yes,Yes,50,Debit Card,Every 3 Months,,2024-01-01 00:00:00,582,
1897,57.0,Male,Sandals,Footwear,51,Nevada,M,Gold,Fall,2.9,No,Cash,,No,No,19,Venmo,Monthly,,2024-01-01 00:00:00,583,
3400,40.0,,Pants,Clothing,55,Montana,XL,Yellow,Winter,3.3,No,Debit Card,Standard,No,No,36,Debit Card,Annually,,2024-01-01 00:00:00,584,
2802,64.0,Female,Shirt,Clothing,56,New Mexico,M,Indigo,Winter,2.6,No,Cash,Express,No,No,30,PayPal,Annually,,2024-01-01 00:00:00,585,
195,51.0,Male,Backpack,Accessories,94,Missouri,M,Olive,Spring,3.1,Yes,Venmo,Express,Yes,Yes,15,Debit Card,Quarterly,,2024-01-01 00:00:00,586,
451,25.0,Male,Boots,Footwear,21,Connecticut,L,Beige,Summer,2.7,Yes,Venmo,Store Pickup,Yes,Yes,19,Credit Card,Monthly,,2024-01-01 00:00:00,587,
913,24.0,Male,Hoodie,Clothing,56,Arkansas,M,Green,Winter,3.4,Yes,Bank Transfer,Next Day Air,Yes,Yes,32,Bank Transfer,Monthly,,2024-01-01 00:00:00,588,
3434,62.0,Female,Socks,Clothing,93,Alaska,M,Yellow,Spring,4.5,No,Cash,,No,No,28,PayPal,Annually,,2024-01-01 00:00:00,589,
30,31.0,,Dress,Clothing,48,Wyoming,S,Black,Fall,4.1,Yes,Venmo,Store Pickup,Yes,Yes,14,Credit Card,Weekly,,2024-01-01 00:00:00,590,
574,58.0,Male,Pants,Clothing,68,California,M,Charcoal,Summer,3.2,Yes,Cash,,Yes,Yes,23,Credit Card,Bi-Weekly,,2024-01-01 00:00:00,591,
1922,47.0,Male,Shirt,Clothing,36,Michigan,M,Green,Fall,3.5,No,Cash,Store Pickup,No,No,13,Venmo,Annually,,2024-01-01 00:00:00,592,
2808,56.0,Female,Hoodie,Clothing,100,Maryland,M,Charcoal,Spring,4.4,No,Debit Card,2-Day Shipping,No,No,10,Debit Card,Fortnightly,,2024-01-01 00:00:00,593,
3824,50.0,Female,Shirt,Clothing,42,California,M,Gold,Summer,,No,Bank Transfer,Standard,,No,27,Bank Transfer,Weekly,,2024-01-01 00:00:00,594,
2973,31.0,Female,Jacket,Outerwear,39,New York,S,Indigo,Fall,4.2,No,Venmo,Free Shipping,No,No,11,Venmo,Every 3 Months,,2024-01-01 00:00:00,595,
2916,26.0,FEMALE,Shirt,Clothing,30,Oregon,M,Cyan,Fall,4.5,No,Credit Card,Express,No,No,39,Debit Card,Bi-Weekly,,2024-01-01 00:00:00,596,
2158,41.0,Male,Handbag,Accessories,68,Mississippi,L,Turquoise,Winter,4.0,No,Debit Card,Next Day Air,No,No,41,Venmo,Fortnightly,,2024-01-01 00:00:00,597,
3715,18.0,,Hat,Accessories,31,New York,S,Peach,Winter,3.9,No,Cash,Express,No,No,35,Credit Card,Weekly,,2024-01-01 00:00:00,598,
1564,,male,Pants,Clothing,44,Kansas,M,Teal,Fall,4.3,No,Credit Card,Next Day Air,Yes,Yes,8,Cash,Weekly,,2024-01-01 00:00:00,599,
2084,41.0,male,Scarf,Accessories,59,Mississippi,L,Orange,Fall,2.7,No,Credit Card,Store Pickup,No,No,26,Credit Card,Fortnightly,,2024-01-01 00:00:00,600,
889,49.0,male,Scarf,Accessories,77,New Hampshire,S,Gold,Spring,3.6,Yes,Venmo,Express,Yes,Yes,44,Cash,Annually,,2024-01-01 00:00:00,601,
223,47.0,Male,Gloves,Accessories,94,New York,XL,Gray,Spring,4.5,Yes,Venmo,2-Day Shipping,Yes,Yes,14,PayPal,Fortnightly,,2024-01-01 00:00:00,602,
938,32.0,Male,Shorts,Clothing,24,Iowa,M,Magenta,Summer,2.7,Yes,Debit Card,Express,Yes,Yes,18,Venmo,Quarterly,,2024-01-01 00:00:00,603,
1962,47.0,Male,Boots,Footwear,59,Nevada,L,Black,Summer,2.6,No,Cash,Free Shipping,No,No,45,Debit Card,Quarterly,,2024-01-01 00:00:00,604,
574,58.0,Male,Pants,Clothing,68,California,M,Charcoal,Summer,3.2,Yes,Cash,2-Day Shipping,Yes,Yes,23,Credit Card,Bi-Weekly,,2024-01-01 00:00:00,605,
1223,58.0,Male,Jeans,Clothing,69,,L,Magenta,Fall,3.4,No,Bank Transfer,Store Pickup,Yes,Yes,27,Bank Transfer,Annually,,2024-01-01 00:00:00,606,
3393,53.0,Female,Scarf,Accessories,74,New Jersey,XL,Blue,Winter,4.4,No,Credit Card,Free Shipping,No,No,6,Venmo,Bi-Weekly,,2024-01-01 00:00:00,607,
1552,64.0,Male,Handbag,Accessories,29,Minnesota,M,Olive,Summer,3.7,No,Debit Card,2-Day Shipping,Yes,Yes,13,Credit Card,Monthly,,2024-01-01 00:00:00,608,
1273,35.0,Male,Sandals,Footwear,80,Wisconsin,M,Orange,Winter,4.4,No,Debit Card,Express,Yes,Yes,16,Bank Transfer,Monthly,,2024-01-01 00:00:00,609,
2726,,Female,Backpack,Accessories,99,Mississippi,S,Violet,Summer,2.7,No,Bank Transfer,,No,No,4,Debit Card,Annually,,2024-01-01 00:00:00,610,
655,24.0,Male,Handbag,Accessories,59,California,L,Gray,Summer,4.4,Yes,Bank Transfer,2-Day Shipping,Yes,Yes,23,Venmo,Annually,,2024-01-01 00:00:00,611,
81,19.0,male,Sandals,Footwear,72,New York,XL,Blue,Summer,3.3,Yes,Credit Card,Store Pickup,Yes,Yes,24,Credit Card,Every 3 Months,,2024-01-01 00:00:00,612,
258,20.0,male,Handbag,Accessories,53,West Virginia,M,Red,Summer,4.5,,PayPal,Express,Yes,Yes,5,Credit Card,Quarterly,,2024-01-01 00:00:00,613,
296,53.0,Male,Sunglasses,Accessories,42,West Virginia,M,Indigo,Winter,2.7,Yes,Venmo,Store Pickup,Yes,Yes,24,Credit Card,Quarterly,,2024-01-01 00:00:00,614,
1339,56.0,Male,Handbag,Accessories,51,Alabama,S,Yellow,Winter,2.6,No,Bank Transfer,Standard,Yes,Yes,43,PayPal,Fortnightly,,2024-01-01 00:00:00,615,
3770,51.0,Female,Gloves,Accessories,87,Arizona,L,Green,Summer,3.6,No,Cash,Standard,No,No,31,Venmo,Annually,,2024-01-01 00:00:00,616,
3264,56.0,Female,Shorts,Clothing,68,Vermont,S,Black,Fall,4.4,,PayPal,Express,No,No,31,Debit Card,Fortnightly,,2024-01-01 00:00:00,617,
1475,31.0,Male,Sweater,Clothing,72,New Jersey,S,Pink,Fall,3.9,No,Bank Transfer,Next Day Air,Yes,Yes,6,Credit Card,Monthly,,2024-01-01 00:00:00,618,
3130,60.0,Female,Sandals,Footwear,20,Maryland,S,Cyan,Summer,4.7,No,PayPal,Express,No,No,40,Venmo,Every 3 Months,,2024-01-01 00:00:00,619,
803,38.0,Male,Pants,Clothing,41,Delaware,M,Teal,Winter,3.5,Yes,Venmo,Next Day Air,Yes,Yes,2,Bank Transfer,Weekly,,2024-01-01 00:00:00,620,
722,43.0,Male,Blouse,Clothing,57,California,L,Silver,Summer,4.4,Yes,Debit Card,Next Day Air,Yes,Yes,41,Debit Card,Every 3 Months,,2024-01-01 00:00:00,621,
671,63.0,Male,Sweater,Clothing,41,,XL,Purple,Spring,4.8,Yes,Credit Card,Next Day Air,Yes,Yes,37,Cash,Bi-Weekly,,2024-01-01 00:00:00,622,
2087,65.0,Male,Dress,Clothing,89,North Dakota,L,Beige,Summer,4.7,No,Credit Card,2-Day Shipping,No,No,36,Cash,Every 3 Months,,2024-01-01 00:00:00,623,
2869,45.0,Female,Backpack,Accessories,49,Colorado,M,Black,Winter,2.6,No,Debit Card,Next Day Air,No,No,42,PayPal,Every 3 Months,,2024-01-01 00:00:00,624,
3555,39.0,Female,Dress,Clothing,55,Louisiana,M,Indigo,Spring,5.0,No,Bank Transfer,Free Shipping,No,No,5,Credit Card,Fortnightly,,2024-01-01 00:00:00,625,
843,59.0,male,Shirt,Clothing,87,Missouri,M,Violet,Spring,3.6,Yes,Venmo,Express,Yes,Yes,25,PayPal,Weekly,,2024-01-01 00:00:00,626,
1919,35.0,Male,Skirt,Clothing,33,Idaho,S,Purple,Summer,4.6,No,PayPal,Standard,No,No,33,Debit Card,Monthly,,2024-01-01 00:00:00,627,
2319,,,Hoodie,Clothing,28,Wyoming,L,White,Spring,3.1,No,PayPal,Store Pickup,No,No,30,Credit Card,Annually,,2024-01-01 00:00:00,628,
2890,64.0,Female,Sunglasses,Accessories,43,Minnesota,M,Charcoal,Fall,3.3,No,Credit Card,Store Pickup,No,No,21,Venmo,Annually,,2024-01-01 00:00:00,629,
1394,46.0,male,Gloves,Accessories,58,Idaho,L,Yellow,Spring,3.9,No,Bank Transfer,Express,Yes,Yes,14,PayPal,Fortnightly,,2024-01-01 00:00:00,630,
1097,57.0,Male,Coat,Outerwear,46,New Hampshire,S,Beige,Fall,2.6,No,Credit Card,Standard,Yes,Yes,48,Credit Card,Annually,,2024-01-01 00:00:00,631,
1322,59.0,Male,T-shirt,Clothing,84,Missouri,L,Orange,Winter,3.7,No,Credit Card,Express,Yes,Yes,45,Bank Transfer,Every 3 Months,,2024-01-01 00:00:00,632,
3161,28.0,Female,Backpack,Accessories,87,Nebraska,XL,Turquoise,Fall,,No,Debit Card,Next Day Air,No,No,37,Cash,Fortnightly,,2024-01-01 00:00:00,633,
2145,47.0,Male,Shoes,Footwear,23,Maryland,L,Orange,Winter,3.7,No,Cash,Free Shipping,No,No,25,PayPal,Quarterly,,2024-01-01 00:00:00,634,
2216,25.0,Male,Sandals,Footwear,96,West Virginia,M,Indigo,Winter,2.7,No,Debit Card,Express,No,No,28,Credit Card,Fortnightly,,2024-01-01 00:00:00,635,
412,59.0,Male,Jeans,Clothing,29,Michigan,M,Indigo,Summer,2.8,Yes,Cash,Express,Yes,Yes,15,PayPal,Annually,,2024-01-01 00:00:00,636,
1004,56.0,Male,Hat,Accessories,68,Ohio,M,Green,Fall,4.0,Yes,Cash,Store Pickup,Yes,Yes,3,Cash,Bi-Weekly,,2024-01-01 00:00:00,637,
1186,47.0,Male,Jeans,Clothing,64,Maine,M,Magenta,Spring,3.9,No,Debit Card,Standard,Yes,Yes,29,Credit Card,Monthly,,2024-01-01 00:00:00,638,
3241,56.0,Female,Sandals,Footwear,37,West Virginia,M,Violet,Fall,3.8,No,Credit Card,2-Day Shipping,,No,37,Bank Transfer,Monthly,,2024-01-01 00:00:00,639,
1179,,Male,Dress,Clothing,22,South Carolina,M,Teal,Spring,4.9,No,Credit Card,Express,Yes,Yes,23,Debit Card,Annually,,2024-01-01 00:00:00,640,
752,65.0,Male,Gloves,Accessories,72,Ohio,L,Indigo,Fall,4.8,Yes,Credit Card,Free Shipping,Yes,Yes,1,Credit Card,Monthly,,2024-01-01 00:00:00,641,
1243,56.0,Male,Socks,Clothing,27,Nevada,M,Lavender,Summer,4.0,No,Bank Transfer,Next Day Air,Yes,Yes,15,Bank Transfer,Quarterly,,2024-01-01 00:00:00,642,
3831,22.0,Female,Hat,Accessories,27,Pennsylvania,M,Indigo,Summer,3.0,No,PayPal,2-Day Shipping,No,No,33,Bank Transfer,Every 3 Months,,2024-01-01 00:00:00,643,
2167,31.0,Male,Jacket,Outerwear,88,New Jersey,S,Purple,Spring,3.5,No,Venmo,Express,No,No,50,Credit Card,Bi-Weekly,,2024-01-01 00:00:00,644,
153,30.0,Male,Shirt,Clothing,85,South Carolina,S,Brown,Summer,4.3,Yes,PayPal,Express,Yes,Yes,42,Venmo,Annually,,2024-01-01 00:00:00,645,
1830,30.0,,Hat,Accessories,96,Oregon,M,White,Spring,4.9,No,Venmo,2-Day Shipping,No,No,50,Credit Card,Quarterly,,2024-01-01 00:00:00,646,
2998,41.0,Female,Sweater,Clothing,40,Idaho,S,Yellow,Spring,2.7,No,Venmo,Next Day Air,No,No,14,Venmo,Every 3 Months,,2024-01-01 00:00:00,647,
3687,59.0,Female,Sandals,Footwear,70,Louisiana,M,Charcoal,Spring,4.8,No,PayPal,Free Shipping,No,No,17,Cash,Bi-Weekly,,2024-01-01 00:00:00,648,
103,51.0,Male,Socks,Clothing,67,Oklahoma,L,Violet,Winter,4.8,Yes,Credit Card,Next Day Air,Yes,Yes,35,Credit Card,Quarterly,,2024-01-01 00:00:00,649,
3021,23.0,FEMALE,Jeans,Clothing,81,Arkansas,S,Charcoal,Fall,2.8,No,Bank Transfer,Store Pickup,No,No,48,Venmo,Every 3 Months,,2024-01-01 00:00:00,650,
745,67.0,Male,Boots,Footwear,66,Illinois,S,Charcoal,Spring,4.1,Yes,Debit Card,Next Day Air,Yes,Yes,42,Debit Card,Bi-Weekly,,2024-01-01 00:00:00,651,
240,49.0,male,Pants,Clothing,51,Vermont,L,Yellow,Summer,2.9,Yes,PayPal,Express,,Yes,47,Credit Card,Bi-Weekly,,2024-01-01 00:00:00,652,
753,39.0,Male,Scarf,Accessories,85,Ohio,L,Yellow,Fall,4.2,Yes,Cash,2-Day Shipping,Yes,Yes,17,PayPal,Every 3 Months,,2024-01-01 00:00:00,653,
765,55.0,male,Skirt,Clothing,39,Virginia,XL,Silver,Fall,4.2,Yes,Bank Transfer,Free Shipping,Yes,Yes,6,Debit Card,Quarterly,,2024-01-01 00:00:00,654,
953,36.0,Male,Hat,Accessories,71,Idaho,S,Red,Fall,3.1,Yes,Bank Transfer,2-Day Shipping,Yes,Yes,28,PayPal,Monthly,,2024-01-01 00:00:00,655,
2284,44.0,Male,Handbag,Accessories,45,Ohio,S,Black,Winter,4.1,No,Cash,Free Shipping,No,No,34,Credit Card,Fortnightly,,2024-01-01 00:00:00,656,
811,52.0,Male,Scarf,Accessories,83,South Dakota,S,Lavender,Fall,4.9,Yes,Debit Card,Store Pickup,Yes,Yes,32,Debit Card,Bi-Weekly,,2024-01-01 00:00:00,657,
3761,65.0,Female,Socks,Clothing,80,Connecticut,M,Peach,Fall,3.1,No,PayPal,,No,No,36,PayPal,Weekly,,2024-01-01 00:00:00,658,
1172,41.0,,Socks,Clothing,55,Louisiana,M,Lavender,Spring,,No,Bank Transfer,,Yes,Yes,15,Debit Card,Annually,,2024-01-01 00:00:00,659,
1042,36.0,Male,Shirt,Clothing,25,Minnesota,M,Orange,Summer,4.9,Yes,Venmo,Next Day Air,Yes,Yes,11,Cash,Fortnightly,,2024-01-01 00:00:00,660,
2532,43.0,Male,Sandals,Footwear,28,Texas,M,Violet,Summer,4.6,No,PayPal,Free Shipping,No,No,7,Cash,Every 3 Months,,2024-01-01 00:00:00,661,
1833,69.0,Male,Jewelry,Accessories,29,Louisiana,M,Blue,Fall,4.6,No,Debit Card,Free Shipping,No,No,48,Cash,Monthly,,2024-01-01 00:00:00,662,
2288,66.0,Male,Blouse,Clothing,45,Nebraska,L,Green,Summer,3.0,No,PayPal,Store Pickup,No,No,6,Debit Card,Annually,,2024-01-01 00:00:00,663,
1512,34.0,Male,Dress,Clothing,91,Georgia,M,Violet,Winter,3.6,No,Credit Card,Express,Yes,Yes,48,Credit Card,Weekly,,2024-01-01 00:00:00,664,
1546,48.0,Male,Belt,Accessories,43,Delaware,M,Black,Winter,4.9,No,Cash,Store Pickup,Yes,Yes,49,Bank Transfer,Annually,,2024-01-01 00:00:00,665,
333,19.0,Male,Shirt,Clothing,86,New York,M,Maroon,Winter,2.8,Yes,Cash,2-Day Shipping,Yes,Yes,5,Credit Card,Monthly,,2024-01-01 00:00:00,666,
2300,64.0,Male,Coat,Outerwear,57,Idaho,M,Violet,Summer,3.7,No,Debit Card,Store Pickup,No,No,48,Credit Card,Every 3 Months,,2024-01-01 00:00:00,667,
762,57.0,Male,Jewelry,Accessories,91,,L,Yellow,Fall,4.2,Yes,Credit Card,Express,Yes,Yes,26,Bank Transfer,Weekly,,2024-01-01 00:00:00,668,
1396,47.0,Male,Scarf,Accessories,32,West Virginia,L,Turquoise,Spring,2.8,,Cash,Next Day Air,Yes,Yes,40,PayPal,Bi-Weekly,,2024-01-01 00:00:00,669,
2861,28.0,Female,Shirt,Clothing,38,Rhode Island,M,Gold,Spring,,No,PayPal,Next Day Air,No,No,49,Bank Transfer,Weekly,,2024-01-01 00:00:00,670,
1534,50.0,Male,Shoes,Footwear,59,New Hampshire,M,Gold,Summer,3.6,No,Bank Transfer,2-Day Shipping,Yes,Yes,16,Bank Transfer,Quarterly,,2024-01-01 00:00:00,671,
1908,69.0,Male,Skirt,Clothing,74,New Mexico,L,Orange,Fall,4.8,No,Cash,Store Pickup,No,No,36,Credit Card,Every 3 Months,,2024-01-01 00:00:00,672,
2572,45.0,Male,Sunglasses,Accessories,27,Mississippi,L,Black,Winter,3.5,No,Credit Card,Standard,No,No,48,Cash,Fortnightly,,2024-01-01 00:00:00,673,
1065,34.0,Male,Hat,Accessories,28,Wyoming,M,Violet,Spring,3.5,No,Debit Card,Express,Yes,Yes,42,Credit Card,Every 3 Months,,2024-01-01 00:00:00,674,
3527,20.0,Female,Sweater,Clothing,99,Massachusetts,M,Olive,Spring,3.8,No,PayPal,Express,No,No,1,PayPal,Every 3 Months,,2024-01-01 00:00:00,675,
1673,18.0,Male,Boots,Footwear,73,South Carolina,L,Gold,Fall,3.8,No,Debit Card,Free Shipping,Yes,Yes,15,Venmo,Quarterly,,2024-01-01 00:00:00,676,
1053,60.0,male,Shoes,Footwear,36,Virginia,XL,Pink,Fall,3.0,Yes,Venmo,2-Day Shipping,Yes,Yes,1,Credit Card,Fortnightly,,2024-01-01 00:00:00,677,
2918,58.0,Female,Shirt,Clothing,45,Colorado,XL,White,Winter,2.9,No,Cash,Store Pickup,No,No,50,Venmo,Annually,,2024-01-01 00:00:00,678,
977,34.0,male,T-shirt,Clothing,90,Florida,M,Gray,Fall,3.6,Yes,PayPal,Express,Yes,Yes,50,Credit Card,Every 3 Months,,2024-01-01 00:00:00,679,
2296,50.0,Male,Hat,Accessories,22,Connecticut,L,Beige,Spring,2.9,No,Credit Card,2-Day Shipping,No,No,45,PayPal,Quarterly,,2024-01-01 00:00:00,680,
1114,28.0,Male,Sunglasses,Accessories,80,Maryland,M,Purple,Summer,4.8,No,Cash,Next Day Air,Yes,Yes,11,PayPal,Bi-Weekly,,2024-01-01 00:00:00,681,
2571,36.0,Male,Sneakers,Footwear,27,New Mexico,XL,Olive,Spring,4.0,No,Bank Transfer,Store Pickup,No,No,12,PayPal,Fortnightly,,2024-01-01 00:00:00,682,
2936,58.0,Female,Sneakers,Footwear,27,North Carolina,XL,Gray,Spring,4.6,No,Debit Card,Standard,No,No,11,Venmo,Weekly,,2024-01-01 00:00:00,683,
3800,60.0,Female,Jacket,Outerwear,26,Oklahoma,L,Violet,Winter,,No,PayPal,Store Pickup,No,No,13,Credit Card,Monthly,,2024-01-01 00:00:00,684,
2078,64.0,Male,Scarf,Accessories,34,Nebraska,L,Orange,Fall,3.3,No,Bank Transfer,Free Shipping,No,No,26,Bank Transfer,Annually,,2024-01-01 00:00:00,685,
555,56.0,Male,Sneakers,Footwear,47,Minnesota,M,Red,Summer,3.0,Yes,PayPal,Express,Yes,Yes,34,Bank Transfer,Weekly,,2024-01-01 00:00:00,686,
3348,22.0,Female,Shoes,Footwear,70,Iowa,XL,Cyan,Summer,4.4,No,Credit Card,Standard,No,No,28,PayPal,Bi-Weekly,,2024-01-01 00:00:00,687,
3708,35.0,Female,Gloves,Accessories,79,Illinois,M,Gold,Fall,3.4,No,Bank Transfer,2-Day Shipping,No,No,19,Venmo,Weekly,,2024-01-01 00:00:00,688,
3154,56.0,Female,Socks,Clothing,88,Alabama,L,Red,Fall,3.1,No,Bank Transfer,Next Day Air,No,No,46,Venmo,Fortnightly,,2024-01-01 00:00:00,689,
2993,41.0,Female,Socks,Clothing,64,North Dakota,M,Charcoal,Spring,3.9,No,Bank Transfer,Store Pickup,No,No,25,Venmo,Weekly,,2024-01-01 00:00:00,690,
3216,34.0,Female,Coat,Outerwear,90,Rhode Island,M,Magenta,Summer,2.7,No,Bank Transfer,Free Shipping,No,No,10,PayPal,Every 3 Months,,2024-01-01 00:00:00,691,
2654,999.0,FEMALE,Blouse,Clothing,36,Wisconsin,L,Lavender,Fall,4.8,No,Credit Card,Express,No,No,24,Venmo,Every 3 Months,,2024-01-01 00:00:00,692,
2785,33.0,FEMALE,Skirt,Clothing,70,Idaho,M,Black,Winter,3.1,No,Bank Transfer,Express,No,No,12,PayPal,Every 3 Months,,2024-01-01 00:00:00,693,
1771,53.0,Male,Backpack,Accessories,22,Michigan,M,Pink,Fall,4.3,No,Credit Card,Express,No,No,34,Bank Transfer,Weekly,,2024-01-01 00:00:00,694,
3202,46.0,Female,Pants,Clothing,38,Vermont,S,Indigo,Fall,2.8,No,Credit Card,2-Day Shipping,No,No,34,Cash,Monthly,,2024-01-01 00:00:00,695,
1428,31.0,Male,Backpack,Accessories,90,South Dakota,S,Orange,Summer,4.9,No,PayPal,Store Pickup,,Yes,8,Credit Card,Annually,,2024-01-01 00:00:00,696,
1651,60.0,Male,Scarf,Accessories,36,Arkansas,M,Silver,Winter,3.4,No,Venmo,Next Day Air,Yes,Yes,46,Credit Card,Fortnightly,,2024-01-01 00:00:00,697,
3002,29.0,Female,Coat,Outerwear,29,Montana,L,Charcoal,Summer,4.7,No,Credit Card,Express,No,No,28,Credit Card,Quarterly,,2024-01-01 00:00:00,698,
2829,25.0,Female,Scarf,Accessories,83,,L,Lavender,Fall,2.6,No,Credit Card,Standard,No,No,33,PayPal,Quarterly,,2024-01-01 00:00:00,699,
2154,35.0,Male,Shirt,Clothing,94,Kentucky,M,Violet,Fall,4.2,No,Credit Card,Free Shipping,No,No,31,PayPal,Annually,,2024-01-01 00:00:00,700,
2642,25.0,Male,Sunglasses,Accessories,60,Vermont,XL,Olive,Winter,2.7,No,Debit Card,Next Day Air,No,No,20,Bank Transfer,Every 3 Months,,2024-01-01 00:00:00,701,
1236,23.0,Male,Sweater,Clothing,22,,M,Red,Spring,3.0,No,Bank Transfer,Store Pickup,Yes,Yes,46,PayPal,Every 3 Months,,2024-01-01 00:00:00,702,
1367,45.0,Male,Belt,Accessories,40,Iowa,M,Magenta,Fall,3.1,No,Debit Card,Free Shipping,Yes,Yes,10,Credit Card,Fortnightly,,2024-01-01 00:00:00,703,
1645,68.0,Male,Coat,Outerwear,90,North Carolina,S,Beige,Summer,,No,PayPal,Next Day Air,Yes,Yes,21,Debit Card,Monthly,,2024-01-01 00:00:00,704,
2261,38.0,Male,Scarf,Accessories,82,Missouri,M,Blue,Fall,4.9,No,Venmo,Express,,No,16,PayPal,Quarterly,,2024-01-01 00:00:00,705,
3401,39.0,Female,Sunglasses,Accessories,51,Nevada,M,Lavender,Fall,4.8,No,Debit Card,Free Shipping,No,No,18,Venmo,Fortnightly,,2024-01-01 00:00:00,706,
3675,35.0,Female,Handbag,Accessories,65,Washington,M,Blue,Winter,2.7,No,Venmo,2-Day Shipping,No,No,41,Venmo,Fortnightly,,2024-01-01 00:00:00,707,
1815,32.0,Male,Jeans,Clothing,92,Montana,M,White,Summer,,No,Debit Card,Free Shipping,No,No,24,Cash,Quarterly,,2024-01-01 00:00:00,708,
3026,40.0,FEMALE,Shoes,Footwear,60,Montana,XL,Green,Summer,3.4,No,Debit Card,Store Pickup,No,No,7,PayPal,Monthly,,2024-01-01 00:00:00,709,
1551,66.0,Male,Sunglasses,Accessories,26,Arkansas,S,Black,Summer,2.8,No,Debit Card,Free Shipping,Yes,Yes,40,Bank Transfer,Quarterly,,2024-01-01 00:00:00,710,
1877,54.0,Male,Skirt,Clothing,36,Illinois,M,Gray,Fall,2.6,No,Credit Card,Standard,No,No,20,Venmo,Quarterly,,2024-01-01 00:00:00,711,
1719,54.0,Male,T-shirt,Clothing,96,Maryland,L,Pink,Winter,3.4,No,Cash,2-Day Shipping,No,No,14,PayPal,Every 3 Months,,2024-01-01 00:00:00,712,
2991,69.0,Female,Shirt,Clothing,91,Illinois,M,Teal,Fall,4.2,No,Venmo,Free Shipping,No,No,24,Venmo,Monthly,,2024-01-01 00:00:00,713,
347,49.0,Male,Jeans,Clothing,50,New Mexico,L,Violet,Spring,,Yes,Credit Card,Next Day Air,Yes,Yes,5,Cash,Weekly,,2024-01-01 00:00:00,714,
1692,64.0,Male,Shoes,Footwear,61,Connecticut,L,Blue,Summer,3.5,No,Credit Card,Next Day Air,No,No,4,Cash,Annually,,2024-01-01 00:00:00,715,
2630,61.0,male,Scarf,Accessories,44,New Hampshire,M,Peach,Winter,3.8,No,Venmo,Free Shipping,No,No,25,Venmo,Annually,,2024-01-01 00:00:00,716,
2224,30.0,Male,Sandals,Footwear,65,Kansas,M,Gray,Fall,4.7,No,Credit Card,Next Day Air,,No,5,PayPal,Quarterly,,2024-01-01 00:00:00,717,
882,52.0,Male,Sandals,Footwear,61,South Carolina,M,Silver,Summer,2.7,Yes,Credit Card,Next Day Air,Yes,Yes,18,Venmo,Annually,,2024-01-01 00:00:00,718,
3294,19.0,Female,Coat,Outerwear,91,West Virginia,M,Gold,Spring,3.5,No,Bank Transfer,2-Day Shipping,No,No,47,Credit Card,Fortnightly,,2024-01-01 00:00:00,719,
732,43.0,male,Coat,Outerwear,28,Arkansas,M,Red,Spring,3.5,Yes,Credit Card,Free Shipping,Yes,Yes,30,PayPal,Fortnightly,,2024-01-01 00:00:00,720,
3900,52.0,Female,Handbag,Accessories,81,California,M,Beige,Spring,3.1,No,Bank Transfer,Store Pickup,No,No,33,Venmo,Quarterly,,2024-01-01 00:00:00,721,
3485,44.0,Female,Dress,Clothing,75,Illinois,L,Gray,Fall,4.2,No,Debit Card,Free Shipping,No,No,13,Credit Card,Bi-Weekly,,2024-01-01 00:00:00,722,
3770,51.0,Female,Gloves,Accessories,87,Arizona,L,Green,Summer,3.6,No,Cash,,No,No,31,Venmo,Annually,,2024-01-01 00:00:00,723,
2935,38.0,Female,Gloves,Accessories,22,Idaho,M,Orange,Fall,4.7,No,Bank Transfer,Next Day Air,No,No,41,Bank Transfer,Quarterly,,2024-01-01 00:00:00,724,
179,61.0,Male,Skirt,Clothing,43,Idaho,L,Lavender,Fall,,Yes,Debit Card,2-Day Shipping,Yes,Yes,21,PayPal,Quarterly,,2024-01-01 00:00:00,725,
1923,18.0,,Gloves,Accessories,63,Kentucky,S,Peach,Summer,4.6,No,PayPal,Standard,No,No,9,PayPal,Monthly,,2024-01-01 00:00:00,726,
3200,59.0,Female,Handbag,Accessories,40,Maine,XL,Pink,Winter,4.2,No,PayPal,Express,,No,16,PayPal,Monthly,,2024-01-01 00:00:00,727,
832,66.0,Male,Gloves,Accessories,63,Washington,M,Red,Summer,,,Debit Card,Express,Yes,Yes,47,Cash,Every 3 Months,,2024-01-01 00:00:00,728,
865,51.0,Male,Jeans,Clothing,59,Kentucky,S,Charcoal,Winter,3.9,Yes,PayPal,Next Day Air,Yes,Yes,5,PayPal,Annually,,2024-01-01 00:00:00,729,
1351,31.0,Male,Sunglasses,Accessories,71,Delaware,M,Orange,Fall,,No,Cash,,Yes,Yes,1,Cash,Every 3 Months,,2024-01-01 00:00:00,730,
3888,40.0,Female,Shirt,Clothing,34,Kansas,M,Charcoal,Spring,2.7,No,PayPal,Express,No,No,1,Credit Card,Quarterly,,2024-01-01 00:00:00,731,
3518,29.0,Female,Skirt,Clothing,69,Tennessee,M,Orange,Winter,3.1,No,Debit Card,Next Day Air,No,No,34,Debit Card,Every 3 Months,,2024-01-01 00:00:00,732,
26,18.0,Male,Hoodie,Clothing,25,Texas,M,Silver,Summer,3.6,Yes,Bank Transfer,Express,Yes,Yes,14,PayPal,Annually,,2024-01-01 00:00:00,733,
3551,63.0,Female,Shoes,Footwear,74,West Virginia,S,Orange,Winter,4.8,No,Venmo,Standard,No,No,32,Cash,Weekly,,2024-01-01 00:00:00,734,
2847,50.0,Female,Socks,Clothing,36,,XL,Black,Fall,2.8,No,Cash,Next Day Air,No,No,15,PayPal,Bi-Weekly,,2024-01-01 00:00:00,735,
2338,39.0,Male,Boots,Footwear,76,North Dakota,S,Violet,Fall,3.6,No,PayPal,Store Pickup,,No,5,Cash,Annually,,2024-01-01 00:00:00,736,
174,25.0,Male,Hat,Accessories,46,Hawaii,M,Turquoise,Fall,3.4,Yes,PayPal,Standard,Yes,Yes,30,Cash,Annually,,2024-01-01 00:00:00,737,
1667,51.0,Male,Skirt,Clothing,64,Arkansas,M,Blue,Summer,3.1,No,Cash,Store Pickup,Yes,Yes,47,PayPal,Annually,,2024-01-01 00:00:00,738,
3072,23.0,Female,Sweater,Clothing,41,New Hampshire,L,Turquoise,Spring,,No,Debit Card,Next Day Air,No,No,6,PayPal,Monthly,,2024-01-01 00:00:00,739,
332,31.0,Male,Shirt,Clothing,98,Florida,L,Beige,Fall,3.3,Yes,Credit Card,Store Pickup,Yes,Yes,46,PayPal,Quarterly,,2024-01-01 00:00:00,740,
2772,58.0,Female,Jacket,Outerwear,52,Maryland,S,Beige,Summer,3.1,No,Cash,2-Day Shipping,No,No,12,Bank Transfer,Fortnightly,,2024-01-01 00:00:00,741,
431,24.0,male,Shirt,Clothing,40,Texas,M,Brown,Summer,3.5,,Debit Card,Store Pickup,Yes,Yes,40,Debit Card,Annually,,2024-01-01 00:00:00,742,
1804,60.0,Male,Sneakers,Footwear,97,New Hampshire,S,Gray,Summer,3.5,No,PayPal,Free Shipping,No,No,33,Venmo,Fortnightly,,2024-01-01 00:00:00,743,
2499,18.0,Male,Coat,Outerwear,39,Massachusetts,S,Green,Fall,2.6,No,Cash,Next Day Air,No,No,38,Cash,Fortnightly,,2024-01-01 00:00:00,744,
3471,19.0,Female,Coat,Outerwear,69,West Virginia,S,Olive,Summer,4.5,,Cash,Free Shipping,No,No,31,Cash,Bi-Weekly,,2024-01-01 00:00:00,745,
1594,61.0,Male,Dress,Clothing,95,Maryland,M,Black,Spring,4.9,,PayPal,2-Day Shipping,Yes,Yes,25,Bank Transfer,Monthly,,2024-01-01 00:00:00,746,
480,39.0,Male,Handbag,Accessories,84,Iowa,L,Yellow,Winter,3.3,Yes,Bank Transfer,,Yes,Yes,43,Venmo,Monthly,,2024-01-01 00:00:00,747,
3853,65.0,Female,Hat,Accessories,79,Mississippi,M,Peach,Fall,4.0,No,Credit Card,2-Day Shipping,No,No,19,PayPal,Weekly,,2024-01-01 00:00:00,748,
1500,19.0,Male,Boots,Footwear,85,Georgia,S,Olive,Fall,3.4,No,Cash,Free Shipping,Yes,Yes,24,Credit Card,Every 3 Months,,2024-01-01 00:00:00,749,
3367,38.0,Female,Gloves,Accessories,65,,M,Red,Spring,3.6,No,Venmo,2-Day Shipping,No,No,47,Debit Card,Quarterly,,2024-01-01 00:00:00,750,
3292,29.0,Female,Belt,Accessories,51,New Mexico,L,Olive,Fall,2.6,No,Bank Transfer,2-Day Shipping,No,No,11,Cash,Monthly,,2024-01-01 00:00:00,751,
1966,67.0,Male,Sweater,Clothing,90,,M,White,Fall,4.9,No,Venmo,Express,No,No,25,Debit Card,Quarterly,,2024-01-01 00:00:00,752,
870,38.0,Male,Hat,Accessories,54,New Hampshire,M,Silver,Spring,,Yes,PayPal,2-Day Shipping,Yes,Yes,33,PayPal,Weekly,,2024-01-01 00:00:00,753,
3764,27.0,FEMALE,Shirt,Clothing,24,Oklahoma,XL,Red,Winter,4.5,No,PayPal,Standard,No,No,38,Cash,Every 3 Months,,2024-01-01 00:00:00,754,
1958,68.0,Male,Gloves,Accessories,54,South Carolina,M,Cyan,Spring,4.5,No,Venmo,Store Pickup,,No,26,Cash,Bi-Weekly,,2024-01-01 00:00:00,755,
1812,42.0,Male,Belt,Accessories,77,Wisconsin,L,Blue,Summer,3.6,No,Bank Transfer,Standard,No,No,33,Bank Transfer,Annually,,2024-01-01 00:00:00,756,
325,37.0,Male,Shirt,Clothing,82,Wyoming,M,Olive,Summer,4.8,Yes,Credit Card,Standard,Yes,Yes,37,Venmo,Quarterly,,2024-01-01 00:00:00,757,
1624,64.0,Male,Backpack,Accessories,58,Indiana,M,Cyan,Summer,3.5,No,Venmo,Next Day Air,Yes,Yes,50,Debit Card,Annually,,2024-01-01 00:00:00,758,
469,34.0,Male,Backpack,Accessories,38,Georgia,S,Peach,Fall,,Yes,Bank Transfer,,Yes,Yes,16,Cash,Quarterly,,2024-01-01 00:00:00,759,
562,65.0,Male,Jacket,Outerwear,65,Alabama,M,Blue,Fall,2.6,Yes,Credit Card,Next Day Air,Yes,Yes,25,PayPal,Fortnightly,,2024-01-01 00:00:00,760,
1776,18.0,Male,Jacket,Outerwear,47,Iowa,M,Violet,Spring,3.3,No,Bank Transfer,2-Day Shipping,No,No,12,Cash,Bi-Weekly,,2024-01-01 00:00:00,761,
2003,31.0,Male,Shirt,Clothing,65,,M,Red,Summer,2.7,No,Cash,Express,No,No,19,PayPal,Every 3 Months,,2024-01-01 00:00:00,762,
3593,61.0,Female,Boots,Footwear,82,,L,Lavender,Spring,,No,Cash,,No,No,18,Venmo,Fortnightly,,2024-01-01 00:00:00,763,
2330,,Male,Hat,Accessories,97,Nebraska,S,Teal,Spring,4.8,No,Venmo,Free Shipping,No,No,42,Bank Transfer,Annually,,2024-01-01 00:00:00,764,
950,33.0,Male,Jeans,Clothing,36,Montana,M,Olive,Summer,3.4,Yes,Cash,Standard,Yes,Yes,49,Venmo,Monthly,,2024-01-01 00:00:00,765,
2615,18.0,male,Jacket,Outerwear,65,North Dakota,M,Turquoise,Spring,4.2,No,Credit Card,Express,No,No,36,Bank Transfer,Fortnightly,,2024-01-01 00:00:00,766,
62,55.0,Male,Scarf,Accessories,68,Texas,M,Orange,Winter,4.7,Yes,Bank Transfer,Store Pickup,,Yes,21,Credit Card,Every 3 Months,,2024-01-01 00:00:00,767,
2892,47.0,Female,T-shirt,Clothing,73,Ohio,XL,Black,Winter,2.5,No,Venmo,Free Shipping,No,No,10,PayPal,Monthly,,2024-01-01 00:00:00,768,
3601,67.0,Female,Dress,Clothing,81,South Carolina,XL,Olive,Spring,2.7,No,PayPal,Free Shipping,No,No,25,Cash,Bi-Weekly,,2024-01-01 00:00:00,769,
2099,49.0,Male,T-shirt,Clothing,28,Louisiana,M,White,Summer,3.3,No,Credit Card,,No,No,20,Venmo,Quarterly,,2024-01-01 00:00:00,770,
255,67.0,Male,Sunglasses,Accessories,42,Indiana,M,White,Winter,3.5,Yes,Credit Card,Store Pickup,Yes,Yes,4,PayPal,Bi-Weekly,,2024-01-01 00:00:00,771,
2707,24.0,Female,Shoes,Footwear,40,Alabama,S,Blue,Spring,3.1,No,Bank Transfer,Express,No,No,48,Debit Card,Quarterly,,2024-01-01 00:00:00,772,
1109,27.0,Male,Shorts,Clothing,25,Nebraska,M,Teal,Fall,2.8,No,Venmo,Standard,Yes,Yes,50,Cash,Fortnightly,,2024-01-01 00:00:00,773,
1075,48.0,Male,Jewelry,Accessories,71,Tennessee,S,White,Fall,2.6,No,PayPal,Standard,Yes,Yes,45,Bank Transfer,Fortnightly,,2024-01-01 00:00:00,774,
2941,61.0,Female,Handbag,Accessories,85,Massachusetts,L,Beige,Summer,,No,Venmo,Next Day Air,No,No,13,Cash,Monthly,,2024-01-01 00:00:00,775,
2286,34.0,Male,Belt,Accessories,100,,L,Pink,Summer,4.6,No,Cash,2-Day Shipping,No,No,38,PayPal,Every 3 Months,,2024-01-01 00:00:00,776,
2580,65.0,Male,Blouse,Clothing,20,Minnesota,M,Purple,Summer,3.7,,Venmo,Express,No,No,40,Venmo,Weekly,,2024-01-01 00:00:00,777,
2874,44.0,Female,Sweater,Clothing,40,Montana,M,Teal,Spring,2.6,No,PayPal,Free Shipping,No,No,8,Bank Transfer,Monthly,,2024-01-01 00:00:00,778,
68,45.0,Male,Coat,Outerwear,33,Connecticut,L,Gray,Winter,4.4,Yes,PayPal,Store Pickup,Yes,Yes,49,Debit Card,Monthly,,2024-01-01 00:00:00,779,
2487,61.0,Male,Jeans,Clothing,58,Texas,L,Magenta,Spring,4.4,No,Credit Card,Store Pickup,No,No,6,Credit Card,Fortnightly,,2024-01-01 00:00:00,780,
894,33.0,male,Backpack,Accessories,51,Nebraska,M,Red,Spring,4.7,Yes,Debit Card,Express,Yes,Yes,14,Venmo,Monthly,,2024-01-01 00:00:00,781,
222,28.0,Male,Hat,Accessories,68,North Carolina,XL,Magenta,Summer,4.4,Yes,Debit Card,Store Pickup,Yes,Yes,6,Bank Transfer,Quarterly,,2024-01-01 00:00:00,782,
1980,49.0,Male,Jeans,Clothing,98,Tennessee,L,Blue,Spring,2.8,No,PayPal,,No,No,38,Debit Card,Fortnightly,,2024-01-01 00:00:00,783,
2421,41.0,Male,Jacket,Outerwear,87,North Carolina,S,Green,Winter,,No,PayPal,Free Shipping,No,No,28,PayPal,Annually,,2024-01-01 00:00:00,784,
3083,56.0,Female,T-shirt,Clothing,99,Utah,M,Maroon,Spring,4.0,,Venmo,Next Day Air,No,No,20,Bank Transfer,Annually,,2024-01-01 00:00:00,785,
2718,18.0,Female,Sunglasses,Accessories,62,Nebraska,XL,Beige,Winter,4.3,No,Debit Card,Free Shipping,No,No,19,Credit Card,Every 3 Months,,2024-01-01 00:00:00,786,
89,33.0,Male,T-shirt,Clothing,47,Wyoming,M,Orange,Fall,3.5,Yes,Credit Card,Free Shipping,,Yes,35,Credit Card,Monthly,,2024-01-01 00:00:00,787,
3516,19.0,Female,Dress,Clothing,80,South Dakota,XL,Charcoal,Winter,4.0,No,PayPal,Next Day Air,No,No,16,Debit Card,Bi-Weekly,,2024-01-01 00:00:00,788,
2275,57.0,Male,Dress,Clothing,27,New York,L,Turquoise,Spring,,No,Cash,,,No,38,PayPal,Fortnightly,,2024-01-01 00:00:00,789,
2981,70.0,Female,Gloves,Accessories,93,New Jersey,L,Teal,Fall,4.4,No,Cash,2-Day Shipping,No,No,9,Bank Transfer,Monthly,,2024-01-01 00:00:00,790,
2023,59.0,Male,Jewelry,Accessories,38,Alabama,S,Black,Winter,4.0,No,Bank Transfer,Store Pickup,No,No,16,Cash,Bi-Weekly,,2024-01-01 00:00:00,791,
2669,59.0,FEMALE,Coat,Outerwear,75,Texas,M,Black,Summer,4.8,No,Venmo,Next Day Air,No,No,9,PayPal,Quarterly,,2024-01-01 00:00:00,792,
1414,51.0,Male,Blouse,Clothing,79,New Hampshire,S,Indigo,Fall,2.7,No,Venmo,Store Pickup,Yes,Yes,12,Bank Transfer,Quarterly,,2024-01-01 00:00:00,793,
3702,,Female,Sandals,Footwear,66,New Mexico,M,Charcoal,Spring,4.5,No,Cash,Store Pickup,No,No,36,Cash,Annually,,2024-01-01 00:00:00,794,
437,40.0,Male,Pants,Clothing,46,Tennessee,L,Cyan,Summer,,Yes,Cash,Free Shipping,Yes,Yes,41,Bank Transfer,Weekly,,2024-01-01 00:00:00,795,
3452,32.0,Female,Blouse,Clothing,73,Nevada,XL,Silver,Fall,3.0,No,Bank Transfer,Free Shipping,No,No,13,Credit Card,Annually,,2024-01-01 00:00:00,796,
3616,35.0,Female,Dress,Clothing,31,California,M,Gold,Winter,4.4,,Bank Transfer,Free Shipping,No,No,4,Credit Card,Monthly,,2024-01-01 00:00:00,797,
2376,60.0,Male,Backpack,Accessories,63,Virginia,L,Peach,Fall,2.9,No,PayPal,Next Day Air,No,No,18,Credit Card,Quarterly,,2024-01-01 00:00:00,798,
1779,49.0,male,Belt,Accessories,94,Texas,M,Red,Winter,4.9,No,Debit Card,Store Pickup,No,No,8,Debit Card,Bi-Weekly,,2024-01-01 00:00:00,799,
1599,47.0,Male,Jewelry,Accessories,85,California,M,Teal,Fall,4.1,No,Credit Card,Express,,Yes,21,Venmo,Bi-Weekly,,2024-01-01 00:00:00,800,
2705,52.0,Female,Dress,Clothing,54,Tennessee,L,Beige,Spring,3.4,No,Credit Card,Next Day Air,No,No,35,Debit Card,Weekly,,2024-01-01 00:00:00,801,
3457,42.0,Female,Hoodie,Clothing,53,Texas,M,Red,Fall,4.6,No,Bank Transfer,Express,No,No,21,Venmo,Monthly,,2024-01-01 00:00:00,802,
1162,63.0,Male,Shorts,Clothing,52,Oklahoma,S,Orange,Fall,3.1,No,Bank Transfer,2-Day Shipping,Yes,Yes,37,PayPal,Monthly,,2024-01-01 00:00:00,803,
3613,47.0,Female,Sandals,Footwear,29,Michigan,M,Teal,Summer,3.6,No,Credit Card,,No,No,26,Cash,Every 3 Months,,2024-01-01 00:00:00,804,
2662,43.0,Female,Boots,Footwear,96,Michigan,XL,Olive,Fall,4.8,No,Debit Card,Express,No,No,20,Bank Transfer,Annually,,2024-01-01 00:00:00,805,
3839,47.0,Female,Dress,Clothing,25,Rhode Island,L,Green,Summer,4.2,No,Bank Transfer,Express,No,No,24,Venmo,Every 3 Months,,2024-01-01 00:00:00,806,
1076,57.0,Male,Sunglasses,Accessories,50,Missouri,L,Indigo,Summer,4.9,No,Debit Card,Next Day Air,Yes,Yes,32,Debit Card,Bi-Weekly,,2024-01-01 00:00:00,807,
3249,22.0,Female,T-shirt,Clothing,79,Pennsylvania,S,Teal,Summer,4.2,No,Venmo,Free Shipping,No,No,41,Bank Transfer,Quarterly,,2024-01-01 00:00:00,808,
284,32.0,Male,Sweater,Clothing,30,Montana,S,Maroon,Fall,3.2,Yes,Debit Card,Next Day Air,Yes,Yes,16,Venmo,Annually,,2024-01-01 00:00:00,809,
713,42.0,,Blouse,Clothing,81,New Hampshire,XL,Black,Summer,3.8,Yes,Credit Card,Next Day Air,Yes,Yes,36,Bank Transfer,Quarterly,,2024-01-01 00:00:00,810,
275,59.0,Male,Jewelry,Accessories,32,Maryland,M,Indigo,Spring,3.0,Yes,Credit Card,Express,Yes,Yes,28,Cash,Bi-Weekly,,2024-01-01 00:00:00,811,
2285,32.0,Male,Blouse,Clothing,63,Iowa,XL,Black,Fall,4.1,No,Cash,Express,No,No,20,Venmo,Annually,,2024-01-01 00:00:00,812,
622,51.0,Male,Sunglasses,Accessories,27,Kansas,S,Red,Fall,4.4,Yes,Debit Card,Store Pickup,Yes,Yes,45,Credit Card,Weekly,,2024-01-01 00:00:00,813,
1611,20.0,male,Socks,Clothing,31,Tennessee,L,Purple,Spring,3.4,No,Credit Card,2-Day Shipping,Yes,Yes,1,PayPal,Annually,,2024-01-01 00:00:00,814,
1744,23.0,Male,Skirt,Clothing,72,Missouri,XL,Brown,Winter,3.3,No,Debit Card,Standard,No,No,3,Bank Transfer,Weekly,,2024-01-01 00:00:00,815,
1867,31.0,Male,T-shirt,Clothing,44,Alaska,XL,Gold,Winter,4.2,No,Debit Card,Standard,No,No,9,Credit Card,Fortnightly,,2024-01-01 00:00:00,816,
1862,29.0,Male,Sneakers,Footwear,60,South Dakota,S,Peach,Fall,3.6,No,Bank Transfer,Standard,No,No,19,Debit Card,Monthly,,2024-01-01 00:00:00,817,
2496,40.0,,Backpack,Accessories,37,Nebraska,XL,Orange,Spring,3.1,No,Bank Transfer,Free Shipping,No,No,34,Credit Card,Every 3 Months,,2024-01-01 00:00:00,818,
3107,62.0,Female,Sandals,Footwear,57,Alabama,M,Yellow,Winter,4.7,No,Venmo,Next Day Air,No,No,20,PayPal,Annually,,2024-01-01 00:00:00,819,
424,46.0,Male,Scarf,Accessories,26,New York,L,Teal,Spring,3.0,Yes,Bank Transfer,Store Pickup,Yes,Yes,21,Credit Card,Bi-Weekly,,2024-01-01 00:00:00,820,
3005,,FEMALE,Skirt,Clothing,79,Arizona,M,Lavender,Winter,,No,Venmo,Store Pickup,No,No,23,Venmo,Fortnightly,,2024-01-01 00:00:00,821,
1458,58.0,Male,Shirt,Clothing,57,Pennsylvania,S,Gray,Spring,4.7,,Bank Transfer,Express,Yes,Yes,47,Venmo,Fortnightly,,2024-01-01 00:00:00,822,
507,28.0,Male,Scarf,Accessories,40,Georgia,M,Olive,Fall,2.7,Yes,Cash,2-Day Shipping,Yes,Yes,48,Debit Card,Annually,,2024-01-01 00:00:00,823,
1177,36.0,Male,Dress,Clothing,83,Oregon,M,Red,Winter,4.6,No,Credit Card,,Yes,Yes,39,PayPal,Quarterly,,2024-01-01 00:00:00,824,
3579,46.0,Female,Shoes,Footwear,22,Georgia,L,Olive,Winter,2.6,No,Credit Card,Standard,No,No,22,Bank Transfer,Quarterly,,2024-01-01 00:00:00,825,
3476,48.0,Female,Sneakers,Footwear,88,South Carolina,M,Orange,Spring,,No,Debit Card,Express,No,No,9,Cash,Quarterly,,2024-01-01 00:00:00,826,
3571,23.0,Female,Dress,Clothing,97,Louisiana,XL,Teal,Winter,4.7,No,PayPal,Standard,No,No,32,Debit Card,Annually,,2024-01-01 00:00:00,827,
501,36.0,Male,T-shirt,Clothing,31,Washington,L,Purple,Fall,4.8,Yes,Bank Transfer,Next Day Air,,Yes,35,Venmo,Every 3 Months,,2024-01-01 00:00:00,828,
2863,68.0,FEMALE,Coat,Outerwear,75,Hawaii,S,Violet,Summer,4.7,No,Bank Transfer,Store Pickup,No,No,5,Bank Transfer,Every 3 Months,,2024-01-01 00:00:00,829,
1092,44.0,,Sweater,Clothing,80,North Carolina,L,Lavender,Spring,4.7,No,Cash,Store Pickup,Yes,Yes,6,Credit Card,Fortnightly,,2024-01-01 00:00:00,830,
550,31.0,Male,Backpack,Accessories,29,Arizona,S,Olive,Fall,3.6,Yes,Cash,Express,Yes,Yes,37,Venmo,Bi-Weekly,,2024-01-01 00:00:00,831,
558,18.0,Male,Shirt,Clothing,60,Alaska,M,White,Spring,2.9,Yes,PayPal,Free Shipping,Yes,Yes,31,Debit Card,Weekly,,2024-01-01 00:00:00,832,
1616,64.0,Male,Jewelry,Accessories,62,New York,M,Indigo,Fall,3.2,No,PayPal,Standard,Yes,Yes,45,Cash,Bi-Weekly,,2024-01-01 00:00:00,833,
603,37.0,Male,Shoes,Footwear,58,Oregon,L,Lavender,Summer,4.2,Yes,Venmo,Next Day Air,Yes,Yes,10,Cash,Every 3 Months,,2024-01-01 00:00:00,834,
443,29.0,Male,Sunglasses,Accessories,69,Michigan,M,Olive,Fall,3.5,Yes,Bank Transfer,Store Pickup,Yes,Yes,31,Credit Card,Quarterly,,2024-01-01 00:00:00,835,
1796,68.0,male,Jeans,Clothing,20,Wisconsin,S,Violet,Fall,4.0,No,Debit Card,2-Day Shipping,No,No,9,Debit Card,Fortnightly,,2024-01-01 00:00:00,836,
219,28.0,Male,T-shirt,Clothing,45,California,S,Magenta,Spring,2.9,Yes,Credit Card,Store Pickup,Yes,Yes,8,Credit Card,Quarterly,,2024-01-01 00:00:00,837,
2119,60.0,Male,Socks,Clothing,44,Georgia,M,Olive,Fall,4.2,No,Bank Transfer,2-Day Shipping,No,No,28,Debit Card,Quarterly,,2024-01-01 00:00:00,838,
1941,50.0,,Hat,Accessories,89,Alaska,L,Gray,Fall,3.9,No,Venmo,2-Day Shipping,No,No,48,PayPal,Fortnightly,,2024-01-01 00:00:00,839,
737,,male,Dress,Clothing,58,Colorado,L,Maroon,Spring,2.9,Yes,Debit Card,2-Day Shipping,Yes,Yes,32,Credit Card,Every 3 Months,,2024-01-01 00:00:00,840,
3339,29.0,Female,Skirt,Clothing,94,Minnesota,L,White,Winter,2.9,No,Venmo,,No,No,46,Credit Card,Monthly,,2024-01-01 00:00:00,841,
1841,42.0,Male,Sandals,Footwear,98,Wyoming,M,Gold,Winter,2.6,No,Cash,Store Pickup,,No,46,Bank Transfer,Every 3 Months,,2024-01-01 00:00:00,842,
3832,36.0,Female,Backpack,Accessories,86,Nevada,L,Silver,Spring,4.0,No,Venmo,Next Day Air,,No,16,Debit Card,Every 3 Months,,2024-01-01 00:00:00,843,
2645,25.0,Male,Pants,Clothing,83,New Mexico,M,Turquoise,Spring,3.3,,PayPal,Standard,No,No,4,Bank Transfer,Every 3 Months,,2024-01-01 00:00:00,844,
1955,26.0,Male,Gloves,Accessories,77,Colorado,M,Pink,Winter,,No,Bank Transfer,Free Shipping,No,No,3,Venmo,Quarterly,,2024-01-01 00:00:00,845,
3701,28.0,Female,Handbag,Accessories,84,North Dakota,XL,Charcoal,Summer,3.4,No,Credit Card,,No,No,2,Bank Transfer,Every 3 Months,,2024-01-01 00:00:00,846,
1813,50.0,Male,Boots,Footwear,63,Nevada,S,Blue,Summer,4.9,No,Venmo,Express,No,No,18,PayPal,Bi-Weekly,,2024-01-01 00:00:00,847,
1570,20.0,,Skirt,Clothing,63,,M,Orange,Summer,2.9,No,PayPal,Standard,Yes,Yes,29,Debit Card,Weekly,,2024-01-01 00:00:00,848,
3524,49.0,Female,Backpack,Accessories,59,Nevada,M,Cyan,Summer,2.8,No,PayPal,Standard,,No,30,Cash,Fortnightly,,2024-01-01 00:00:00,849,
3265,28.0,Female,Pants,Clothing,50,Maine,S,Charcoal,Winter,4.0,No,PayPal,Express,No,No,39,Cash,Bi-Weekly,,2024-01-01 00:00:00,850,
1469,42.0,male,Gloves,Accessories,39,,S,Silver,Fall,3.9,No,Bank Transfer,Express,Yes,Yes,46,Cash,Fortnightly,,2024-01-01 00:00:00,851,
2004,68.0,Male,Sneakers,Footwear,72,Maine,S,Blue,Spring,3.1,No,Venmo,Express,No,No,32,Cash,Quarterly,,2024-01-01 00:00:00,852,
1174,44.0,Male,Jewelry,Accessories,76,South Dakota,M,Indigo,Winter,2.5,No,Credit Card,Express,Yes,Yes,42,Cash,Bi-Weekly,,2024-01-01 00:00:00,853,
2751,51.0,Female,Sandals,Footwear,66,Alaska,L,Pink,Spring,2.7,No,Cash,2-Day Shipping,No,No,26,PayPal,Every 3 Months,,2024-01-01 00:00:00,854,
863,19.0,male,Coat,Outerwear,84,Arkansas,M,Charcoal,Winter,4.9,Yes,PayPal,Standard,Yes,Yes,13,PayPal,Fortnightly,,2024-01-01 00:00:00,855,
2280,,male,Sneakers,Footwear,67,West Virginia,L,Indigo,Spring,2.9,No,Bank Transfer,Free Shipping,No,No,35,Bank Transfer,Quarterly,,2024-01-01 00:00:00,856,
806,41.0,male,Dress,Clothing,30,Connecticut,L,White,Summer,3.7,Yes,Venmo,Next Day Air,Yes,Yes,40,Debit Card,Monthly,,2024-01-01 00:00:00,857,
3190,25.0,Female,Boots,Footwear,87,Kansas,M,Beige,Summer,4.2,No,PayPal,Store Pickup,No,No,30,PayPal,Bi-Weekly,,2024-01-01 00:00:00,858,
2494,21.0,Male,Socks,Clothing,23,Maine,S,Beige,Fall,4.8,No,Cash,2-Day Shipping,No,No,6,Venmo,Every 3 Months,,2024-01-01 00:00:00,859,
1296,30.0,,Sneakers,Footwear,60,New Mexico,M,Olive,Fall,2.8,No,PayPal,Standard,Yes,Yes,50,PayPal,Weekly,,2024-01-01 00:00:00,860,
579,69.0,Male,Sandals,Footwear,90,Maine,M,Purple,Fall,4.6,Yes,Debit Card,Next Day Air,Yes,Yes,22,Credit Card,Fortnightly,,2024-01-01 00:00:00,861,
2685,46.0,FEMALE,Dress,Clothing,45,Washington,M,Gray,Summer,4.7,No,Venmo,Free Shipping,No,No,42,Credit Card,Bi-Weekly,,2024-01-01 00:00:00,862,
1927,66.0,Male,Backpack,Accessories,93,New Mexico,M,Silver,Spring,3.0,No,Venmo,Express,No,No,6,PayPal,Annually,,2024-01-01 00:00:00,863,
3838,45.0,FEMALE,Hoodie,Clothing,100,New Mexico,M,Green,Spring,4.8,No,Debit Card,Free Shipping,No,No,33,Bank Transfer,Fortnightly,,2024-01-01 00:00:00,864,
3794,62.0,Female,Sunglasses,Accessories,20,Delaware,M,Pink,Fall,4.0,No,Cash,,No,No,46,Bank Transfer,Annually,,2024-01-01 00:00:00,865,
1,55.0,Male,Blouse,Clothing,53,Kentucky,L,Gray,Winter,3.1,Yes,Credit Card,Express,Yes,Yes,14,Venmo,Fortnightly,,2024-01-01 00:00:00,866,
3442,64.0,Female,Sweater,Clothing,96,,XL,Charcoal,Fall,4.1,No,Debit Card,Standard,No,No,15,Credit Card,Annually,,2024-01-01 00:00:00,867,
3825,54.0,Female,Shorts,Clothing,26,Georgia,M,Olive,Summer,4.0,No,Credit Card,Free Shipping,No,No,31,Credit Card,Quarterly,,2024-01-01 00:00:00,868,
3862,64.0,FEMALE,Jacket,Outerwear,57,Wyoming,M,Yellow,Spring,4.9,No,Venmo,Standard,No,No,49,Credit Card,Monthly,,2024-01-01 00:00:00,869,
2443,53.0,Male,Blouse,Clothing,95,Wyoming,L,Violet,Winter,4.7,No,PayPal,Free Shipping,No,No,50,Debit Card,Bi-Weekly,,2024-01-01 00:00:00,870,
2458,53.0,Male,Handbag,Accessories,37,Delaware,M,Maroon,Fall,,No,PayPal,2-Day Shipping,No,No,23,Cash,Quarterly,,2024-01-01 00:00:00,871,
1503,37.0,Male,Pants,Clothing,66,Massachusetts,M,Black,Summer,3.2,No,PayPal,Store Pickup,Yes,Yes,20,Cash,Fortnightly,,2024-01-01 00:00:00,872,
248,29.0,male,Sweater,Clothing,66,Montana,XL,Brown,Spring,4.4,Yes,Credit Card,,Yes,Yes,14,Debit Card,Weekly,,2024-01-01 00:00:00,873,
2128,,male,Boots,Footwear,45,North Carolina,M,Indigo,Spring,,No,Credit Card,2-Day Shipping,No,No,40,Debit Card,Weekly,,2024-01-01 00:00:00,874,
1028,33.0,Male,Jewelry,Accessories,90,Ohio,L,Teal,Summer,2.8,Yes,Cash,Next Day Air,Yes,Yes,11,Cash,Monthly,,2024-01-01 00:00:00,875,
2404,64.0,Male,Shorts,Clothing,22,Missouri,M,Magenta,Fall,4.4,No,Bank Transfer,Standard,No,No,40,Debit Card,Weekly,,2024-01-01 00:00:00,876,
2851,57.0,Female,Sweater,Clothing,79,Nebraska,M,Silver,Spring,3.0,No,Credit Card,Store Pickup,No,No,36,Debit Card,Annually,,2024-01-01 00:00:00,877,
3627,,Female,Blouse,Clothing,98,Mississippi,L,Teal,Fall,3.5,No,Bank Transfer,Express,No,No,32,Venmo,Quarterly,,2024-01-01 00:00:00,878,
3364,58.0,FEMALE,Sweater,Clothing,23,California,M,Turquoise,Winter,3.0,No,PayPal,Next Day Air,No,No,46,Bank Transfer,Bi-Weekly,,2024-01-01 00:00:00,879,
2903,27.0,Female,Boots,Footwear,32,North Carolina,S,Orange,Spring,4.6,No,Debit Card,Standard,No,No,19,PayPal,Bi-Weekly,,2024-01-01 00:00:00,880,
2989,69.0,Female,Socks,Clothing,55,Nevada,S,Pink,Spring,5.0,No,Debit Card,2-Day Shipping,No,No,31,Debit Card,Monthly,,2024-01-01 00:00:00,881,
651,,male,Gloves,Accessories,40,Florida,M,Magenta,Spring,3.9,Yes,Venmo,Next Day Air,Yes,Yes,12,Bank Transfer,Annually,,2024-01-01 00:00:00,882,
3581,51.0,Female,Blouse,Clothing,83,New Hampshire,M,Magenta,Summer,,No,Bank Transfer,2-Day Shipping,No,No,3,Cash,Bi-Weekly,,2024-01-01 00:00:00,883,
938,32.0,Male,Shorts,Clothing,24,Iowa,M,Magenta,Summer,2.7,Yes,Debit Card,Express,Yes,Yes,18,Venmo,Quarterly,,2024-01-01 00:00:00,884,
1917,26.0,Male,Hoodie,Clothing,50,Connecticut,S,Beige,Winter,3.0,No,PayPal,Next Day Air,No,No,3,Debit Card,Bi-Weekly,,2024-01-01 00:00:00,885,
2079,49.0,Male,Dress,Clothing,42,,M,Blue,Spring,3.2,No,Venmo,Next Day Air,No,No,40,Debit Card,Weekly,,2024-01-01 00:00:00,886,
176,53.0,,Coat,Outerwear,86,Oklahoma,L,Violet,Fall,2.8,Yes,Debit Card,Next Day Air,Yes,Yes,2,Bank Transfer,Annually,,2024-01-01 00:00:00,887,
279,57.0,Male,Sweater,Clothing,95,Hawaii,M,Orange,Spring,3.7,Yes,Bank Transfer,Express,Yes,Yes,23,Debit Card,Annually,,2024-01-01 00:00:00,888,
1150,21.0,Male,Jewelry,Accessories,42,Georgia,L,Cyan,Spring,3.3,No,Cash,Store Pickup,Yes,Yes,40,Venmo,Annually,,2024-01-01 00:00:00,889,
1236,23.0,male,Sweater,Clothing,22,Idaho,M,Red,Spring,3.0,No,Bank Transfer,Store Pickup,Yes,Yes,46,PayPal,Every 3 Months,,2024-01-01 00:00:00,890,
1418,62.0,Male,Shorts,Clothing,25,,S,Brown,Spring,4.6,No,Cash,Standard,Yes,Yes,21,Debit Card,Fortnightly,,2024-01-01 00:00:00,891,
1074,22.0,Male,Scarf,Accessories,96,California,XL,Purple,Spring,4.0,No,Cash,Store Pickup,Yes,Yes,33,Credit Card,Monthly,,2024-01-01 00:00:00,892,
2551,53.0,male,Boots,Footwear,52,New Hampshire,XL,Peach,Fall,3.0,No,Credit Card,Store Pickup,No,No,30,Debit Card,Fortnightly,,2024-01-01 00:00:00,893,
2424,49.0,Male,Backpack,Accessories,81,West Virginia,M,Purple,Summer,2.8,No,PayPal,Free Shipping,No,No,7,Credit Card,Every 3 Months,,2024-01-01 00:00:00,894,
692,60.0,Male,Backpack,Accessories,21,Massachusetts,L,Silver,Summer,2.9,Yes,Credit Card,Standard,Yes,Yes,37,PayPal,Bi-Weekly,,2024-01-01 00:00:00,895,
3738,19.0,Female,Jewelry,Accessories,23,Kentucky,S,Maroon,Winter,4.9,No,Debit Card,Free Shipping,No,No,43,PayPal,Bi-Weekly,,2024-01-01 00:00:00,896,
417,36.0,Male,Belt,Accessories,55,Oregon,L,Olive,Spring,3.8,Yes,Bank Transfer,Free Shipping,Yes,Yes,24,Bank Transfer,Fortnightly,,2024-01-01 00:00:00,897,
2515,,Male,Hat,Accessories,37,Alaska,L,Teal,Spring,4.8,No,Debit Card,Free Shipping,No,No,45,PayPal,Bi-Weekly,,2024-01-01 00:00:00,898,
218,35.0,Male,Sunglasses,Accessories,48,Oklahoma,M,Purple,Winter,3.5,Yes,Venmo,Next Day Air,Yes,Yes,24,Bank Transfer,Annually,,2024-01-01 00:00:00,899,
760,51.0,male,Dress,Clothing,49,Rhode Island,XL,Green,Winter,2.6,Yes,Bank Transfer,Next Day Air,Yes,Yes,25,Credit Card,Fortnightly,,2024-01-01 00:00:00,900,
1989,,Male,Pants,Clothing,79,Virginia,M,Gold,Winter,3.9,No,Credit Card,Free Shipping,No,No,26,Bank Transfer,Weekly,,2024-01-01 00:00:00,901,
1045,39.0,Male,Jeans,Clothing,30,Oregon,L,Teal,Summer,4.4,Yes,Credit Card,Next Day Air,Yes,Yes,17,Bank Transfer,Every 3 Months,,2024-01-01 00:00:00,902,
3126,33.0,Female,Coat,Outerwear,26,Oregon,L,Lavender,Spring,4.0,No,Venmo,Standard,No,No,3,Cash,Quarterly,,2024-01-01 00:00:00,903,
3139,47.0,Female,Blouse,Clothing,95,Kentucky,L,Gray,Fall,4.6,No,Venmo,Next Day Air,No,No,40,Cash,Every 3 Months,,2024-01-01 00:00:00,904,
2987,62.0,Female,Belt,Accessories,85,Arizona,S,Silver,Summer,3.3,No,Credit Card,2-Day Shipping,No,No,16,Credit Card,Monthly,,2024-01-01 00:00:00,905,
1721,25.0,Male,Shorts,Clothing,84,Massachusetts,S,Beige,Winter,2.8,No,Cash,Express,,No,40,Debit Card,Bi-Weekly,,2024-01-01 00:00:00,906,
2365,62.0,Male,Sunglasses,Accessories,60,Mississippi,L,Maroon,Winter,,No,Credit Card,Free Shipping,No,No,4,PayPal,Quarterly,,2024-01-01 00:00:00,907,
728,62.0,Male,Sweater,Clothing,97,Arkansas,S,Gray,Winter,4.8,Yes,Credit Card,Next Day Air,,Yes,37,Venmo,Every 3 Months,,2024-01-01 00:00:00,908,
1117,67.0,Male,Backpack,Accessories,96,,M,Charcoal,Winter,4.2,No,Venmo,Express,Yes,Yes,39,PayPal,Fortnightly,,2024-01-01 00:00:00,909,
1468,30.0,Male,Jewelry,Accessories,27,,XL,Olive,Winter,4.7,No,Credit Card,Store Pickup,Yes,Yes,16,Debit Card,Fortnightly,,2024-01-01 00:00:00,910,
1115,55.0,Male,Skirt,Clothing,25,New Hampshire,L,Violet,Fall,2.6,No,Cash,Next Day Air,Yes,Yes,47,Bank Transfer,Every 3 Months,,2024-01-01 00:00:00,911,
3137,58.0,Female,Skirt,Clothing,32,Minnesota,M,Gray,Fall,3.1,No,Bank Transfer,Next Day Air,No,No,29,Cash,Bi-Weekly,,2024-01-01 00:00:00,912,
450,26.0,Male,Jewelry,Accessories,45,New York,L,Peach,Summer,2.9,Yes,PayPal,2-Day Shipping,Yes,Yes,35,Bank Transfer,Monthly,,2024-01-01 00:00:00,913,
2576,53.0,Male,Shorts,Clothing,96,Minnesota,M,Silver,Fall,4.0,No,Cash,Express,No,No,9,PayPal,Annually,,2024-01-01 00:00:00,914,
377,51.0,Male,Shoes,Footwear,51,South Carolina,S,Gray,Fall,4.9,Yes,PayPal,Express,Yes,Yes,2,Venmo,Bi-Weekly,,2024-01-01 00:00:00,915,
1736,58.0,Male,Dress,Clothing,34,Texas,M,Purple,Winter,3.6,No,Debit Card,Express,No,No,31,Venmo,Annually,,2024-01-01 00:00:00,916,
3690,47.0,Female,Jewelry,Accessories,30,South Carolina,L,Red,Fall,4.5,No,Cash,,No,No,8,Bank Transfer,Quarterly,,2024-01-01 00:00:00,917,
2534,66.0,,Jewelry,Accessories,46,Pennsylvania,S,Blue,Summer,3.1,No,Venmo,Standard,No,No,49,Cash,Bi-Weekly,,2024-01-01 00:00:00,918,
434,49.0,Male,Skirt,Clothing,92,Alabama,M,Orange,Fall,3.2,Yes,Bank Transfer,Store Pickup,Yes,Yes,23,Credit Card,Fortnightly,,2024-01-01 00:00:00,919,
1576,52.0,Male,Shirt,Clothing,28,California,M,Turquoise,Spring,3.6,No,Cash,Next Day Air,Yes,Yes,28,Cash,Fortnightly,,2024-01-01 00:00:00,920,
372,27.0,Male,Sneakers,Footwear,83,North Carolina,S,Pink,Winter,3.2,Yes,Bank Transfer,2-Day Shipping,Yes,Yes,47,PayPal,Monthly,,2024-01-01 00:00:00,921,
3293,62.0,Female,Handbag,Accessories,23,Missouri,L,Gray,Spring,4.9,No,Debit Card,Standard,No,No,18,Bank Transfer,Fortnightly,,2024-01-01 00:00:00,922,
2409,23.0,Male,Sneakers,Footwear,55,Hawaii,XL,Black,Fall,4.2,No,PayPal,Next Day Air,,No,44,Debit Card,Every 3 Months,,2024-01-01 00:00:00,923,
1007,21.0,Male,Pants,Clothing,83,Michigan,S,Lavender,Summer,4.5,Yes,Credit Card,Next Day Air,Yes,Yes,50,Venmo,Quarterly,,2024-01-01 00:00:00,924,
701,,male,Pants,Clothing,79,Wisconsin,L,Olive,Winter,4.1,Yes,Venmo,Standard,Yes,Yes,5,PayPal,Monthly,,2024-01-01 00:00:00,925,
1026,60.0,Male,Shirt,Clothing,84,,M,Olive,Winter,4.9,Yes,Bank Transfer,Free Shipping,Yes,Yes,15,Credit Card,Annually,,2024-01-01 00:00:00,926,
645,68.0,Male,Backpack,Accessories,93,Louisiana,S,Blue,Summer,4.3,Yes,Venmo,Next Day Air,Yes,Yes,37,Cash,Weekly,,2024-01-01 00:00:00,927,
3225,37.0,Female,Hoodie,Clothing,80,Delaware,L,Indigo,Winter,2.7,No,Cash,Free Shipping,No,No,18,PayPal,Monthly,,2024-01-01 00:00:00,928,
666,41.0,,Pants,Clothing,55,New Mexico,M,Peach,Spring,4.9,Yes,Cash,2-Day Shipping,Yes,Yes,50,Credit Card,Annually,,2024-01-01 00:00:00,929,
930,59.0,male,Boots,Footwear,94,Nebraska,M,White,Fall,4.5,Yes,Venmo,2-Day Shipping,Yes,Yes,26,Debit Card,Fortnightly,,2024-01-01 00:00:00,930,
916,31.0,Male,Dress,Clothing,22,Rhode Island,L,Purple,Winter,2.9,Yes,Debit Card,Store Pickup,Yes,Yes,33,Credit Card,Fortnightly,,2024-01-01 00:00:00,931,
1518,57.0,Male,Gloves,Accessories,41,New Hampshire,M,Violet,Spring,3.4,No,PayPal,Standard,Yes,Yes,12,Cash,Quarterly,,2024-01-01 00:00:00,932,
1676,35.0,Male,Pants,Clothing,90,Colorado,M,Beige,Spring,4.7,No,Venmo,Next Day Air,Yes,Yes,21,Credit Card,Annually,,2024-01-01 00:00:00,933,
2845,32.0,Female,Hat,Accessories,79,New Mexico,M,Indigo,Summer,,No,Venmo,Standard,No,No,42,Venmo,Annually,,2024-01-01 00:00:00,934,
3733,36.0,Female,Shoes,Footwear,92,Indiana,L,Pink,Spring,3.3,No,PayPal,Free Shipping,No,No,28,PayPal,Annually,,2024-01-01 00:00:00,935,
1615,,Male,T-shirt,Clothing,41,,S,Gray,Summer,3.4,No,Cash,Free Shipping,Yes,Yes,22,Cash,Bi-Weekly,,2024-01-01 00:00:00,936,
1147,48.0,Male,Sneakers,Footwear,38,Wisconsin,M,Indigo,Summer,4.2,No,Debit Card,Standard,Yes,Yes,7,Bank Transfer,Every 3 Months,,2024-01-01 00:00:00,937,
795,69.0,male,Backpack,Accessories,50,,XL,Yellow,Winter,4.2,Yes,Bank Transfer,Store Pickup,Yes,Yes,10,Debit Card,Fortnightly,,2024-01-01 00:00:00,938,
3607,41.0,Female,Sandals,Footwear,90,Minnesota,XL,Purple,Fall,4.8,No,Cash,Express,No,No,41,Venmo,Annually,,2024-01-01 00:00:00,939,
247,35.0,Male,Sunglasses,Accessories,86,Nevada,XL,Beige,Spring,3.2,Yes,Credit Card,Express,Yes,Yes,20,Venmo,Bi-Weekly,,2024-01-01 00:00:00,940,
3795,44.0,Female,Scarf,Accessories,82,South Dakota,M,Violet,Summer,3.6,,Debit Card,2-Day Shipping,No,No,27,Venmo,Weekly,,2024-01-01 00:00:00,941,
735,65.0,male,Shirt,Clothing,69,New Jersey,S,Violet,Winter,3.1,Yes,Venmo,Express,Yes,Yes,39,Bank Transfer,Every 3 Months,,2024-01-01 00:00:00,942,
506,61.0,Male,T-shirt,Clothing,63,Maine,L,Gray,Spring,4.3,Yes,Credit Card,Express,Yes,Yes,9,Cash,Bi-Weekly,,2024-01-01 00:00:00,943,
1953,57.0,Male,Shoes,Footwear,82,Maryland,L,Yellow,Summer,4.6,No,PayPal,2-Day Shipping,No,No,50,Cash,Bi-Weekly,,2024-01-01 00:00:00,944,
924,,Male,Shirt,Clothing,24,Arkansas,M,Silver,Spring,4.2,Yes,PayPal,2-Day Shipping,Yes,Yes,7,PayPal,Weekly,,2024-01-01 00:00:00,945,
2657,52.0,Female,Shorts,Clothing,76,Indiana,L,Yellow,Winter,3.6,No,Bank Transfer,Express,No,No,29,Bank Transfer,Fortnightly,,2024-01-01 00:00:00,946,
2035,61.0,Male,Shorts,Clothing,30,Alabama,M,Peach,Spring,2.9,No,Credit Card,Store Pickup,No,No,27,PayPal,Monthly,,2024-01-01 00:00:00,947,
3748,26.0,Female,Sweater,Clothing,53,,L,Olive,Spring,4.3,No,Credit Card,Store Pickup,,No,32,Bank Transfer,Bi-Weekly,,2024-01-01 00:00:00,948,
2651,20.0,Male,Socks,Clothing,35,Oregon,L,Maroon,Summer,4.2,No,PayPal,Standard,No,No,46,Credit Card,Every 3 Months,,2024-01-01 00:00:00,949,
533,26.0,,Pants,Clothing,76,,L,Black,Winter,4.1,Yes,Bank Transfer,Express,Yes,Yes,35,Bank Transfer,Every 3 Months,,2024-01-01 00:00:00,950,
2304,51.0,Male,Sunglasses,Accessories,71,New Jersey,S,Beige,Spring,4.8,No,Bank Transfer,2-Day Shipping,No,No,31,Credit Card,Fortnightly,,2024-01-01 00:00:00,951,
109,70.0,Male,Socks,Clothing,79,Montana,L,Purple,Spring,3.4,Yes,Bank Transfer,Next Day Air,Yes,Yes,32,Bank Transfer,Bi-Weekly,,2024-01-01 00:00:00,952,
3793,43.0,Female,Scarf,Accessories,58,,S,Turquoise,Summer,2.6,No,Credit Card,Express,No,No,2,PayPal,Fortnightly,,2024-01-01 00:00:00,953,
2664,46.0,FEMALE,Sneakers,Footwear,52,Wisconsin,L,Silver,Fall,2.9,No,Credit Card,Free Shipping,No,No,23,Bank Transfer,Annually,,2024-01-01 00:00:00,954,
2426,58.0,Male,Shoes,Footwear,49,North Dakota,S,Olive,Summer,3.0,No,Venmo,,No,No,34,Bank Transfer,Quarterly,,2024-01-01 00:00:00,955,
1732,21.0,Male,Backpack,Accessories,87,Idaho,M,Gray,Fall,3.1,No,Debit Card,Next Day Air,No,No,12,Cash,Monthly,,2024-01-01 00:00:00,956,
1899,,male,Pants,Clothing,97,Texas,L,Magenta,Fall,3.5,No,PayPal,Next Day Air,No,No,25,Venmo,Monthly,,2024-01-01 00:00:00,957,
2384,53.0,Male,Backpack,Accessories,72,Rhode Island,L,Gold,Spring,4.9,No,Cash,2-Day Shipping,No,No,25,Bank Transfer,Annually,,2024-01-01 00:00:00,958,
2988,63.0,Female,Skirt,Clothing,36,Louisiana,L,Black,Winter,2.5,No,Debit Card,Store Pickup,No,No,42,Cash,Monthly,,2024-01-01 00:00:00,959,
3769,50.0,Female,Sweater,Clothing,35,Vermont,M,Yellow,Winter,4.0,No,PayPal,Free Shipping,No,No,34,Bank Transfer,Quarterly,,2024-01-01 00:00:00,960,
544,53.0,Male,Skirt,Clothing,98,Alabama,S,Red,Spring,,Yes,Debit Card,Express,Yes,Yes,11,Credit Card,Monthly,,2024-01-01 00:00:00,961,
2553,61.0,Male,Belt,Accessories,48,Maryland,XL,Purple,Spring,,No,Cash,2-Day Shipping,No,No,13,Credit Card,Annually,,2024-01-01 00:00:00,962,
2507,57.0,Male,Dress,Clothing,82,New York,XL,Orange,Spring,4.4,No,Debit Card,Free Shipping,No,No,19,Venmo,Annually,,2024-01-01 00:00:00,963,
3116,26.0,Female,Scarf,Accessories,53,South Dakota,M,Charcoal,Fall,4.1,No,PayPal,Free Shipping,,No,9,Bank Transfer,Bi-Weekly,,2024-01-01 00:00:00,964,
2881,19.0,FEMALE,Skirt,Clothing,61,Florida,L,Beige,Winter,4.8,No,Debit Card,Store Pickup,No,No,43,PayPal,Quarterly,,2024-01-01 00:00:00,965,
260,32.0,Male,Jeans,Clothing,57,Louisiana,M,Gold,Fall,2.9,Yes,Credit Card,Standard,Yes,Yes,13,Debit Card,Annually,,2024-01-01 00:00:00,966,
3253,69.0,Female,Sandals,Footwear,21,Montana,L,Brown,Spring,2.7,No,Bank Transfer,Store Pickup,No,No,48,Credit Card,Fortnightly,,2024-01-01 00:00:00,967,
3698,55.0,Female,Hoodie,Clothing,66,Pennsylvania,L,Pink,Winter,3.0,No,PayPal,Standard,No,No,39,Cash,Weekly,,2024-01-01 00:00:00,968,
2666,70.0,Female,T-shirt,Clothing,71,Louisiana,L,Red,Winter,3.5,No,Venmo,Store Pickup,No,No,4,Venmo,Weekly,,2024-01-01 00:00:00,969,
1310,32.0,Male,Blouse,Clothing,21,Hawaii,L,Lavender,Summer,4.7,No,Bank Transfer,Store Pickup,Yes,Yes,41,Cash,Quarterly,,2024-01-01 00:00:00,970,
928,28.0,Male,Sneakers,Footwear,78,New Mexico,L,Black,Summer,4.4,Yes,Bank Transfer,Standard,Yes,Yes,8,Venmo,Bi-Weekly,,2024-01-01 00:00:00,971,
613,67.0,Male,Hat,Accessories,43,New Hampshire,L,Lavender,Fall,4.6,Yes,PayPal,Express,Yes,Yes,33,Credit Card,Quarterly,,2024-01-01 00:00:00,972,
1338,37.0,Male,Sweater,Clothing,86,Tennessee,L,Silver,Spring,3.4,No,Venmo,Express,Yes,Yes,19,Credit Card,Bi-Weekly,,2024-01-01 00:00:00,973,
1834,,Male,Jewelry,Accessories,53,,M,Yellow,Spring,4.5,No,Bank Transfer,2-Day Shipping,No,No,19,PayPal,Fortnightly,,2024-01-01 00:00:00,974,
220,32.0,Male,Belt,Accessories,88,,M,Cyan,Spring,3.0,Yes,Venmo,Free Shipping,Yes,Yes,12,Cash,Fortnightly,,2024-01-01 00:00:00,975,
3144,68.0,Female,Hoodie,Clothing,22,Arizona,M,Purple,Summer,2.9,No,Debit Card,Store Pickup,No,No,26,Cash,Quarterly,,2024-01-01 00:00:00,976,
486,48.0,Male,Shoes,Footwear,44,Tennessee,S,Blue,Spring,,Yes,Debit Card,Next Day Air,Yes,Yes,36,Debit Card,Fortnightly,,2024-01-01 00:00:00,977,
2329,45.0,Male,Pants,Clothing,36,North Dakota,M,Maroon,Fall,2.6,No,Credit Card,Express,No,No,29,Venmo,Bi-Weekly,,2024-01-01 00:00:00,978,
3461,41.0,Female,Scarf,Accessories,78,Indiana,M,Gold,Spring,3.1,No,Credit Card,Express,No,No,5,Bank Transfer,Bi-Weekly,,2024-01-01 00:00:00,979,
3537,55.0,Female,Handbag,Accessories,21,Minnesota,L,Peach,Spring,4.5,No,Venmo,Express,No,No,10,Venmo,Monthly,,2024-01-01 00:00:00,980,
1747,65.0,Male,Handbag,Accessories,44,Alabama,L,Brown,Summer,3.1,No,Bank Transfer,Store Pickup,No,No,44,Bank Transfer,Fortnightly,,2024-01-01 00:00:00,981,
259,61.0,Male,Gloves,Accessories,74,Alabama,S,Lavender,Spring,2.8,Yes,Venmo,Express,Yes,Yes,16,Cash,Quarterly,,2024-01-01 00:00:00,982,
2899,23.0,Female,Sneakers,Footwear,33,,XL,Peach,Summer,4.6,No,Credit Card,Express,No,No,29,Credit Card,Annually,,2024-01-01 00:00:00,983,
387,64.0,,Jewelry,Accessories,39,Louisiana,L,Brown,Spring,3.4,Yes,Cash,Express,Yes,Yes,40,PayPal,Quarterly,,2024-01-01 00:00:00,984,
848,53.0,Male,Hoodie,Clothing,44,New Jersey,L,Blue,Fall,4.1,Yes,Bank Transfer,,Yes,Yes,30,PayPal,Monthly,,2024-01-01 00:00:00,985,
2587,20.0,Male,Coat,Outerwear,28,Maine,L,Yellow,Winter,4.6,No,Venmo,Express,No,No,1,Credit Card,Every 3 Months,,2024-01-01 00:00:00,986,
1658,69.0,Male,Skirt,Clothing,36,Indiana,L,Turquoise,Spring,3.2,No,Cash,Store Pickup,,Yes,4,Debit Card,Bi-Weekly,,2024-01-01 00:00:00,987,
3122,63.0,Female,Hoodie,Clothing,38,Louisiana,L,Black,Fall,2.6,No,Credit Card,Standard,No,No,16,Venmo,Weekly,,2024-01-01 00:00:00,988,
1819,58.0,Male,Sunglasses,Accessories,39,North Carolina,M,White,Fall,3.8,No,Credit Card,Express,No,No,47,Debit Card,Every 3 Months,,2024-01-01 00:00:00,989,
3112,21.0,FEMALE,Belt,Accessories,81,Kansas,XL,Indigo,Spring,4.9,No,PayPal,Free Shipping,,No,25,Debit Card,Quarterly,,2024-01-01 00:00:00,990,
3156,22.0,Female,Handbag,Accessories,90,Montana,M,Brown,Fall,4.3,No,PayPal,Free Shipping,No,No,34,Cash,Annually,,2024-01-01 00:00:00,991,
3388,53.0,Female,Pants,Clothing,78,New Jersey,S,Pink,Spring,3.4,No,Venmo,2-Day Shipping,No,No,2,Credit Card,Bi-Weekly,,2024-01-01 00:00:00,992,
210,55.0,Male,Sandals,Footwear,97,Minnesota,S,Olive,Winter,3.2,Yes,Bank Transfer,Store Pickup,,Yes,44,Cash,Every 3 Months,,2024-01-01 00:00:00,993,
3636,52.0,FEMALE,Sandals,Footwear,32,Colorado,L,Cyan,Fall,3.3,No,Cash,Free Shipping,No,No,17,Credit Card,Fortnightly,,2024-01-01 00:00:00,994,
2011,24.0,Male,Sweater,Clothing,21,Texas,M,Maroon,Summer,4.4,No,Venmo,,No,No,3,Debit Card,Bi-Weekly,,2024-01-01 00:00:00,995,
3173,57.0,FEMALE,Socks,Clothing,52,Missouri,M,Olive,Fall,3.7,No,Venmo,Standard,No,No,30,Debit Card,Bi-Weekly,,2024-01-01 00:00:00,996,
911,49.0,Male,Hoodie,Clothing,25,South Carolina,S,Pink,Spring,3.4,Yes,Bank Transfer,Express,Yes,Yes,22,Credit Card,Monthly,,2024-01-01 00:00:00,997,
3686,47.0,Female,Shorts,Clothing,42,Tennessee,L,Red,Summer,2.6,No,PayPal,Standard,No,No,17,Cash,Bi-Weekly,,2024-01-01 00:00:00,998,
3568,32.0,FEMALE,Scarf,Accessories,56,New Mexico,S,Silver,Summer,,No,Venmo,Next Day Air,No,No,26,Credit Card,Monthly,,2024-01-01 00:00:00,999,
2695,66.0,Female,Sunglasses,Accessories,27,Louisiana,M,Olive,Spring,4.9,No,Venmo,Express,No,No,34,Credit Card,Every 3 Months,,2024-01-01 00:00:00,1000,
2175,42.0,Male,Backpack,Accessories,49,Colorado,S,Olive,Spring,2.9,,Cash,Store Pickup,No,No,1,Cash,Annually,,2024-01-01 00:00:00,1001,
597,999.0,male,Shoes,Footwear,37,Montana,XL,White,Summer,4.5,Yes,PayPal,Store Pickup,Yes,Yes,36,Venmo,Annually,,2024-01-01 00:00:00,1002,
1968,37.0,Male,Dress,Clothing,81,,L,Yellow,Fall,3.7,No,Venmo,Standard,No,No,4,Venmo,Annually,,2024-01-01 00:00:00,1003,
1415,29.0,Male,Socks,Clothing,51,Minnesota,M,Black,Summer,4.5,No,Debit Card,Store Pickup,Yes,Yes,3,Credit Card,Bi-Weekly,,2024-01-01 00:00:00,1004,
297,25.0,Male,Sandals,Footwear,74,Indiana,S,Lavender,Spring,4.8,Yes,PayPal,2-Day Shipping,Yes,Yes,19,Credit Card,Weekly,,2024-01-01 00:00:00,1005,
3877,60.0,Female,Shoes,Footwear,85,,S,Cyan,Fall,2.6,No,Bank Transfer,2-Day Shipping,No,No,7,Cash,Annually,,2024-01-01 00:00:00,1006,
508,65.0,Male,Shorts,Clothing,20,Maine,M,Magenta,Spring,5.0,,Bank Transfer,Store Pickup,Yes,Yes,33,Debit Card,Fortnightly,,2024-01-01 00:00:00,1007,
2878,32.0,Female,Socks,Clothing,46,New Jersey,M,Silver,Summer,3.6,No,PayPal,Standard,No,No,34,Venmo,Monthly,,2024-01-01 00:00:00,1008,
8,27.0,Male,Shorts,Clothing,34,Louisiana,L,Charcoal,Winter,3.2,Yes,Debit Card,Free Shipping,Yes,Yes,19,Credit Card,Weekly,,2024-01-01 00:00:00,1009,
3311,45.0,FEMALE,Jacket,Outerwear,27,Iowa,M,Pink,Winter,,No,Debit Card,Free Shipping,,No,12,PayPal,Fortnightly,,2024-01-01 00:00:00,1010,
3330,34.0,,Backpack,Accessories,54,New Jersey,M,Gray,Winter,3.8,No,Debit Card,Express,No,No,1,Debit Card,Bi-Weekly,,2024-01-01 00:00:00,1011,
2047,39.0,Male,Pants,Clothing,32,Oklahoma,M,Maroon,Winter,2.8,No,Bank Transfer,Free Shipping,,No,30,Cash,Every 3 Months,,2024-01-01 00:00:00,1012,
2160,,Male,Shirt,Clothing,58,Louisiana,M,Peach,Fall,3.0,No,PayPal,Free Shipping,No,No,34,Cash,Annually,,2024-01-01 00:00:00,1013,
2098,33.0,Male,Sneakers,Footwear,43,Iowa,S,Cyan,Winter,3.9,,Credit Card,Next Day Air,No,No,5,Credit Card,Weekly,,2024-01-01 00:00:00,1014,
3132,34.0,Female,Jacket,Outerwear,59,North Dakota,M,Peach,Fall,2.9,No,Cash,Store Pickup,No,No,11,Bank Transfer,Every 3 Months,,2024-01-01 00:00:00,1015,
1875,67.0,Male,Pants,Clothing,33,Indiana,L,Purple,Fall,3.6,No,Cash,Free Shipping,,No,14,Cash,Weekly,,2024-01-01 00:00:00,1016,
1799,40.0,Male,Dress,Clothing,82,North Dakota,L,Magenta,Winter,3.7,No,Credit Card,Express,No,No,1,Cash,Weekly,,2024-01-01 00:00:00,1017,
178,21.0,Male,Hoodie,Clothing,42,Kansas,L,Magenta,Fall,3.7,Yes,Debit Card,Next Day Air,Yes,Yes,47,Bank Transfer,Monthly,,2024-01-01 00:00:00,1018,
3870,,Female,Coat,Outerwear,64,Arizona,L,Cyan,Spring,3.8,No,Bank Transfer,Free Shipping,,No,28,Bank Transfer,Annually,,2024-01-01 00:00:00,1019,
2792,43.0,Female,Gloves,Accessories,60,Iowa,M,Yellow,Fall,2.8,No,Credit Card,Express,No,No,14,Venmo,Fortnightly,,2024-01-01 00:00:00,1020,
791,22.0,Male,Sweater,Clothing,37,Louisiana,M,Indigo,Summer,4.9,Yes,Venmo,Store Pickup,Yes,Yes,12,Bank Transfer,Quarterly,,2024-01-01 00:00:00,1021,
2252,26.0,Male,Shoes,Footwear,94,Virginia,L,Gold,Fall,3.8,No,PayPal,Free Shipping,No,No,22,Debit Card,Monthly,,2024-01-01 00:00:00,1022,
679,27.0,Male,Blouse,Clothing,74,Maine,M,Teal,Fall,3.3,Yes,Credit Card,Store Pickup,Yes,Yes,25,Debit Card,Every 3 Months,,2024-01-01 00:00:00,1023,
3469,36.0,Female,Sunglasses,Accessories,89,Ohio,S,Indigo,Winter,3.5,No,Credit Card,Standard,No,No,36,Debit Card,Quarterly,,2024-01-01 00:00:00,1024,
1211,34.0,Male,Sunglasses,Accessories,78,Missouri,M,Olive,Fall,4.1,No,PayPal,Next Day Air,Yes,Yes,5,Cash,Quarterly,,2024-01-01 00:00:00,1025,
1012,43.0,Male,Backpack,Accessories,25,Montana,L,Indigo,Spring,2.9,Yes,PayPal,Next Day Air,,Yes,32,Debit Card,Fortnightly,,2024-01-01 00:00:00,1026,
2195,61.0,Male,Socks,Clothing,29,Kentucky,M,Silver,Summer,3.5,No,Debit Card,Standard,No,No,48,Bank Transfer,Quarterly,,2024-01-01 00:00:00,1027,
1533,68.0,Male,Jacket,Outerwear,46,Wisconsin,S,Silver,Winter,4.4,No,PayPal,Next Day Air,Yes,Yes,5,PayPal,Every 3 Months,,2024-01-01 00:00:00,1028,
3259,31.0,Female,Shoes,Footwear,51,New Jersey,M,Magenta,Spring,4.3,No,Debit Card,Express,,No,11,Credit Card,Bi-Weekly,,2024-01-01 00:00:00,1029,
1851,,Male,Gloves,Accessories,76,Wyoming,S,Black,Winter,2.8,No,Credit Card,Store Pickup,No,No,50,Debit Card,Weekly,,2024-01-01 00:00:00,1030,
680,56.0,Male,Sandals,Footwear,95,Michigan,M,Turquoise,Fall,3.4,Yes,PayPal,,Yes,Yes,37,Venmo,Fortnightly,,2024-01-01 00:00:00,1031,
1860,54.0,Male,Belt,Accessories,26,New Jersey,L,Beige,Summer,3.7,No,Credit Card,Store Pickup,No,No,29,Debit Card,Fortnightly,,2024-01-01 00:00:00,1032,
782,30.0,Male,Scarf,Accessories,44,Vermont,L,Indigo,Winter,3.0,Yes,PayPal,Store Pickup,Yes,Yes,12,Credit Card,Fortnightly,,2024-01-01 00:00:00,1033,
3805,37.0,,Hat,Accessories,77,,M,Olive,Fall,2.7,No,Venmo,2-Day Shipping,No,No,45,Cash,Annually,,2024-01-01 00:00:00,1034,
3641,47.0,FEMALE,Sunglasses,Accessories,31,Minnesota,L,Pink,Spring,4.0,No,Credit Card,Next Day Air,No,No,17,PayPal,Monthly,,2024-01-01 00:00:00,1035,
1371,27.0,Male,Scarf,Accessories,67,Montana,L,Peach,Summer,2.9,No,PayPal,2-Day Shipping,Yes,Yes,41,Bank Transfer,Every 3 Months,,2024-01-01 00:00:00,1036,
2334,33.0,Male,Shirt,Clothing,77,Kansas,M,Beige,Spring,3.8,No,Cash,Next Day Air,No,No,1,PayPal,Every 3 Months,,2024-01-01 00:00:00,1037,
3780,60.0,Female,Jeans,Clothing,75,California,XL,Lavender,Spring,4.0,No,Venmo,Express,No,No,45,PayPal,Annually,,2024-01-01 00:00:00,1038,
2678,45.0,FEMALE,Shorts,Clothing,43,Connecticut,L,Olive,Spring,3.8,No,Debit Card,Next Day Air,No,No,6,PayPal,Every 3 Months,,2024-01-01 00:00:00,1039,
3310,48.0,Female,Handbag,Accessories,47,Massachusetts,M,Blue,Summer,3.1,No,Credit Card,Store Pickup,No,No,19,PayPal,Monthly,,2024-01-01 00:00:00,1040,
884,28.0,Male,Sneakers,Footwear,37,Pennsylvania,S,Gold,Fall,4.3,Yes,Venmo,Free Shipping,Yes,Yes,30,Bank Transfer,Monthly,,2024-01-01 00:00:00,1041,
383,28.0,Male,Jeans,Clothing,76,California,M,Peach,Winter,3.2,,PayPal,Store Pickup,Yes,Yes,47,PayPal,Quarterly,,2024-01-01 00:00:00,1042,
3617,42.0,Female,Hoodie,Clothing,23,Wisconsin,L,Purple,Winter,3.3,No,Cash,Store Pickup,No,No,33,Debit Card,Fortnightly,,2024-01-01 00:00:00,1043,
1352,30.0,Male,Coat,Outerwear,31,Vermont,L,Maroon,Summer,2.8,No,Credit Card,2-Day Shipping,Yes,Yes,28,Bank Transfer,Quarterly,,2024-01-01 00:00:00,1044,
3693,59.0,Female,Coat,Outerwear,34,Alabama,L,Turquoise,Spring,4.8,No,Venmo,Free Shipping,No,No,29,Cash,Fortnightly,,2024-01-01 00:00:00,1045,
32,33.0,Male,Dress,Clothing,79,,L,Brown,Winter,4.7,Yes,Venmo,Store Pickup,,Yes,45,Venmo,Monthly,,2024-01-01 00:00:00,1046,
2776,,FEMALE,Socks,Clothing,25,Montana,L,Red,Fall,3.6,,Venmo,Free Shipping,No,No,16,Debit Card,Weekly,,2024-01-01 00:00:00,1047,
1540,32.0,Male,Belt,Accessories,55,Hawaii,M,Turquoise,Spring,,No,Credit Card,2-Day Shipping,Yes,Yes,19,Cash,Every 3 Months,,2024-01-01 00:00:00,1048,
2883,,Female,Blouse,Clothing,51,Oklahoma,L,Gold,Winter,2.6,No,Credit Card,Store Pickup,No,No,23,Credit Card,Bi-Weekly,,2024-01-01 00:00:00,1049,
611,53.0,Male,Shorts,Clothing,72,Oklahoma,M,Charcoal,Summer,2.5,Yes,Debit Card,Free Shipping,Yes,Yes,27,Bank Transfer,Every 3 Months,,2024-01-01 00:00:00,1050,
571,65.0,Male,T-shirt,Clothing,99,Iowa,XL,Purple,Fall,4.1,Yes,Credit Card,Standard,Yes,Yes,20,Cash,Annually,,2024-01-01 00:00:00,1051,
344,27.0,Male,Sandals,Footwear,39,Nebraska,M,Purple,Summer,,Yes,Cash,Next Day Air,Yes,Yes,26,Venmo,Monthly,,2024-01-01 00:00:00,1052,
1903,31.0,Male,Sandals,Footwear,22,New Mexico,S,Olive,Spring,5.0,No,Bank Transfer,Store Pickup,No,No,21,Venmo,Monthly,,2024-01-01 00:00:00,1053,
3880,26.0,Female,Skirt,Clothing,63,Florida,L,Maroon,Winter,4.1,No,Cash,Free Shipping,,No,6,Debit Card,Quarterly,,2024-01-01 00:00:00,1054,
3053,48.0,Female,Shoes,Footwear,38,Maine,XL,Olive,Spring,4.5,No,Credit Card,Store Pickup,No,No,7,Bank Transfer,Fortnightly,,2024-01-01 00:00:00,1055,
3228,28.0,Female,Scarf,Accessories,69,Alaska,XL,White,Fall,2.7,No,Credit Card,Free Shipping,No,No,42,Debit Card,Quarterly,,2024-01-01 00:00:00,1056,
3565,60.0,FEMALE,Gloves,Accessories,38,Illinois,S,Brown,Summer,4.4,No,PayPal,Free Shipping,No,No,40,Venmo,Annually,,2024-01-01 00:00:00,1057,
2113,43.0,male,Belt,Accessories,68,Tennessee,M,Lavender,Fall,4.5,No,Credit Card,2-Day Shipping,No,No,7,Cash,Fortnightly,,2024-01-01 00:00:00,1058,
1085,34.0,Male,T-shirt,Clothing,36,Arkansas,S,Purple,Fall,4.1,No,Credit Card,Next Day Air,Yes,Yes,48,Cash,Quarterly,,2024-01-01 00:00:00,1059,
2382,62.0,Male,Sandals,Footwear,23,Wisconsin,M,Teal,Summer,4.5,No,Bank Transfer,Free Shipping,No,No,23,PayPal,Annually,,2024-01-01 00:00:00,1060,
2531,25.0,male,Skirt,Clothing,98,Massachusetts,S,Cyan,Spring,3.6,No,Debit Card,Free Shipping,No,No,28,Debit Card,Weekly,,2024-01-01 00:00:00,1061,
3199,61.0,Female,Gloves,Accessories,94,Pennsylvania,L,Peach,Winter,2.8,No,Cash,Free Shipping,No,No,39,Debit Card,Weekly,,2024-01-01 00:00:00,1062,
966,43.0,Male,Boots,Footwear,55,Delaware,L,Black,Spring,,Yes,Debit Card,Store Pickup,Yes,Yes,10,Credit Card,Annually,,2024-01-01 00:00:00,1063,
529,34.0,male,Sneakers,Footwear,88,Maryland,S,Beige,Winter,3.2,Yes,Venmo,Express,Yes,Yes,40,Cash,Annually,,2024-01-01 00:00:00,1064,
177,53.0,male,Backpack,Accessories,81,New Hampshire,L,Black,Spring,2.7,Yes,Bank Transfer,Next Day Air,Yes,Yes,30,Credit Card,Quarterly,,2024-01-01 00:00:00,1065,
423,47.0,male,Pants,Clothing,59,Minnesota,M,Purple,Fall,3.1,Yes,Bank Transfer,Store Pickup,Yes,Yes,32,Debit Card,Annually,,2024-01-01 00:00:00,1066,
1357,49.0,Male,Jacket,Outerwear,61,Indiana,M,Cyan,Spring,4.0,,Debit Card,Free Shipping,Yes,Yes,34,Bank Transfer,Annually,,2024-01-01 00:00:00,1067,
3257,60.0,Female,Sunglasses,Accessories,26,Wisconsin,L,Teal,Winter,4.7,No,Cash,Free Shipping,No,No,50,Venmo,Every 3 Months,,2024-01-01 00:00:00,1068,
3143,23.0,Female,Sneakers,Footwear,21,Kansas,L,Magenta,Winter,4.0,No,PayPal,2-Day Shipping,No,No,1,Venmo,Quarterly,,2024-01-01 00:00:00,1069,
573,56.0,male,Scarf,Accessories,97,,XL,Cyan,Summer,,Yes,Credit Card,Next Day Air,Yes,Yes,26,Bank Transfer,Annually,,2024-01-01 00:00:00,1070,
2313,19.0,Male,T-shirt,Clothing,30,Vermont,L,Violet,Summer,3.7,No,PayPal,Free Shipping,No,No,19,Cash,Every 3 Months,,2024-01-01 00:00:00,1071,
289,,Male,T-shirt,Clothing,62,North Carolina,M,Lavender,Winter,3.7,Yes,Credit Card,2-Day Shipping,Yes,Yes,34,Venmo,Bi-Weekly,,2024-01-01 00:00:00,1072,
1554,,Male,Blouse,Clothing,45,Delaware,M,Indigo,Spring,,No,PayPal,Free Shipping,Yes,Yes,21,Debit Card,Quarterly,,2024-01-01 00:00:00,1073,
3239,25.0,Female,Sneakers,Footwear,84,,XL,Teal,Fall,,No,PayPal,2-Day Shipping,,No,37,Cash,Quarterly,,2024-01-01 00:00:00,1074,
2949,61.0,Female,Pants,Clothing,83,Vermont,M,Violet,Winter,3.1,No,Credit Card,Standard,,No,38,Debit Card,Bi-Weekly,,2024-01-01 00:00:00,1075,
2816,33.0,FEMALE,Blouse,Clothing,67,Idaho,L,Black,Fall,3.9,No,Cash,Free Shipping,No,No,40,Venmo,Every 3 Months,,2024-01-01 00:00:00,1076,
3254,36.0,Female,Backpack,Accessories,60,Nebraska,M,Brown,Fall,,No,Debit Card,2-Day Shipping,No,No,8,Venmo,Fortnightly,,2024-01-01 00:00:00,1077,
2111,52.0,Male,Socks,Clothing,93,Montana,L,Cyan,Spring,3.9,No,Cash,Store Pickup,No,No,36,Debit Card,Every 3 Months,,2024-01-01 00:00:00,1078,
1406,33.0,Male,Socks,Clothing,100,New Hampshire,M,Peach,Winter,2.7,No,Cash,Store Pickup,Yes,Yes,39,Credit Card,Monthly,,2024-01-01 00:00:00,1079,
1158,37.0,Male,Belt,Accessories,66,Maryland,M,Charcoal,Fall,4.4,No,Credit Card,Standard,Yes,Yes,11,Cash,Quarterly,,2024-01-01 00:00:00,1080,
3242,50.0,Female,Handbag,Accessories,58,Connecticut,M,Lavender,Summer,4.4,No,Credit Card,Store Pickup,No,No,30,PayPal,Quarterly,,2024-01-01 00:00:00,1081,
1746,40.0,Male,Skirt,Clothing,27,West Virginia,L,Red,Winter,,No,Credit Card,Store Pickup,No,No,27,Cash,Weekly,,2024-01-01 00:00:00,1082,
3533,61.0,Female,Pants,Clothing,68,Connecticut,L,Indigo,Fall,4.6,No,Credit Card,Standard,No,No,12,Credit Card,Annually,,2024-01-01 00:00:00,1083,
3115,21.0,Female,Handbag,Accessories,56,Arkansas,M,Olive,Spring,4.7,No,Venmo,Store Pickup,No,No,45,Venmo,Bi-Weekly,,2024-01-01 00:00:00,1084,
371,59.0,male,Scarf,Accessories,34,Oregon,M,Olive,Winter,3.4,Yes,Credit Card,Express,Yes,Yes,13,PayPal,Weekly,,2024-01-01 00:00:00,1085,
3131,52.0,Female,Pants,Clothing,20,,M,Yellow,Summer,4.5,No,PayPal,Store Pickup,No,No,34,Venmo,Every 3 Months,,2024-01-01 00:00:00,1086,
1724,70.0,Male,Scarf,Accessories,20,New York,XL,Gold,Spring,3.3,No,Bank Transfer,Standard,No,No,39,PayPal,Annually,,2024-01-01 00:00:00,1087,
1979,45.0,Male,Sunglasses,Accessories,78,Massachusetts,L,Magenta,Spring,3.8,No,Cash,Store Pickup,No,No,1,Cash,Quarterly,,2024-01-01 00:00:00,1088,
1227,53.0,male,Sandals,Footwear,91,Ohio,S,Cyan,Fall,3.4,No,PayPal,Store Pickup,Yes,Yes,18,Venmo,Bi-Weekly,,2024-01-01 00:00:00,1089,
2926,54.0,FEMALE,Sweater,Clothing,91,Illinois,M,Maroon,Spring,2.8,No,Cash,Store Pickup,No,No,43,Credit Card,Every 3 Months,,2024-01-01 00:00:00,1090,
142,56.0,Male,Gloves,Accessories,46,Virginia,M,Turquoise,Fall,4.9,Yes,PayPal,Free Shipping,,Yes,45,PayPal,Weekly,,2024-01-01 00:00:00,1091,
3371,30.0,Female,Belt,Accessories,31,Illinois,M,Charcoal,Summer,2.8,No,Venmo,Store Pickup,No,No,46,Cash,Fortnightly,,2024-01-01 00:00:00,1092,
492,49.0,Male,Coat,Outerwear,69,Vermont,M,Silver,Summer,3.7,Yes,Bank Transfer,2-Day Shipping,Yes,Yes,24,Credit Card,Bi-Weekly,,2024-01-01 00:00:00,1093,
199,57.0,Male,Jewelry,Accessories,45,Utah,M,Turquoise,Winter,4.8,,Cash,Standard,Yes,Yes,39,Credit Card,Fortnightly,,2024-01-01 00:00:00,1094,
2417,59.0,Male,Sandals,Footwear,83,Nebraska,S,Black,Summer,4.0,No,Cash,Next Day Air,No,No,26,Credit Card,Every 3 Months,,2024-01-01 00:00:00,1095,
1499,59.0,male,Sweater,Clothing,32,Illinois,M,Teal,Summer,3.1,No,PayPal,Standard,Yes,Yes,46,Venmo,Fortnightly,,2024-01-01 00:00:00,1096,
2959,55.0,Female,Skirt,Clothing,100,Ohio,M,Black,Summer,4.5,No,Venmo,Standard,,No,28,PayPal,Monthly,,2024-01-01 00:00:00,1097,
2335,49.0,Male,Boots,Footwear,79,Kansas,L,Green,Summer,4.2,No,Credit Card,Standard,No,No,7,Credit Card,Monthly,,2024-01-01 00:00:00,1098,
3425,33.0,FEMALE,Scarf,Accessories,64,Florida,L,Green,Summer,3.6,No,Venmo,2-Day Shipping,No,No,23,Credit Card,Monthly,,2024-01-01 00:00:00,1099,
196,51.0,Male,Jacket,Outerwear,25,,M,Magenta,Fall,4.3,Yes,Credit Card,Free Shipping,Yes,Yes,34,Credit Card,Monthly,,2024-01-01 00:00:00,1100,
875,25.0,male,Jacket,Outerwear,65,,M,Magenta,Fall,4.4,Yes,PayPal,Free Shipping,Yes,Yes,10,Venmo,Every 3 Months,,2024-01-01 00:00:00,1101,
2452,41.0,Male,Socks,Clothing,60,Oklahoma,M,Purple,Fall,3.4,No,Debit Card,Store Pickup,,No,27,Venmo,Monthly,,2024-01-01 00:00:00,1102,
3652,20.0,Female,Handbag,Accessories,32,Arizona,M,Yellow,Spring,3.8,,Bank Transfer,Express,No,No,5,Venmo,Every 3 Months,,2024-01-01 00:00:00,1103,
841,42.0,male,Shirt,Clothing,24,Alabama,L,Teal,Summer,4.2,Yes,Bank Transfer,,Yes,Yes,18,PayPal,Weekly,,2024-01-01 00:00:00,1104,
582,32.0,Male,Sweater,Clothing,100,Iowa,XL,Charcoal,Winter,,Yes,Credit Card,Store Pickup,Yes,Yes,12,Bank Transfer,Every 3 Months,,2024-01-01 00:00:00,1105,
3169,31.0,Female,Jeans,Clothing,24,Montana,M,Orange,Spring,2.9,No,Bank Transfer,,No,No,14,PayPal,Fortnightly,,2024-01-01 00:00:00,1106,
906,46.0,Male,Dress,Clothing,68,Mississippi,S,Cyan,Spring,2.8,Yes,Credit Card,Standard,Yes,Yes,16,Venmo,Annually,,2024-01-01 00:00:00,1107,
632,55.0,Male,Boots,Footwear,68,Washington,S,Violet,Summer,4.1,Yes,Venmo,Store Pickup,Yes,Yes,27,Cash,Fortnightly,,2024-01-01 00:00:00,1108,
2019,60.0,male,Backpack,Accessories,97,Arkansas,S,Gold,Fall,4.5,,Debit Card,Store Pickup,No,No,20,Bank Transfer,Weekly,,2024-01-01 00:00:00,1109,
163,54.0,Male,Sunglasses,Accessories,74,California,M,Turquoise,Summer,3.0,Yes,Credit Card,Store Pickup,Yes,Yes,31,PayPal,Bi-Weekly,,2024-01-01 00:00:00,1110,
2258,41.0,male,Skirt,Clothing,32,Tennessee,L,Olive,Fall,4.2,No,PayPal,Standard,No,No,6,Bank Transfer,Annually,,2024-01-01 00:00:00,1111,
2437,52.0,Male,T-shirt,Clothing,24,Connecticut,M,Yellow,Fall,2.7,No,Credit Card,Store Pickup,No,No,38,Credit Card,Quarterly,,2024-01-01 00:00:00,1112,
1602,65.0,Male,Shirt,Clothing,59,Indiana,XL,Red,Spring,2.9,No,Venmo,Store Pickup,Yes,Yes,33,Credit Card,Monthly,,2024-01-01 00:00:00,1113,
2731,23.0,Female,Gloves,Accessories,32,,M,Teal,Winter,4.1,No,Bank Transfer,Store Pickup,No,No,37,Bank Transfer,Annually,,2024-01-01 00:00:00,1114,
926,22.0,Male,Jeans,Clothing,88,Arizona,L,Teal,Winter,4.9,Yes,Credit Card,Express,,Yes,8,Cash,Monthly,,2024-01-01 00:00:00,1115,
1850,30.0,Male,Skirt,Clothing,40,New Mexico,M,Maroon,Winter,,No,Credit Card,Store Pickup,No,No,35,Bank Transfer,Monthly,,2024-01-01 00:00:00,1116,
548,38.0,Male,Jacket,Outerwear,50,Nevada,M,Blue,Winter,2.8,Yes,Debit Card,Free Shipping,Yes,Yes,26,Venmo,Weekly,,2024-01-01 00:00:00,1117,
1299,29.0,Male,Pants,Clothing,81,Indiana,S,Indigo,Summer,3.0,No,Cash,Free Shipping,Yes,Yes,14,Bank Transfer,Fortnightly,,2024-01-01 00:00:00,1118,
2673,56.0,Female,Boots,Footwear,28,West Virginia,M,Maroon,Spring,2.9,No,Debit Card,Standard,No,No,13,Cash,Annually,,2024-01-01 00:00:00,1119,
2659,52.0,Female,Handbag,Accessories,47,Ohio,XL,Indigo,Summer,,No,Bank Transfer,,No,No,39,PayPal,Monthly,,2024-01-01 00:00:00,1120,
2381,41.0,Male,Scarf,Accessories,66,Pennsylvania,M,Black,Fall,2.5,No,Credit Card,Next Day Air,No,No,36,PayPal,Fortnightly,,2024-01-01 00:00:00,1121,
612,43.0,Male,Scarf,Accessories,33,California,M,Black,Winter,4.7,Yes,Credit Card,Store Pickup,Yes,Yes,19,Cash,Monthly,,2024-01-01 00:00:00,1122,
3572,70.0,Female,Skirt,Clothing,27,North Dakota,M,White,Summer,3.2,No,Cash,Standard,No,No,15,Bank Transfer,Every 3 Months,,2024-01-01 00:00:00,1123,
3677,19.0,Female,Jewelry,Accessories,94,Wisconsin,S,Teal,Spring,4.9,No,PayPal,Free Shipping,,No,16,PayPal,Monthly,,2024-01-01 00:00:00,1124,
2447,38.0,male,Shirt,Clothing,65,Alaska,L,Peach,Spring,2.9,No,Cash,2-Day Shipping,No,No,7,Credit Card,Monthly,,2024-01-01 00:00:00,1125,
1887,18.0,Male,Gloves,Accessories,91,Arkansas,L,Beige,Spring,4.4,No,Cash,Next Day Air,No,No,46,Cash,Bi-Weekly,,2024-01-01 00:00:00,1126,
743,64.0,Male,Pants,Clothing,39,Nevada,M,Charcoal,Summer,3.1,Yes,Debit Card,Express,Yes,Yes,21,Debit Card,Quarterly,,2024-01-01 00:00:00,1127,
638,21.0,Male,Sweater,Clothing,20,Tennessee,M,Cyan,Winter,3.4,Yes,Cash,2-Day Shipping,Yes,Yes,46,Cash,Fortnightly,,2024-01-01 00:00:00,1128,
2293,43.0,male,T-shirt,Clothing,34,Vermont,S,Beige,Spring,3.8,No,Debit Card,Next Day Air,No,No,31,Debit Card,Monthly,,2024-01-01 00:00:00,1129,
2410,26.0,Male,Jewelry,Accessories,37,,L,Yellow,Spring,3.0,No,Credit Card,Store Pickup,No,No,47,Cash,Every 3 Months,,2024-01-01 00:00:00,1130,
1886,26.0,Male,Jewelry,Accessories,53,Nevada,S,Maroon,Winter,4.4,No,Credit Card,Standard,No,No,35,Cash,Monthly,,2024-01-01 00:00:00,1131,
1098,58.0,Male,Sunglasses,Accessories,27,Vermont,M,Black,Summer,3.2,No,Venmo,Store Pickup,Yes,Yes,47,Bank Transfer,Weekly,,2024-01-01 00:00:00,1132,
1498,69.0,male,Jacket,Outerwear,33,Michigan,S,Magenta,Spring,3.8,No,Debit Card,2-Day Shipping,Yes,Yes,16,Debit Card,Every 3 Months,,2024-01-01 00:00:00,1133,
49,42.0,male,Shirt,Clothing,55,Nevada,M,Orange,Summer,2.7,Yes,Debit Card,Store Pickup,Yes,Yes,38,Cash,Monthly,,2024-01-01 00:00:00,1134,
3236,27.0,Female,Belt,Accessories,68,Kansas,M,Green,Summer,4.0,No,Venmo,Free Shipping,No,No,18,Venmo,Monthly,,2024-01-01 00:00:00,1135,
922,70.0,Male,Coat,Outerwear,24,South Dakota,L,Silver,Summer,4.1,Yes,Venmo,Express,Yes,Yes,18,PayPal,Weekly,,2024-01-01 00:00:00,1136,
3578,66.0,FEMALE,Belt,Accessories,35,Missouri,S,Yellow,Winter,2.6,No,PayPal,Standard,No,No,13,Bank Transfer,Weekly,,2024-01-01 00:00:00,1137,
757,62.0,,Belt,Accessories,99,Montana,S,Orange,Summer,4.8,Yes,Cash,Standard,Yes,Yes,24,Cash,Fortnightly,,2024-01-01 00:00:00,1138,
2823,61.0,Female,Skirt,Clothing,37,New Jersey,S,Brown,Fall,4.1,No,PayPal,Standard,No,No,33,PayPal,Quarterly,,2024-01-01 00:00:00,1139,
2379,26.0,Male,Scarf,Accessories,71,New Hampshire,L,Teal,Summer,2.7,No,Debit Card,Store Pickup,No,No,37,PayPal,Bi-Weekly,,2024-01-01 00:00:00,1140,
3487,51.0,Female,Shorts,Clothing,89,North Carolina,L,Charcoal,Winter,4.9,No,Debit Card,Standard,No,No,6,PayPal,Weekly,,2024-01-01 00:00:00,1141,
2314,64.0,male,Dress,Clothing,31,Georgia,M,Black,Summer,4.7,No,Venmo,Next Day Air,No,No,36,Bank Transfer,Fortnightly,,2024-01-01 00:00:00,1142,
2222,25.0,Male,Shorts,Clothing,88,Kansas,XL,White,Fall,3.0,No,Debit Card,Free Shipping,No,No,34,Credit Card,Annually,,2024-01-01 00:00:00,1143,
1337,23.0,male,Sneakers,Footwear,85,Oregon,M,Charcoal,Spring,,No,PayPal,Store Pickup,Yes,Yes,44,Debit Card,Fortnightly,,2024-01-01 00:00:00,1144,
1652,59.0,,Coat,Outerwear,80,Texas,M,Blue,Winter,3.9,No,Bank Transfer,Standard,Yes,Yes,42,Debit Card,Monthly,,2024-01-01 00:00:00,1145,
1965,40.0,male,Pants,Clothing,51,West Virginia,S,Cyan,Summer,4.6,No,PayPal,Express,No,No,50,Debit Card,Monthly,,2024-01-01 00:00:00,1146,
1996,67.0,Male,Boots,Footwear,80,Missouri,S,Teal,Spring,3.0,No,Credit Card,Standard,No,No,29,Debit Card,Quarterly,,2024-01-01 00:00:00,1147,
2448,59.0,Male,Pants,Clothing,47,South Dakota,L,Peach,Fall,3.2,No,Venmo,Store Pickup,No,No,10,Venmo,Fortnightly,,2024-01-01 00:00:00,1148,
2546,38.0,Male,Shoes,Footwear,50,,L,Olive,Spring,3.9,No,Bank Transfer,Free Shipping,No,No,10,Debit Card,Annually,,2024-01-01 00:00:00,1149,
2045,49.0,Male,Jeans,Clothing,68,Missouri,L,Orange,Spring,3.0,No,Cash,Free Shipping,No,No,17,PayPal,Fortnightly,,2024-01-01 00:00:00,1150,
2795,33.0,Female,Jacket,Outerwear,24,New York,M,Gold,Fall,3.3,No,PayPal,Standard,No,No,7,Cash,Fortnightly,,2024-01-01 00:00:00,1151,
2689,53.0,Female,Handbag,Accessories,63,West Virginia,XL,Turquoise,Spring,2.9,No,Cash,,,No,18,Credit Card,Every 3 Months,,2024-01-01 00:00:00,1152,
1071,50.0,,Jewelry,Accessories,75,North Carolina,M,Magenta,Summer,3.3,No,Venmo,Free Shipping,Yes,Yes,50,Debit Card,Weekly,,2024-01-01 00:00:00,1153,
3745,24.0,Female,Hoodie,Clothing,51,New Jersey,M,Gray,Summer,2.7,No,Venmo,Next Day Air,No,No,26,Bank Transfer,Fortnightly,,2024-01-01 00:00:00,1154,
2985,45.0,FEMALE,Gloves,Accessories,32,Texas,L,Red,Spring,,No,PayPal,2-Day Shipping,No,No,36,Debit Card,Bi-Weekly,,2024-01-01 00:00:00,1155,
2454,21.0,Male,Sweater,Clothing,95,Iowa,XL,Cyan,Spring,,No,PayPal,Store Pickup,No,No,13,Cash,Annually,,2024-01-01 00:00:00,1156,
3619,28.0,,Gloves,Accessories,67,Nevada,M,Maroon,Fall,4.0,No,Venmo,2-Day Shipping,,No,47,PayPal,Bi-Weekly,,2024-01-01 00:00:00,1157,
2021,41.0,Male,Sweater,Clothing,23,Pennsylvania,M,Beige,Winter,4.8,No,Credit Card,Next Day Air,No,No,26,Cash,Quarterly,,2024-01-01 00:00:00,1158,
3035,,Female,Boots,Footwear,37,Utah,L,Peach,Spring,3.5,No,PayPal,2-Day Shipping,No,No,25,Credit Card,Quarterly,,2024-01-01 00:00:00,1159,
1873,43.0,Male,T-shirt,Clothing,64,Alaska,M,Lavender,Summer,4.6,No,Credit Card,Standard,No,No,24,Credit Card,Monthly,,2024-01-01 00:00:00,1160,
1164,26.0,Male,Pants,Clothing,56,Tennessee,L,White,Summer,3.0,No,Credit Card,2-Day Shipping,Yes,Yes,24,Debit Card,Monthly,,2024-01-01 00:00:00,1161,
3101,50.0,Female,Hat,Accessories,85,Vermont,L,Purple,Winter,3.9,No,Venmo,Express,No,No,3,Bank Transfer,Weekly,,2024-01-01 00:00:00,1162,
2250,42.0,Male,Gloves,Accessories,45,,XL,Indigo,Spring,4.3,,Bank Transfer,Next Day Air,No,No,29,Debit Card,Weekly,,2024-01-01 00:00:00,1163,
2393,40.0,male,Jeans,Clothing,62,Missouri,L,Silver,Spring,2.6,No,Cash,2-Day Shipping,No,No,36,Cash,Annually,,2024-01-01 00:00:00,1164,
2623,63.0,Male,Backpack,Accessories,75,New Hampshire,M,Yellow,Spring,4.9,No,Venmo,2-Day Shipping,No,No,15,Credit Card,Annually,,2024-01-01 00:00:00,1165,
1591,54.0,Male,Jeans,Clothing,80,Wisconsin,S,Pink,Winter,3.0,No,Cash,Free Shipping,,Yes,8,PayPal,Annually,,2024-01-01 00:00:00,1166,
1294,23.0,Male,Sweater,Clothing,74,Florida,XL,Yellow,Fall,4.1,No,Bank Transfer,Standard,Yes,Yes,30,Debit Card,Annually,,2024-01-01 00:00:00,1167,
1589,,Male,Belt,Accessories,24,Vermont,L,Cyan,Winter,3.2,No,Cash,Next Day Air,Yes,Yes,3,Venmo,Monthly,,2024-01-01 00:00:00,1168,
3149,37.0,Female,Shorts,Clothing,35,West Virginia,L,Purple,Fall,4.3,No,Credit Card,Free Shipping,No,No,15,Venmo,Weekly,,2024-01-01 00:00:00,1169,
3399,54.0,Female,Jeans,Clothing,60,Montana,L,Pink,Winter,3.8,No,Cash,Standard,No,No,44,Cash,Fortnightly,,2024-01-01 00:00:00,1170,
1256,30.0,male,Hat,Accessories,68,Indiana,M,Peach,Fall,4.1,No,Credit Card,Standard,Yes,Yes,38,Cash,Fortnightly,,2024-01-01 00:00:00,1171,
868,37.0,Male,Jacket,Outerwear,20,Colorado,M,Turquoise,Spring,3.1,Yes,Debit Card,Free Shipping,Yes,Yes,23,Bank Transfer,Fortnightly,,2024-01-01 00:00:00,1172,
927,54.0,Male,Jeans,Clothing,63,Massachusetts,XL,Green,Spring,4.4,Yes,PayPal,Express,Yes,Yes,11,Cash,Bi-Weekly,,2024-01-01 00:00:00,1173,
2203,42.0,Male,Dress,Clothing,36,Alabama,M,Red,Summer,4.3,No,PayPal,Next Day Air,No,No,23,Credit Card,Weekly,,2024-01-01 00:00:00,1174,
998,64.0,male,Pants,Clothing,30,Kentucky,M,Cyan,Spring,3.6,Yes,Debit Card,Express,Yes,Yes,31,Cash,Fortnightly,,2024-01-01 00:00:00,1175,
3034,22.0,Female,Sweater,Clothing,56,Alabama,L,Orange,Spring,2.6,No,PayPal,Store Pickup,No,No,9,PayPal,Weekly,,2024-01-01 00:00:00,1176,
1847,68.0,Male,Scarf,Accessories,53,Wisconsin,M,Yellow,Summer,2.9,No,Debit Card,Standard,No,No,9,Venmo,Quarterly,,2024-01-01 00:00:00,1177,
1133,50.0,male,Hoodie,Clothing,98,North Carolina,S,Teal,Spring,4.3,No,PayPal,,Yes,Yes,25,Cash,Fortnightly,,2024-01-01 00:00:00,1178,
3671,31.0,Female,Shoes,Footwear,50,,S,White,Winter,3.8,No,Cash,Free Shipping,No,No,4,PayPal,Every 3 Months,,2024-01-01 00:00:00,1179,
3362,47.0,,Shoes,Footwear,26,Florida,M,Silver,Spring,,No,Credit Card,Free Shipping,No,No,47,Credit Card,Bi-Weekly,,2024-01-01 00:00:00,1180,
211,45.0,Male,Jacket,Outerwear,22,Vermont,L,Teal,Fall,3.0,Yes,Venmo,2-Day Shipping,Yes,Yes,6,PayPal,Fortnightly,,2024-01-01 00:00:00,1181,
3863,56.0,Female,Shirt,Clothing,49,,L,Turquoise,Winter,2.8,,PayPal,Next Day Air,No,No,9,Venmo,Monthly,,2024-01-01 00:00:00,1182,
60,63.0,Male,Belt,Accessories,79,Louisiana,L,Yellow,Spring,4.6,Yes,Debit Card,Standard,Yes,Yes,4,Debit Card,Weekly,,2024-01-01 00:00:00,1183,
2467,32.0,Male,Shorts,Clothing,84,South Dakota,S,Pink,Summer,3.7,No,Cash,Express,No,No,37,Cash,Annually,,2024-01-01 00:00:00,1184,
3680,53.0,Female,Coat,Outerwear,91,Idaho,M,Violet,Summer,2.5,No,PayPal,Store Pickup,No,No,5,Cash,Bi-Weekly,,2024-01-01 00:00:00,1185,
3653,27.0,Female,Handbag,Accessories,29,Kentucky,S,Magenta,Fall,3.8,No,Venmo,Store Pickup,No,No,23,Debit Card,Monthly,,2024-01-01 00:00:00,1186,
3427,47.0,Female,Socks,Clothing,35,Oregon,XL,Magenta,Fall,4.8,No,PayPal,2-Day Shipping,No,No,31,Credit Card,Annually,,2024-01-01 00:00:00,1187,
766,54.0,Male,Sneakers,Footwear,99,Alaska,M,Pink,Summer,3.0,,Bank Transfer,,Yes,Yes,13,Cash,Quarterly,,2024-01-01 00:00:00,1188,
2114,63.0,Male,Dress,Clothing,40,Virginia,M,Brown,Spring,2.7,No,Credit Card,Store Pickup,No,No,29,PayPal,Every 3 Months,,2024-01-01 00:00:00,1189,
1232,66.0,Male,Socks,Clothing,79,Pennsylvania,M,Gold,Spring,4.0,No,Credit Card,2-Day Shipping,,Yes,43,Credit Card,Fortnightly,,2024-01-01 00:00:00,1190,
1079,37.0,Male,Sweater,Clothing,59,Arizona,M,Silver,Fall,4.4,No,Cash,Express,Yes,Yes,49,Credit Card,Fortnightly,,2024-01-01 00:00:00,1191,
2351,57.0,Male,Shoes,Footwear,26,Hawaii,M,Turquoise,Winter,4.2,No,Bank Transfer,Free Shipping,No,No,21,Cash,Annually,,2024-01-01 00:00:00,1192,
1510,20.0,Male,Dress,Clothing,54,New Hampshire,XL,White,Summer,4.6,No,Credit Card,Free Shipping,Yes,Yes,44,Debit Card,Annually,,2024-01-01 00:00:00,1193,
2966,,Female,Scarf,Accessories,45,Delaware,M,Blue,Summer,4.4,No,Bank Transfer,Standard,No,No,25,PayPal,Fortnightly,,2024-01-01 00:00:00,1194,
2548,47.0,Male,Jacket,Outerwear,97,Mississippi,M,Beige,Summer,3.2,No,Bank Transfer,2-Day Shipping,No,No,16,Cash,Weekly,,2024-01-01 00:00:00,1195,
583,40.0,male,Jacket,Outerwear,77,Colorado,L,Turquoise,Spring,4.9,Yes,Debit Card,Store Pickup,Yes,Yes,2,Bank Transfer,Quarterly,,2024-01-01 00:00:00,1196,
1913,29.0,Male,Sweater,Clothing,56,Colorado,S,Charcoal,Winter,3.4,No,Cash,2-Day Shipping,No,No,5,Credit Card,Bi-Weekly,,2024-01-01 00:00:00,1197,
2554,69.0,Male,Jewelry,Accessories,25,Vermont,M,Maroon,Summer,4.5,No,Cash,Store Pickup,No,No,28,Venmo,Every 3 Months,,2024-01-01 00:00:00,1198,
1214,68.0,male,Handbag,Accessories,52,Kentucky,XL,Black,Spring,3.7,No,Cash,Express,Yes,Yes,14,Debit Card,Every 3 Months,,2024-01-01 00:00:00,1199,
941,999.0,Male,Belt,Accessories,44,Colorado,S,Maroon,Spring,2.6,Yes,PayPal,Store Pickup,Yes,Yes,15,PayPal,Every 3 Months,,2024-01-01 00:00:00,1200,
1081,,Male,Scarf,Accessories,59,Pennsylvania,L,Blue,Fall,3.8,No,Bank Transfer,Express,Yes,Yes,22,Cash,Every 3 Months,,2024-01-01 00:00:00,1201,
188,,,Shoes,Footwear,94,Georgia,S,Purple,Spring,,Yes,Credit Card,Store Pickup,Yes,Yes,1,Bank Transfer,Bi-Weekly,,2024-01-01 00:00:00,1202,
1827,45.0,male,T-shirt,Clothing,60,Indiana,M,Turquoise,Winter,4.2,No,PayPal,Express,No,No,44,Debit Card,Annually,,2024-01-01 00:00:00,1203,
2477,60.0,Male,Hat,Accessories,60,Colorado,M,Turquoise,Summer,3.7,No,Debit Card,Next Day Air,No,No,28,Cash,Monthly,,2024-01-01 00:00:00,1204,
2690,29.0,Female,Blouse,Clothing,35,Wyoming,M,Orange,Fall,3.9,No,Credit Card,Standard,No,No,47,PayPal,Quarterly,,2024-01-01 00:00:00,1205,
1430,24.0,Male,Skirt,Clothing,38,Maryland,L,Gold,Fall,4.7,No,Venmo,Standard,Yes,Yes,6,Credit Card,Every 3 Months,,2024-01-01 00:00:00,1206,
3835,43.0,Female,Hoodie,Clothing,59,,M,Magenta,Winter,4.1,No,Debit Card,2-Day Shipping,No,No,17,Cash,Quarterly,,2024-01-01 00:00:00,1207,
2466,18.0,Male,Sandals,Footwear,63,Texas,M,Brown,Spring,,No,Cash,Free Shipping,No,No,20,Bank Transfer,Weekly,,2024-01-01 00:00:00,1208,
1715,30.0,Male,Jeans,Clothing,71,South Dakota,S,Charcoal,Summer,4.4,No,Bank Transfer,Standard,No,No,15,Cash,Monthly,,2024-01-01 00:00:00,1209,
227,29.0,Male,Shoes,Footwear,74,Texas,L,Violet,Spring,3.3,Yes,Cash,Free Shipping,Yes,Yes,5,PayPal,Monthly,,2024-01-01 00:00:00,1210,
1627,32.0,Male,Sneakers,Footwear,35,Nevada,L,Orange,Summer,2.6,No,Bank Transfer,Next Day Air,Yes,Yes,45,Credit Card,Bi-Weekly,,2024-01-01 00:00:00,1211,
536,56.0,Male,T-shirt,Clothing,45,West Virginia,L,Maroon,Spring,3.2,Yes,Credit Card,Free Shipping,Yes,Yes,24,Bank Transfer,Weekly,,2024-01-01 00:00:00,1212,
1222,18.0,Male,Socks,Clothing,69,Iowa,M,Red,Winter,4.5,No,Bank Transfer,Standard,Yes,Yes,3,Cash,Quarterly,,2024-01-01 00:00:00,1213,
3230,54.0,Female,Pants,Clothing,67,Connecticut,M,Teal,Fall,2.7,No,Debit Card,Express,No,No,24,Cash,Monthly,,2024-01-01 00:00:00,1214,
2793,54.0,Female,Shorts,Clothing,44,,L,Violet,Winter,3.2,No,Debit Card,Express,No,No,11,Credit Card,Weekly,,2024-01-01 00:00:00,1215,
698,61.0,Male,Scarf,Accessories,63,North Dakota,XL,Brown,Summer,4.6,Yes,Bank Transfer,Free Shipping,Yes,Yes,40,Debit Card,Quarterly,,2024-01-01 00:00:00,1216,
2356,22.0,Male,Skirt,Clothing,35,Tennessee,S,Purple,Winter,4.1,No,PayPal,Next Day Air,No,No,12,Cash,Monthly,,2024-01-01 00:00:00,1217,
1643,18.0,Male,Coat,Outerwear,70,Mississippi,M,Beige,Spring,,No,Bank Transfer,Store Pickup,Yes,Yes,16,PayPal,Fortnightly,,2024-01-01 00:00:00,1218,
1794,65.0,Male,Hat,Accessories,92,Iowa,S,White,Fall,3.8,No,Debit Card,Store Pickup,No,No,45,Cash,Every 3 Months,,2024-01-01 00:00:00,1219,
3640,26.0,Female,Coat,Outerwear,44,Illinois,M,Brown,Summer,3.6,No,Venmo,2-Day Shipping,No,No,39,Venmo,Annually,,2024-01-01 00:00:00,1220,
3448,62.0,Female,Sandals,Footwear,58,Arkansas,M,Blue,Fall,,No,Debit Card,Express,No,No,3,Bank Transfer,Bi-Weekly,,2024-01-01 00:00:00,1221,
1038,52.0,Male,Jewelry,Accessories,25,Rhode Island,XL,Brown,Spring,3.4,Yes,Bank Transfer,Standard,Yes,Yes,48,Debit Card,Quarterly,,2024-01-01 00:00:00,1222,
209,57.0,male,Skirt,Clothing,38,Wisconsin,M,Gold,Spring,4.1,Yes,Cash,Store Pickup,Yes,Yes,17,Credit Card,Monthly,,2024-01-01 00:00:00,1223,
1492,27.0,male,Shirt,Clothing,54,Arkansas,S,Black,Summer,2.7,No,Venmo,Free Shipping,Yes,Yes,10,Bank Transfer,Quarterly,,2024-01-01 00:00:00,1224,
566,59.0,male,Backpack,Accessories,43,Idaho,L,Lavender,Fall,4.2,Yes,Bank Transfer,Store Pickup,Yes,Yes,10,Venmo,Weekly,,2024-01-01 00:00:00,1225,
314,42.0,male,Dress,Clothing,77,Vermont,M,Pink,Spring,3.7,Yes,PayPal,Express,Yes,Yes,50,Credit Card,Every 3 Months,,2024-01-01 00:00:00,1226,
602,32.0,male,Backpack,Accessories,38,West Virginia,M,Maroon,Summer,4.7,Yes,Cash,Store Pickup,Yes,Yes,5,Cash,Fortnightly,,2024-01-01 00:00:00,1227,
234,19.0,Male,Sweater,Clothing,83,Arizona,XL,Yellow,Fall,4.5,Yes,PayPal,Next Day Air,Yes,Yes,27,Bank Transfer,Every 3 Months,,2024-01-01 00:00:00,1228,
1954,25.0,Male,Skirt,Clothing,33,Colorado,XL,Green,Spring,4.8,No,Cash,Standard,No,No,3,PayPal,Fortnightly,,2024-01-01 00:00:00,1229,
932,24.0,Male,Coat,Outerwear,36,Nebraska,M,Silver,Winter,4.1,Yes,Cash,Standard,Yes,Yes,24,Bank Transfer,Fortnightly,,2024-01-01 00:00:00,1230,
3266,40.0,Female,Sunglasses,Accessories,100,Alabama,M,White,Winter,3.2,No,Credit Card,Express,No,No,28,Credit Card,Fortnightly,,2024-01-01 00:00:00,1231,
1423,44.0,Male,Dress,Clothing,27,Texas,L,Charcoal,Fall,3.4,No,PayPal,Free Shipping,Yes,Yes,3,PayPal,Bi-Weekly,,2024-01-01 00:00:00,1232,
112,,Male,Belt,Accessories,75,Massachusetts,L,Purple,Summer,5.0,Yes,PayPal,Free Shipping,Yes,Yes,9,Credit Card,Annually,,2024-01-01 00:00:00,1233,
3488,25.0,Female,Sandals,Footwear,24,West Virginia,L,Beige,Fall,2.9,No,Debit Card,Store Pickup,No,No,39,Bank Transfer,Annually,,2024-01-01 00:00:00,1234,
1090,40.0,Male,Backpack,Accessories,61,Arizona,M,Silver,Spring,3.8,No,Debit Card,Next Day Air,Yes,Yes,33,PayPal,Bi-Weekly,,2024-01-01 00:00:00,1235,
2756,59.0,Female,Belt,Accessories,97,Nevada,M,Indigo,Winter,3.3,No,Venmo,Store Pickup,No,No,18,Credit Card,Annually,,2024-01-01 00:00:00,1236,
2046,31.0,Male,Jewelry,Accessories,20,Georgia,M,Red,Fall,4.4,No,PayPal,Express,No,No,26,PayPal,Quarterly,,2024-01-01 00:00:00,1237,
1282,29.0,male,Belt,Accessories,81,New Jersey,M,Olive,Spring,4.5,No,Cash,Store Pickup,Yes,Yes,8,Venmo,Bi-Weekly,,2024-01-01 00:00:00,1238,
1451,25.0,Male,Dress,Clothing,44,Illinois,S,Teal,Winter,,No,PayPal,Free Shipping,Yes,Yes,25,Cash,Quarterly,,2024-01-01 00:00:00,1239,
473,20.0,Male,Jeans,Clothing,39,Georgia,L,Gray,Winter,3.9,Yes,Cash,,Yes,Yes,3,Bank Transfer,Quarterly,,2024-01-01 00:00:00,1240,
2108,46.0,Male,Pants,Clothing,75,Delaware,M,Black,Winter,3.3,No,PayPal,Standard,No,No,35,PayPal,Quarterly,,2024-01-01 00:00:00,1241,
2016,57.0,Male,Belt,Accessories,82,,S,Pink,Summer,4.5,No,Debit Card,Next Day Air,No,No,8,Credit Card,Fortnightly,,2024-01-01 00:00:00,1242,
3792,40.0,FEMALE,Sunglasses,Accessories,51,Texas,M,Gray,Spring,3.7,No,Credit Card,Store Pickup,No,No,1,Venmo,Weekly,,2024-01-01 00:00:00,1243,
3765,36.0,,Socks,Clothing,21,South Dakota,M,Maroon,Fall,3.5,No,PayPal,Next Day Air,No,No,19,Venmo,Monthly,,2024-01-01 00:00:00,1244,
3466,19.0,FEMALE,Backpack,Accessories,53,Iowa,M,Gold,Spring,3.4,No,Bank Transfer,Standard,No,No,31,Debit Card,Weekly,,2024-01-01 00:00:00,1245,
3271,59.0,FEMALE,Socks,Clothing,25,Illinois,M,Indigo,Winter,,No,Cash,Express,No,No,48,PayPal,Annually,,2024-01-01 00:00:00,1246,
362,,male,T-shirt,Clothing,96,Nevada,M,White,Spring,2.6,Yes,Bank Transfer,Free Shipping,Yes,Yes,45,Cash,Annually,,2024-01-01 00:00:00,1247,
136,43.0,Male,Sandals,Footwear,81,Kansas,M,Purple,Fall,4.1,Yes,PayPal,Express,Yes,Yes,12,PayPal,Quarterly,,2024-01-01 00:00:00,1248,
1135,62.0,male,T-shirt,Clothing,81,Wisconsin,M,Brown,Summer,4.6,No,Bank Transfer,Express,Yes,Yes,2,Venmo,Every 3 Months,,2024-01-01 00:00:00,1249,
1152,41.0,Male,Blouse,Clothing,86,Ohio,M,Gray,Spring,4.2,No,Bank Transfer,Express,Yes,Yes,24,Credit Card,Weekly,,2024-01-01 00:00:00,1250,
2481,61.0,Male,Socks,Clothing,91,Ohio,XL,Maroon,Summer,2.9,No,Debit Card,Next Day Air,No,No,7,Credit Card,Fortnightly,,2024-01-01 00:00:00,1251,
1054,59.0,Male,Blouse,Clothing,70,Kansas,M,Blue,Spring,3.3,No,Cash,2-Day Shipping,,Yes,10,Debit Card,Bi-Weekly,,2024-01-01 00:00:00,1252,
3332,55.0,Female,Sunglasses,Accessories,58,California,M,Pink,Summer,3.5,No,Debit Card,,,No,39,PayPal,Quarterly,,2024-01-01 00:00:00,1253,
23,56.0,male,Pants,Clothing,37,California,M,Peach,Summer,3.2,Yes,Cash,Store Pickup,Yes,Yes,32,Debit Card,Annually,,2024-01-01 00:00:00,1254,
1865,19.0,Male,Backpack,Accessories,72,Wyoming,S,Cyan,Fall,3.2,No,Bank Transfer,,No,No,21,Venmo,Quarterly,,2024-01-01 00:00:00,1255,
1740,21.0,Male,Jewelry,Accessories,98,Minnesota,L,Silver,Winter,4.2,No,Credit Card,Express,No,No,23,Cash,Weekly,,2024-01-01 00:00:00,1256,
3373,56.0,Female,Socks,Clothing,25,Pennsylvania,M,Maroon,Winter,4.6,No,Credit Card,Free Shipping,No,No,14,Credit Card,Every 3 Months,,2024-01-01 00:00:00,1257,
696,30.0,Male,Shorts,Clothing,67,Nevada,XL,Peach,Summer,3.7,Yes,Bank Transfer,Next Day Air,Yes,Yes,15,Debit Card,Every 3 Months,,2024-01-01 00:00:00,1258,
421,32.0,male,Socks,Clothing,54,North Carolina,S,Peach,Spring,3.8,Yes,Credit Card,Free Shipping,Yes,Yes,18,Debit Card,Bi-Weekly,,2024-01-01 00:00:00,1259,
3648,47.0,Female,Shorts,Clothing,45,Kansas,M,Gray,Winter,2.9,No,Cash,Store Pickup,No,No,12,Bank Transfer,Weekly,,2024-01-01 00:00:00,1260,
461,64.0,Male,Shoes,Footwear,65,South Carolina,L,Teal,Summer,3.7,Yes,Venmo,Store Pickup,Yes,Yes,27,Bank Transfer,Weekly,,2024-01-01 00:00:00,1261,
1068,18.0,Male,Dress,Clothing,43,Pennsylvania,S,Peach,Summer,2.7,No,Venmo,2-Day Shipping,Yes,Yes,22,PayPal,Quarterly,,2024-01-01 00:00:00,1262,
88,52.0,Male,Shoes,Footwear,53,Ohio,M,Green,Fall,3.7,Yes,Debit Card,2-Day Shipping,Yes,Yes,44,Debit Card,Fortnightly,,2024-01-01 00:00:00,1263,
283,,Male,Skirt,Clothing,94,Minnesota,M,Teal,Summer,3.0,Yes,Debit Card,2-Day Shipping,Yes,Yes,9,Cash,Monthly,,2024-01-01 00:00:00,1264,
1872,56.0,Male,Jeans,Clothing,96,Illinois,XL,Violet,Fall,2.7,No,Bank Transfer,Standard,No,No,14,Cash,Every 3 Months,,2024-01-01 00:00:00,1265,
1892,69.0,Male,Jewelry,Accessories,74,New Hampshire,M,Gray,Summer,2.6,No,Venmo,Next Day Air,No,No,48,Debit Card,Quarterly,,2024-01-01 00:00:00,1266,
1422,68.0,Male,Dress,Clothing,100,Pennsylvania,S,Gold,Spring,3.0,No,Credit Card,Standard,Yes,Yes,24,Bank Transfer,Fortnightly,,2024-01-01 00:00:00,1267,
3810,57.0,Female,Shoes,Footwear,33,New York,S,Maroon,Winter,3.7,No,Bank Transfer,,No,No,28,Credit Card,Annually,,2024-01-01 00:00:00,1268,
2942,38.0,Female,Skirt,Clothing,86,Pennsylvania,L,Purple,Spring,3.7,No,Bank Transfer,Free Shipping,No,No,27,PayPal,Monthly,,2024-01-01 00:00:00,1269,
860,47.0,Male,Hoodie,Clothing,73,Wisconsin,M,Teal,Winter,,Yes,Credit Card,Next Day Air,Yes,Yes,7,Debit Card,Monthly,,2024-01-01 00:00:00,1270,
534,57.0,Male,Sandals,Footwear,60,North Carolina,L,Pink,Spring,4.5,Yes,PayPal,,Yes,Yes,17,Debit Card,Weekly,,2024-01-01 00:00:00,1271,
3263,42.0,Female,T-shirt,Clothing,35,Indiana,M,Violet,Spring,2.7,No,Cash,Standard,No,No,21,Cash,Every 3 Months,,2024-01-01 00:00:00,1272,
1612,,Male,Pants,Clothing,26,Arkansas,L,Yellow,Winter,4.5,No,PayPal,Next Day Air,,Yes,6,Debit Card,Monthly,,2024-01-01 00:00:00,1273,
2938,28.0,Female,Handbag,Accessories,39,,M,White,Spring,4.3,No,Debit Card,2-Day Shipping,No,No,15,Credit Card,Weekly,,2024-01-01 00:00:00,1274,
3133,33.0,FEMALE,Sweater,Clothing,97,Michigan,M,Yellow,Summer,,No,Cash,Express,No,No,26,Cash,Quarterly,,2024-01-01 00:00:00,1275,
3183,50.0,Female,Sunglasses,Accessories,97,Georgia,L,Green,Fall,,No,PayPal,Free Shipping,No,No,4,Credit Card,Annually,,2024-01-01 00:00:00,1276,
2814,45.0,Female,Shirt,Clothing,50,Vermont,S,Maroon,Summer,3.3,No,Debit Card,2-Day Shipping,No,No,39,Debit Card,Quarterly,,2024-01-01 00:00:00,1277,
1765,61.0,male,Dress,Clothing,56,Delaware,M,Charcoal,Summer,3.0,,PayPal,Store Pickup,No,No,34,Venmo,Quarterly,,2024-01-01 00:00:00,1278,
1624,64.0,Male,Backpack,Accessories,58,Indiana,M,Cyan,Summer,3.5,No,Venmo,Next Day Air,Yes,Yes,50,Debit Card,Annually,,2024-01-01 00:00:00,1279,
1508,66.0,Male,Dress,Clothing,86,Pennsylvania,S,Maroon,Winter,3.7,No,Bank Transfer,2-Day Shipping,Yes,Yes,7,Venmo,Annually,,2024-01-01 00:00:00,1280,
2744,61.0,FEMALE,Belt,Accessories,94,New Jersey,S,Beige,Fall,4.1,No,Debit Card,2-Day Shipping,No,No,17,Venmo,Quarterly,,2024-01-01 00:00:00,1281,
1427,60.0,Male,Pants,Clothing,38,Michigan,M,Yellow,Summer,,No,Credit Card,Free Shipping,Yes,Yes,35,PayPal,Every 3 Months,,2024-01-01 00:00:00,1282,
323,,Male,Belt,Accessories,95,Tennessee,S,Cyan,Winter,3.0,Yes,Credit Card,Standard,Yes,Yes,47,Credit Card,Monthly,,2024-01-01 00:00:00,1283,
2074,38.0,Male,Belt,Accessories,25,Texas,S,Green,Winter,,No,Debit Card,Next Day Air,No,No,2,PayPal,Every 3 Months,,2024-01-01 00:00:00,1284,
943,26.0,Male,Dress,Clothing,91,Arizona,M,Cyan,Winter,3.2,Yes,Cash,Express,Yes,Yes,38,PayPal,Bi-Weekly,,2024-01-01 00:00:00,1285,
2348,37.0,Male,Belt,Accessories,64,California,S,Gray,Fall,4.2,No,Credit Card,Express,No,No,46,Cash,Every 3 Months,,2024-01-01 00:00:00,1286,
3860,65.0,Female,Shorts,Clothing,88,Mississippi,S,Blue,Fall,3.0,No,Credit Card,2-Day Shipping,,No,47,Bank Transfer,Bi-Weekly,,2024-01-01 00:00:00,1287,
1412,,Male,Skirt,Clothing,24,Louisiana,L,Green,Summer,2.8,No,PayPal,Store Pickup,Yes,Yes,13,Venmo,Quarterly,,2024-01-01 00:00:00,1288,
2227,22.0,Male,Shirt,Clothing,72,Missouri,L,Blue,Spring,4.8,No,Credit Card,Store Pickup,No,No,28,Cash,Annually,,2024-01-01 00:00:00,1289,
2259,24.0,Male,T-shirt,Clothing,71,,L,Cyan,Winter,4.3,No,Bank Transfer,Store Pickup,No,No,44,Credit Card,Every 3 Months,,2024-01-01 00:00:00,1290,
122,19.0,male,Shorts,Clothing,72,Virginia,M,Olive,Winter,4.2,Yes,Cash,Standard,Yes,Yes,11,Cash,Fortnightly,,2024-01-01 00:00:00,1291,
888,70.0,Male,Handbag,Accessories,47,Minnesota,L,Turquoise,Winter,3.3,Yes,Credit Card,2-Day Shipping,Yes,Yes,33,PayPal,Fortnightly,,2024-01-01 00:00:00,1292,
2848,68.0,FEMALE,Jewelry,Accessories,21,Connecticut,L,Charcoal,Winter,2.8,No,Venmo,Free Shipping,No,No,3,PayPal,Every 3 Months,,2024-01-01 00:00:00,1293,
686,70.0,Male,Blouse,Clothing,71,Massachusetts,XL,Magenta,Winter,3.5,Yes,Credit Card,Standard,Yes,Yes,32,Cash,Fortnightly,,2024-01-01 00:00:00,1294,
872,47.0,Male,Handbag,Accessories,42,Hawaii,M,Charcoal,Spring,2.6,Yes,Bank Transfer,Next Day Air,Yes,Yes,45,Debit Card,Quarterly,,2024-01-01 00:00:00,1295,
414,70.0,Male,Jewelry,Accessories,99,Nevada,S,White,Summer,4.6,Yes,Debit Card,Free Shipping,Yes,Yes,48,Cash,Monthly,,2024-01-01 00:00:00,1296,
790,33.0,Male,Handbag,Accessories,84,Idaho,S,Purple,Fall,2.7,Yes,Venmo,Standard,Yes,Yes,4,Credit Card,Bi-Weekly,,2024-01-01 00:00:00,1297,
3629,53.0,Female,Blouse,Clothing,88,Georgia,L,Purple,Summer,3.8,No,Cash,Free Shipping,No,No,35,Credit Card,Monthly,,2024-01-01 00:00:00,1298,
1445,32.0,male,Sweater,Clothing,36,Vermont,L,Pink,Fall,3.8,No,Venmo,Express,Yes,Yes,26,Cash,Quarterly,,2024-01-01 00:00:00,1299,
1488,,Male,Skirt,Clothing,44,Arizona,L,Black,Summer,4.6,No,Credit Card,Store Pickup,Yes,Yes,26,PayPal,Annually,,2024-01-01 00:00:00,1300,
3080,48.0,Female,Belt,Accessories,31,Wyoming,M,Maroon,Fall,4.0,No,Credit Card,Store Pickup,No,No,4,Bank Transfer,Annually,,2024-01-01 00:00:00,1301,
1407,32.0,Male,Shirt,Clothing,46,Washington,L,Turquoise,Spring,3.6,No,Venmo,Express,,Yes,15,Debit Card,Monthly,,2024-01-01 00:00:00,1302,
2150,38.0,Male,Sandals,Footwear,21,,L,Orange,Winter,4.0,No,Bank Transfer,Standard,No,No,1,Bank Transfer,Weekly,,2024-01-01 00:00:00,1303,
273,48.0,Male,Jewelry,Accessories,26,Oregon,M,Beige,Summer,4.4,Yes,PayPal,,Yes,Yes,37,Debit Card,Bi-Weekly,,2024-01-01 00:00:00,1304,
2184,30.0,Male,Shorts,Clothing,37,,M,Maroon,Spring,4.7,No,PayPal,Store Pickup,No,No,2,Cash,Monthly,,2024-01-01 00:00:00,1305,
522,36.0,Male,Shorts,Clothing,41,Vermont,L,Gold,Winter,3.5,Yes,Credit Card,Standard,,Yes,50,Bank Transfer,Annually,,2024-01-01 00:00:00,1306,
523,65.0,male,Gloves,Accessories,88,Minnesota,M,Blue,Spring,,Yes,PayPal,Store Pickup,Yes,Yes,37,Cash,Quarterly,,2024-01-01 00:00:00,1307,
1692,64.0,Male,Shoes,Footwear,61,Connecticut,L,Blue,Summer,3.5,,Credit Card,Next Day Air,No,No,4,Cash,Annually,,2024-01-01 00:00:00,1308,
1930,59.0,Male,Jeans,Clothing,33,Hawaii,L,Brown,Fall,4.7,No,Debit Card,Standard,No,No,46,Venmo,Quarterly,,2024-01-01 00:00:00,1309,
351,42.0,male,Sweater,Clothing,68,Kentucky,M,Violet,Spring,2.6,Yes,Venmo,2-Day Shipping,Yes,Yes,47,Bank Transfer,Fortnightly,,2024-01-01 00:00:00,1310,
1633,35.0,male,Gloves,Accessories,28,Oregon,S,White,Summer,4.7,No,PayPal,2-Day Shipping,Yes,Yes,50,Debit Card,Every 3 Months,,2024-01-01 00:00:00,1311,
1879,34.0,Male,Socks,Clothing,29,Oklahoma,L,Magenta,Summer,3.4,No,Credit Card,Store Pickup,,No,5,Credit Card,Monthly,,2024-01-01 00:00:00,1312,
3576,61.0,Female,Coat,Outerwear,95,Kentucky,M,Violet,Fall,3.7,No,Cash,Express,No,No,49,Venmo,Bi-Weekly,,2024-01-01 00:00:00,1313,
2105,53.0,Male,Shoes,Footwear,88,New Mexico,M,Gold,Spring,2.8,No,Bank Transfer,Free Shipping,No,No,47,Venmo,Weekly,,2024-01-01 00:00:00,1314,
652,32.0,Male,Hat,Accessories,32,Arkansas,L,Yellow,Summer,2.9,Yes,PayPal,Next Day Air,Yes,Yes,41,Venmo,Fortnightly,,2024-01-01 00:00:00,1315,
2821,26.0,Female,Backpack,Accessories,89,Vermont,L,Yellow,Summer,3.9,No,Venmo,Free Shipping,No,No,5,Cash,Bi-Weekly,,2024-01-01 00:00:00,1316,
3767,62.0,Female,Handbag,Accessories,59,Texas,M,Black,Fall,4.9,No,Cash,Next Day Air,No,No,43,Debit Card,Annually,,2024-01-01 00:00:00,1317,
3716,63.0,FEMALE,Sunglasses,Accessories,34,Nebraska,S,Orange,Fall,3.4,No,Credit Card,Free Shipping,No,No,2,Bank Transfer,Monthly,,2024-01-01 00:00:00,1318,
3013,42.0,Female,Belt,Accessories,65,Idaho,M,Teal,Fall,3.5,No,Credit Card,Standard,No,No,16,PayPal,Annually,,2024-01-01 00:00:00,1319,
2770,32.0,Female,Shirt,Clothing,89,Oklahoma,L,Lavender,Fall,3.0,No,PayPal,Standard,No,No,13,Cash,Weekly,,2024-01-01 00:00:00,1320,
3806,48.0,Female,Scarf,Accessories,57,,M,Green,Fall,3.1,,Debit Card,Standard,No,No,31,Credit Card,Quarterly,,2024-01-01 00:00:00,1321,
1951,43.0,Male,Backpack,Accessories,78,Arkansas,L,Blue,Summer,,No,Cash,Free Shipping,No,No,26,PayPal,Every 3 Months,,2024-01-01 00:00:00,1322,
169,34.0,Male,Shoes,Footwear,80,Louisiana,M,Magenta,Summer,3.0,Yes,Bank Transfer,Express,Yes,Yes,5,Cash,Fortnightly,,2024-01-01 00:00:00,1323,
3722,62.0,Female,Coat,Outerwear,60,Connecticut,L,Pink,Fall,4.0,,Credit Card,Next Day Air,No,No,10,Cash,Annually,,2024-01-01 00:00:00,1324,
963,29.0,Male,Sunglasses,Accessories,64,Michigan,L,Green,Spring,4.4,Yes,Cash,Standard,Yes,Yes,26,Debit Card,Fortnightly,,2024-01-01 00:00:00,1325,
946,38.0,Male,Boots,Footwear,38,Minnesota,M,Violet,Summer,4.1,Yes,Debit Card,Store Pickup,Yes,Yes,8,Venmo,Every 3 Months,,2024-01-01 00:00:00,1326,
463,59.0,Male,Jacket,Outerwear,81,Illinois,M,White,Fall,3.3,Yes,Debit Card,Express,Yes,Yes,48,Venmo,Every 3 Months,,2024-01-01 00:00:00,1327,
3229,37.0,Female,Jewelry,Accessories,95,Connecticut,M,Yellow,Spring,4.6,No,Credit Card,2-Day Shipping,No,No,27,PayPal,Annually,,2024-01-01 00:00:00,1328,
329,48.0,male,Coat,Outerwear,50,Florida,M,Yellow,Fall,,,Debit Card,Free Shipping,,Yes,9,Credit Card,Weekly,,2024-01-01 00:00:00,1329,
1770,32.0,male,Socks,Clothing,75,Alaska,L,Brown,Winter,4.3,No,Credit Card,Free Shipping,No,No,45,Cash,Monthly,,2024-01-01 00:00:00,1330,
2271,27.0,Male,Blouse,Clothing,72,Georgia,L,Purple,Spring,3.5,No,Debit Card,Express,,No,7,Venmo,Weekly,,2024-01-01 00:00:00,1331,
1946,35.0,Male,Hoodie,Clothing,38,Georgia,M,Gold,Winter,2.9,No,Debit Card,2-Day Shipping,No,No,9,Credit Card,Every 3 Months,,2024-01-01 00:00:00,1332,
1728,49.0,Male,Blouse,Clothing,53,Virginia,S,Violet,Spring,4.0,No,Credit Card,Express,No,No,19,PayPal,Monthly,,2024-01-01 00:00:00,1333,
368,52.0,Male,Dress,Clothing,40,Tennessee,XL,Cyan,Spring,2.8,Yes,Credit Card,Store Pickup,Yes,Yes,18,Bank Transfer,Monthly,,2024-01-01 00:00:00,1334,
3467,49.0,Female,Socks,Clothing,42,Maryland,S,Purple,Summer,4.6,No,Debit Card,Standard,No,No,43,Bank Transfer,Annually,,2024-01-01 00:00:00,1335,
3028,52.0,Female,Hoodie,Clothing,26,West Virginia,XL,Peach,Winter,2.8,No,Bank Transfer,2-Day Shipping,No,No,47,Credit Card,Quarterly,,2024-01-01 00:00:00,1336,
2586,57.0,Male,Sunglasses,Accessories,37,Wisconsin,L,Maroon,Fall,4.4,No,Venmo,Free Shipping,No,No,19,Debit Card,Weekly,,2024-01-01 00:00:00,1337,
3543,62.0,Female,Coat,Outerwear,28,Idaho,S,Olive,Spring,4.2,No,Bank Transfer,Express,No,No,5,Venmo,Weekly,,2024-01-01 00:00:00,1338,
773,,Male,Jeans,Clothing,22,Illinois,L,Teal,Fall,3.6,Yes,Cash,Free Shipping,Yes,Yes,40,Debit Card,Bi-Weekly,,2024-01-01 00:00:00,1339,
1285,65.0,Male,Dress,Clothing,93,Arkansas,M,Black,Spring,3.9,No,Bank Transfer,Express,Yes,Yes,38,PayPal,Fortnightly,,2024-01-01 00:00:00,1340,
2549,42.0,Male,Backpack,Accessories,63,Texas,L,Pink,Winter,3.8,No,Credit Card,Standard,No,No,34,Credit Card,Monthly,,2024-01-01 00:00:00,1341,
3594,63.0,FEMALE,Sandals,Footwear,80,Wyoming,M,Black,Spring,4.6,No,Bank Transfer,Next Day Air,No,No,24,PayPal,Monthly,,2024-01-01 00:00:00,1342,
3743,56.0,Female,Shirt,Clothing,80,,M,Gray,Fall,4.4,No,Debit Card,Standard,No,No,50,Credit Card,Bi-Weekly,,2024-01-01 00:00:00,1343,
499,43.0,Male,Boots,Footwear,78,Iowa,M,Lavender,Spring,3.6,Yes,PayPal,Free Shipping,Yes,Yes,27,Bank Transfer,Monthly,,2024-01-01 00:00:00,1344,
1235,38.0,male,Gloves,Accessories,99,New Jersey,M,Indigo,Fall,4.1,No,Cash,Store Pickup,Yes,Yes,2,Bank Transfer,Bi-Weekly,,2024-01-01 00:00:00,1345,
2891,39.0,,Jeans,Clothing,55,North Dakota,M,Violet,Winter,3.7,,PayPal,Free Shipping,No,No,23,Credit Card,Monthly,,2024-01-01 00:00:00,1346,
436,51.0,Male,Coat,Outerwear,28,,XL,Olive,Winter,3.6,Yes,PayPal,Next Day Air,Yes,Yes,42,Bank Transfer,Monthly,,2024-01-01 00:00:00,1347,
1252,56.0,Male,Shorts,Clothing,86,,XL,Orange,Spring,5.0,No,Debit Card,Next Day Air,Yes,Yes,43,Credit Card,Monthly,,2024-01-01 00:00:00,1348,
366,,Male,Gloves,Accessories,88,West Virginia,XL,Gray,Summer,3.7,Yes,PayPal,Standard,Yes,Yes,50,PayPal,Quarterly,,2024-01-01 00:00:00,1349,
2340,25.0,male,Shirt,Clothing,65,Illinois,L,Maroon,Spring,3.4,No,Cash,Next Day Air,No,No,24,Bank Transfer,Quarterly,,2024-01-01 00:00:00,1350,
277,25.0,male,Skirt,Clothing,30,South Dakota,XL,Turquoise,Fall,3.5,Yes,Debit Card,Express,Yes,Yes,11,Bank Transfer,Fortnightly,,2024-01-01 00:00:00,1351,
3428,39.0,Female,T-shirt,Clothing,38,Michigan,XL,Turquoise,Winter,2.5,No,Bank Transfer,Store Pickup,No,No,44,Cash,Annually,,2024-01-01 00:00:00,1352,
2497,67.0,male,Scarf,Accessories,79,Illinois,S,Yellow,Summer,3.2,,Bank Transfer,Store Pickup,No,No,37,Credit Card,Weekly,,2024-01-01 00:00:00,1353,
2141,53.0,Male,Handbag,Accessories,90,New Mexico,M,Brown,Fall,3.7,No,Cash,Standard,No,No,36,Cash,Fortnightly,,2024-01-01 00:00:00,1354,
408,45.0,Male,Hoodie,Clothing,76,North Carolina,XL,Teal,Spring,3.1,Yes,Debit Card,Next Day Air,Yes,Yes,5,Credit Card,Bi-Weekly,,2024-01-01 00:00:00,1355,
2567,35.0,Male,Handbag,Accessories,38,Missouri,S,Yellow,Fall,3.3,No,Credit Card,Standard,,No,43,PayPal,Quarterly,,2024-01-01 00:00:00,1356,
1363,41.0,Male,Coat,Outerwear,46,Colorado,M,Gray,Fall,4.3,No,Cash,,Yes,Yes,29,Cash,Weekly,,2024-01-01 00:00:00,1357,
2463,68.0,Male,Pants,Clothing,99,Missouri,XL,Orange,Spring,4.3,No,Venmo,Standard,No,No,31,Bank Transfer,Bi-Weekly,,2024-01-01 00:00:00,1358,
845,59.0,Male,Sandals,Footwear,48,Missouri,L,Purple,Winter,4.4,Yes,PayPal,,Yes,Yes,44,Venmo,Bi-Weekly,,2024-01-01 00:00:00,1359,
2100,31.0,Male,T-shirt,Clothing,78,Oklahoma,L,Green,Summer,2.9,No,Debit Card,Express,No,No,50,PayPal,Annually,,2024-01-01 00:00:00,1360,
2391,65.0,,Shirt,Clothing,64,,XL,Yellow,Winter,4.6,No,Debit Card,Express,No,No,24,Debit Card,Fortnightly,,2024-01-01 00:00:00,1361,
87,24.0,,Hoodie,Clothing,41,Nevada,L,Pink,Spring,3.7,Yes,Venmo,2-Day Shipping,Yes,Yes,47,Cash,Bi-Weekly,,2024-01-01 00:00:00,1362,
1558,27.0,Male,Backpack,Accessories,34,South Dakota,L,Magenta,Fall,3.5,No,PayPal,Next Day Air,Yes,Yes,34,PayPal,Quarterly,,2024-01-01 00:00:00,1363,
3037,50.0,Female,Hoodie,Clothing,58,Vermont,S,Violet,Spring,4.3,No,PayPal,Next Day Air,No,No,7,Venmo,Fortnightly,,2024-01-01 00:00:00,1364,
3642,51.0,,Jacket,Outerwear,45,New York,M,Cyan,Fall,2.7,No,Debit Card,,No,No,39,Bank Transfer,Every 3 Months,,2024-01-01 00:00:00,1365,
3366,43.0,FEMALE,Skirt,Clothing,58,Tennessee,L,Teal,Fall,,No,Bank Transfer,Express,No,No,45,Credit Card,Every 3 Months,,2024-01-01 00:00:00,1366,
2658,52.0,Female,Dress,Clothing,81,Texas,M,Pink,Summer,2.7,No,PayPal,Express,No,No,7,Credit Card,Fortnightly,,2024-01-01 00:00:00,1367,
856,70.0,Male,Socks,Clothing,76,Oregon,L,Gold,Spring,3.0,Yes,Cash,2-Day Shipping,Yes,Yes,14,Credit Card,Quarterly,,2024-01-01 00:00:00,1368,
2476,69.0,Male,Dress,Clothing,43,California,S,Lavender,Summer,3.5,No,Bank Transfer,Next Day Air,No,No,36,Venmo,Monthly,,2024-01-01 00:00:00,1369,
79,50.0,Male,Skirt,Clothing,91,Nebraska,M,Maroon,Spring,4.7,Yes,Venmo,Free Shipping,,Yes,50,Venmo,Fortnightly,,2024-01-01 00:00:00,1370,
945,54.0,Male,Belt,Accessories,97,Indiana,S,Gray,Spring,4.8,Yes,Debit Card,Express,Yes,Yes,39,Cash,Bi-Weekly,,2024-01-01 00:00:00,1371,
200,54.0,Male,Hat,Accessories,73,Idaho,XL,Green,Summer,3.8,Yes,Debit Card,Express,Yes,Yes,32,Cash,Weekly,,2024-01-01 00:00:00,1372,
1729,23.0,Male,Jeans,Clothing,48,Wyoming,L,Black,Fall,4.3,No,Debit Card,Express,No,No,1,Debit Card,Every 3 Months,,2024-01-01 00:00:00,1373,
2887,42.0,Female,Hat,Accessories,33,Utah,L,Blue,Spring,4.2,No,Credit Card,Free Shipping,No,No,29,PayPal,Weekly,,2024-01-01 00:00:00,1374,
802,25.0,Male,Belt,Accessories,29,New Mexico,L,Blue,Fall,4.9,Yes,Credit Card,Express,Yes,Yes,12,Credit Card,Fortnightly,,2024-01-01 00:00:00,1375,
2418,21.0,Male,Backpack,Accessories,24,Alaska,M,Olive,Fall,3.3,No,Bank Transfer,Standard,No,No,32,Venmo,Fortnightly,,2024-01-01 00:00:00,1376,
3668,51.0,Female,Pants,Clothing,45,Washington,L,Cyan,Fall,2.6,,Credit Card,Next Day Air,No,No,20,Venmo,Monthly,,2024-01-01 00:00:00,1377,
2228,40.0,Male,Scarf,Accessories,74,Washington,S,Gray,Summer,4.4,No,Venmo,Next Day Air,No,No,42,Credit Card,Fortnightly,,2024-01-01 00:00:00,1378,
1785,32.0,Male,Backpack,Accessories,31,Louisiana,L,Yellow,Summer,4.8,No,Cash,Standard,No,No,4,Debit Card,Quarterly,,2024-01-01 00:00:00,1379,
232,28.0,Male,Blouse,Clothing,26,Tennessee,M,Blue,Spring,3.1,Yes,Bank Transfer,2-Day Shipping,Yes,Yes,18,Debit Card,Every 3 Months,,2024-01-01 00:00:00,1380,
1421,22.0,Male,Jeans,Clothing,53,California,XL,Gray,Summer,4.6,No,Cash,Store Pickup,,Yes,45,PayPal,Every 3 Months,,2024-01-01 00:00:00,1381,
2866,28.0,FEMALE,Skirt,Clothing,97,California,M,Silver,Fall,3.7,No,Cash,Free Shipping,No,No,27,Cash,Fortnightly,,2024-01-01 00:00:00,1382,
2752,27.0,Female,Dress,Clothing,52,Minnesota,S,Indigo,Fall,3.1,No,Venmo,Free Shipping,No,No,50,Venmo,Monthly,,2024-01-01 00:00:00,1383,
3204,63.0,Female,Coat,Outerwear,29,New Jersey,L,Teal,Spring,4.1,No,Cash,Express,No,No,14,Venmo,Annually,,2024-01-01 00:00:00,1384,
2260,60.0,Male,Jeans,Clothing,96,Florida,XL,Beige,Spring,3.3,No,Venmo,Free Shipping,,No,24,Cash,Annually,,2024-01-01 00:00:00,1385,
1481,39.0,Male,Jewelry,Accessories,74,New Hampshire,M,Gold,Fall,3.6,No,Cash,Express,,Yes,26,Cash,Quarterly,,2024-01-01 00:00:00,1386,
3596,21.0,Female,Blouse,Clothing,41,South Dakota,M,Violet,Spring,3.1,No,Cash,Store Pickup,No,No,14,PayPal,Annually,,2024-01-01 00:00:00,1387,
1642,50.0,Male,Hoodie,Clothing,32,Colorado,L,Violet,Summer,3.4,No,Bank Transfer,Free Shipping,Yes,Yes,1,Bank Transfer,Every 3 Months,,2024-01-01 00:00:00,1388,
3833,64.0,Female,Boots,Footwear,38,Kansas,XL,Purple,Winter,4.8,No,PayPal,2-Day Shipping,No,No,27,Cash,Weekly,,2024-01-01 00:00:00,1389,
1144,68.0,Male,Boots,Footwear,23,Nevada,L,Teal,Winter,4.4,No,Cash,Standard,Yes,Yes,43,PayPal,Quarterly,,2024-01-01 00:00:00,1390,
3575,29.0,Female,Socks,Clothing,70,New York,M,Cyan,Fall,4.9,No,Cash,Express,No,No,39,Bank Transfer,Quarterly,,2024-01-01 00:00:00,1391,
192,64.0,male,Hat,Accessories,76,Utah,M,Gray,Fall,3.9,Yes,Credit Card,Free Shipping,Yes,Yes,29,Cash,Every 3 Months,,2024-01-01 00:00:00,1392,
105,55.0,Male,Sunglasses,Accessories,24,New Hampshire,L,Pink,Spring,4.4,Yes,Bank Transfer,2-Day Shipping,,Yes,1,PayPal,Monthly,,2024-01-01 00:00:00,1393,
2965,44.0,Female,Coat,Outerwear,25,Ohio,S,White,Fall,3.8,No,Credit Card,2-Day Shipping,No,No,13,Venmo,Fortnightly,,2024-01-01 00:00:00,1394,
1861,18.0,Male,T-shirt,Clothing,64,Kansas,M,Silver,Summer,4.8,No,Credit Card,Next Day Air,No,No,4,Credit Card,Monthly,,2024-01-01 00:00:00,1395,
1399,30.0,Male,Dress,Clothing,45,Texas,M,Cyan,Summer,,No,Bank Transfer,Free Shipping,Yes,Yes,25,Credit Card,Weekly,,2024-01-01 00:00:00,1396,
2359,53.0,Male,Sweater,Clothing,93,Texas,L,Pink,Spring,,No,Bank Transfer,Standard,No,No,38,Credit Card,Quarterly,,2024-01-01 00:00:00,1397,
1654,31.0,Male,Belt,Accessories,93,Colorado,L,Silver,Winter,3.0,No,Venmo,2-Day Shipping,Yes,Yes,29,Debit Card,Bi-Weekly,,2024-01-01 00:00:00,1398,
2239,40.0,Male,Sneakers,Footwear,84,Florida,L,Beige,Winter,3.8,No,Credit Card,,No,No,18,Debit Card,Weekly,,2024-01-01 00:00:00,1399,
1648,34.0,Male,Boots,Footwear,78,Hawaii,M,Purple,Summer,4.9,No,Credit Card,Store Pickup,Yes,Yes,8,Debit Card,Quarterly,,2024-01-01 00:00:00,1400,
1537,18.0,Male,Sunglasses,Accessories,82,Michigan,M,Indigo,Summer,2.6,No,Cash,Store Pickup,Yes,Yes,17,Cash,Quarterly,,2024-01-01 00:00:00,1401,
3406,,Female,Blouse,Clothing,87,Washington,M,White,Summer,4.2,No,Venmo,Store Pickup,,No,47,Bank Transfer,Bi-Weekly,,2024-01-01 00:00:00,1402,
2442,45.0,Male,Jewelry,Accessories,36,California,M,Black,Fall,4.7,No,Credit Card,Free Shipping,No,No,5,Credit Card,Monthly,,2024-01-01 00:00:00,1403,
1433,34.0,,Hat,Accessories,33,Florida,L,Black,Winter,4.4,No,Cash,Express,Yes,Yes,32,Debit Card,Quarterly,,2024-01-01 00:00:00,1404,
1823,66.0,Male,Shirt,Clothing,85,,S,Cyan,Summer,4.4,No,Cash,Standard,No,No,4,Cash,Annually,,2024-01-01 00:00:00,1405,
2431,20.0,Male,Jacket,Outerwear,100,North Dakota,XL,White,Summer,4.3,No,Cash,Express,No,No,42,Cash,Quarterly,,2024-01-01 00:00:00,1406,
2741,19.0,Female,Sunglasses,Accessories,70,Pennsylvania,M,Lavender,Summer,4.9,No,Credit Card,,No,No,34,Bank Transfer,Fortnightly,,2024-01-01 00:00:00,1407,
1026,60.0,Male,Shirt,Clothing,84,Nebraska,M,Olive,Winter,4.9,Yes,Bank Transfer,Free Shipping,Yes,Yes,15,Credit Card,Annually,,2024-01-01 00:00:00,1408,
2177,24.0,Male,Belt,Accessories,91,Vermont,S,Red,Winter,3.4,No,Venmo,2-Day Shipping,No,No,44,Debit Card,Quarterly,,2024-01-01 00:00:00,1409,
1660,53.0,Male,Gloves,Accessories,37,Utah,M,Black,Fall,3.9,No,Bank Transfer,Next Day Air,Yes,Yes,44,Venmo,Annually,,2024-01-01 00:00:00,1410,
3372,49.0,Female,Hoodie,Clothing,99,Colorado,S,Turquoise,Winter,4.0,No,PayPal,Next Day Air,No,No,28,PayPal,Annually,,2024-01-01 00:00:00,1411,
995,53.0,Male,Shoes,Footwear,68,New York,L,Violet,Fall,3.2,Yes,PayPal,Express,Yes,Yes,20,Debit Card,Monthly,,2024-01-01 00:00:00,1412,
465,23.0,Male,Sunglasses,Accessories,52,Alabama,M,Silver,Winter,4.7,Yes,PayPal,Next Day Air,Yes,Yes,45,PayPal,Monthly,,2024-01-01 00:00:00,1413,
1514,22.0,Male,Socks,Clothing,35,Texas,M,Red,Spring,4.1,No,PayPal,Free Shipping,Yes,Yes,27,Cash,Monthly,,2024-01-01 00:00:00,1414,
1484,39.0,Male,Jewelry,Accessories,61,Massachusetts,S,Yellow,Summer,4.7,No,PayPal,Next Day Air,Yes,Yes,12,Debit Card,Bi-Weekly,,2024-01-01 00:00:00,1415,
3217,,Female,Hoodie,Clothing,85,Illinois,S,Olive,Winter,,No,Debit Card,Next Day Air,No,No,18,Cash,Weekly,,2024-01-01 00:00:00,1416,
2171,40.0,Male,Sweater,Clothing,32,South Carolina,M,Turquoise,Fall,4.0,No,PayPal,Next Day Air,No,No,37,Venmo,Every 3 Months,,2024-01-01 00:00:00,1417,
1237,42.0,Male,Hat,Accessories,68,New Mexico,M,White,Summer,4.4,No,PayPal,Store Pickup,,Yes,35,Debit Card,Every 3 Months,,2024-01-01 00:00:00,1418,
2425,49.0,Male,Jewelry,Accessories,57,Delaware,M,Peach,Winter,4.5,No,Debit Card,Next Day Air,No,No,28,Bank Transfer,Bi-Weekly,,2024-01-01 00:00:00,1419,
1698,36.0,Male,Shirt,Clothing,87,South Carolina,L,Lavender,Fall,3.5,No,Venmo,Next Day Air,No,No,48,Credit Card,Every 3 Months,,2024-01-01 00:00:00,1420,
213,67.0,Male,Handbag,Accessories,84,Virginia,L,Blue,Fall,,Yes,Venmo,Express,Yes,Yes,7,Debit Card,Annually,,2024-01-01 00:00:00,1421,
1037,,Male,Handbag,Accessories,47,Hawaii,M,Yellow,Fall,3.7,Yes,Credit Card,2-Day Shipping,Yes,Yes,13,Bank Transfer,Monthly,,2024-01-01 00:00:00,1422,
3886,49.0,Female,Socks,Clothing,64,New Mexico,L,Purple,Winter,3.2,No,Venmo,,No,No,39,Cash,Quarterly,,2024-01-01 00:00:00,1423,
901,54.0,Male,Hat,Accessories,98,,L,Gray,Fall,3.3,Yes,Cash,Free Shipping,Yes,Yes,42,Bank Transfer,Quarterly,,2024-01-01 00:00:00,1424,
1685,30.0,Male,Shirt,Clothing,93,New Mexico,M,Indigo,Spring,4.6,No,Cash,Standard,,No,28,PayPal,Weekly,,2024-01-01 00:00:00,1425,
1689,,Male,Handbag,Accessories,26,Mississippi,S,Peach,Winter,3.0,No,Credit Card,Next Day Air,No,No,13,Venmo,Fortnightly,,2024-01-01 00:00:00,1426,
742,22.0,,T-shirt,Clothing,79,West Virginia,XL,Yellow,Summer,,Yes,Debit Card,Free Shipping,Yes,Yes,23,Bank Transfer,Every 3 Months,,2024-01-01 00:00:00,1427,
3526,45.0,Female,Sunglasses,Accessories,38,Wyoming,L,Olive,Winter,3.5,No,PayPal,Standard,No,No,47,Bank Transfer,Annually,,2024-01-01 00:00:00,1428,
3104,27.0,FEMALE,Shirt,Clothing,37,Illinois,S,Peach,Winter,3.0,No,PayPal,2-Day Shipping,No,No,42,Bank Transfer,Weekly,,2024-01-01 00:00:00,1429,
3778,43.0,Female,Shorts,Clothing,65,,M,Maroon,Fall,4.3,No,Debit Card,Express,No,No,9,Cash,Weekly,,2024-01-01 00:00:00,1430,
1207,22.0,Male,Handbag,Accessories,59,Mississippi,S,Cyan,Fall,3.0,No,Cash,Free Shipping,Yes,Yes,16,Venmo,Every 3 Months,,2024-01-01 00:00:00,1431,
510,41.0,Male,T-shirt,Clothing,80,Delaware,L,Cyan,Summer,3.9,Yes,Bank Transfer,Free Shipping,Yes,Yes,17,Debit Card,Weekly,,2024-01-01 00:00:00,1432,
598,70.0,male,Jewelry,Accessories,69,Alaska,L,Gold,Summer,3.4,Yes,Bank Transfer,Standard,Yes,Yes,19,Bank Transfer,Fortnightly,,2024-01-01 00:00:00,1433,
2397,38.0,Male,Shirt,Clothing,82,Oregon,M,Olive,Spring,3.7,No,Credit Card,2-Day Shipping,No,No,20,Venmo,Weekly,,2024-01-01 00:00:00,1434,
982,,Male,Belt,Accessories,42,Maryland,M,Silver,Spring,3.5,Yes,Debit Card,Next Day Air,,Yes,47,Credit Card,Quarterly,,2024-01-01 00:00:00,1435,
2341,63.0,Male,Blouse,Clothing,24,Delaware,M,Cyan,Summer,2.6,No,Venmo,Standard,No,No,37,Credit Card,Fortnightly,,2024-01-01 00:00:00,1436,
3532,54.0,Female,Shoes,Footwear,52,North Dakota,XL,Violet,Winter,4.6,No,Credit Card,2-Day Shipping,No,No,23,Cash,Quarterly,,2024-01-01 00:00:00,1437,
519,24.0,Male,Blouse,Clothing,100,Oregon,M,Beige,Fall,2.9,Yes,PayPal,Next Day Air,Yes,Yes,16,Venmo,Every 3 Months,,2024-01-01 00:00:00,1438,
1504,50.0,Male,Jacket,Outerwear,30,Michigan,M,Maroon,Fall,3.9,No,Cash,2-Day Shipping,Yes,Yes,46,Cash,Quarterly,,2024-01-01 00:00:00,1439,
768,27.0,male,Coat,Outerwear,77,Pennsylvania,M,Brown,Fall,2.5,Yes,Cash,Next Day Air,Yes,Yes,11,Cash,Annually,,2024-01-01 00:00:00,1440,
2650,23.0,Male,Gloves,Accessories,21,Minnesota,M,Magenta,Fall,3.9,No,Credit Card,Store Pickup,No,No,14,Bank Transfer,Fortnightly,,2024-01-01 00:00:00,1441,
3099,66.0,Female,Pants,Clothing,64,New Mexico,L,Cyan,Summer,3.3,No,Bank Transfer,Next Day Air,No,No,50,Bank Transfer,Quarterly,,2024-01-01 00:00:00,1442,
422,38.0,Male,Shirt,Clothing,40,Kentucky,M,Violet,Winter,3.5,Yes,Cash,Standard,,Yes,48,Cash,Bi-Weekly,,2024-01-01 00:00:00,1443,
124,57.0,Male,Sweater,Clothing,89,Louisiana,L,Brown,Fall,3.1,Yes,Debit Card,Free Shipping,Yes,Yes,46,Cash,Weekly,,2024-01-01 00:00:00,1444,
2755,59.0,Female,Sunglasses,Accessories,61,New Jersey,L,Gold,Summer,,No,PayPal,Free Shipping,No,No,21,Venmo,Bi-Weekly,,2024-01-01 00:00:00,1445,
1449,64.0,male,Boots,Footwear,95,West Virginia,M,Black,Summer,3.6,No,Bank Transfer,Free Shipping,Yes,Yes,11,Credit Card,Every 3 Months,,2024-01-01 00:00:00,1446,
3544,58.0,Female,Hat,Accessories,83,Colorado,M,Blue,Winter,4.1,No,Credit Card,Standard,No,No,18,PayPal,Every 3 Months,,2024-01-01 00:00:00,1447,
820,55.0,Male,Sunglasses,Accessories,36,Colorado,S,Teal,Winter,4.8,Yes,Bank Transfer,Next Day Air,Yes,Yes,28,Debit Card,Quarterly,,2024-01-01 00:00:00,1448,
1404,26.0,male,Backpack,Accessories,20,Georgia,M,Peach,Spring,3.6,No,Bank Transfer,Store Pickup,Yes,Yes,20,Credit Card,Bi-Weekly,,2024-01-01 00:00:00,1449,
1383,68.0,male,Jacket,Outerwear,55,Michigan,L,Brown,Winter,4.8,No,Venmo,Express,Yes,Yes,16,Bank Transfer,Quarterly,,2024-01-01 00:00:00,1450,
101,62.0,Male,Sunglasses,Accessories,98,South Dakota,M,Maroon,Fall,2.7,Yes,PayPal,Express,Yes,Yes,31,Cash,Fortnightly,,2024-01-01 00:00:00,1451,
3529,38.0,,Scarf,Accessories,67,,L,Gray,Summer,4.5,No,Cash,Free Shipping,,No,33,PayPal,Annually,,2024-01-01 00:00:00,1452,
1284,69.0,Male,Shirt,Clothing,94,Oregon,M,Violet,Winter,3.9,No,Credit Card,2-Day Shipping,Yes,Yes,23,Debit Card,Every 3 Months,,2024-01-01 00:00:00,1453,
3705,,Female,Sunglasses,Accessories,61,Missouri,L,Black,Winter,4.0,No,PayPal,Store Pickup,No,No,36,Credit Card,Quarterly,,2024-01-01 00:00:00,1454,
3480,46.0,Female,Sweater,Clothing,56,New York,S,Orange,Summer,,No,PayPal,Standard,No,No,41,Cash,Monthly,,2024-01-01 00:00:00,1455,
3506,48.0,Female,Jewelry,Accessories,42,Indiana,L,Red,Winter,3.7,No,Cash,2-Day Shipping,No,No,40,Bank Transfer,Every 3 Months,,2024-01-01 00:00:00,1456,
1104,35.0,Male,Hoodie,Clothing,23,Tennessee,S,Charcoal,Spring,,No,Debit Card,Free Shipping,Yes,Yes,8,Debit Card,Bi-Weekly,,2024-01-01 00:00:00,1457,
2856,29.0,Female,Boots,Footwear,95,Mississippi,S,Maroon,Winter,3.8,No,Debit Card,2-Day Shipping,No,No,33,PayPal,Quarterly,,2024-01-01 00:00:00,1458,
2947,38.0,FEMALE,Pants,Clothing,77,Hawaii,L,Purple,Spring,2.8,No,Credit Card,Free Shipping,No,No,29,Bank Transfer,Quarterly,,2024-01-01 00:00:00,1459,
3201,67.0,Female,Socks,Clothing,24,Missouri,L,Black,Spring,4.8,No,PayPal,Free Shipping,No,No,32,Credit Card,Monthly,,2024-01-01 00:00:00,1460,
2403,45.0,Male,Scarf,Accessories,89,Utah,M,Brown,Winter,3.8,No,PayPal,Free Shipping,No,No,31,Cash,Weekly,,2024-01-01 00:00:00,1461,
1353,65.0,Male,Hat,Accessories,89,Indiana,XL,Orange,Spring,4.5,No,Bank Transfer,Next Day Air,Yes,Yes,37,Credit Card,Bi-Weekly,,2024-01-01 00:00:00,1462,
1579,62.0,Male,Pants,Clothing,97,,S,Maroon,Winter,4.9,No,Debit Card,2-Day Shipping,Yes,Yes,2,PayPal,Quarterly,,2024-01-01 00:00:00,1463,
3322,32.0,FEMALE,Coat,Outerwear,100,Maine,S,Charcoal,Winter,4.3,No,Bank Transfer,Next Day Air,No,No,3,Venmo,Annually,,2024-01-01 00:00:00,1464,
3634,,FEMALE,Gloves,Accessories,51,Montana,M,Orange,Spring,2.8,No,Venmo,Free Shipping,No,No,1,Bank Transfer,Bi-Weekly,,2024-01-01 00:00:00,1465,
983,35.0,Male,Coat,Outerwear,62,Texas,S,Red,Summer,3.2,Yes,Venmo,Standard,Yes,Yes,37,PayPal,Monthly,,2024-01-01 00:00:00,1466,
457,50.0,Male,Blouse,Clothing,96,North Carolina,S,Indigo,Fall,4.0,Yes,Bank Transfer,2-Day Shipping,Yes,Yes,33,Credit Card,Quarterly,,2024-01-01 00:00:00,1467,
2975,57.0,Female,Sneakers,Footwear,99,Tennessee,XL,Peach,Summer,4.1,No,Cash,Store Pickup,No,No,34,Credit Card,Weekly,,2024-01-01 00:00:00,1468,
2963,57.0,Female,Pants,Clothing,40,California,L,Pink,Fall,4.0,No,PayPal,Express,No,No,42,Credit Card,Every 3 Months,,2024-01-01 00:00:00,1469,
2834,43.0,Female,Jeans,Clothing,56,Arkansas,M,Teal,Fall,3.3,No,PayPal,Free Shipping,No,No,19,Cash,Monthly,,2024-01-01 00:00:00,1470,
382,66.0,male,Jewelry,Accessories,25,Maine,L,Lavender,Winter,3.4,Yes,Debit Card,Store Pickup,Yes,Yes,3,Credit Card,Every 3 Months,,2024-01-01 00:00:00,1471,
3739,34.0,Female,Shorts,Clothing,45,Delaware,M,Brown,Spring,2.7,,Credit Card,Free Shipping,No,No,48,Cash,Fortnightly,,2024-01-01 00:00:00,1472,
2520,40.0,Male,Jacket,Outerwear,90,Michigan,L,Magenta,Spring,4.9,No,Credit Card,Standard,No,No,21,Credit Card,Quarterly,,2024-01-01 00:00:00,1473,
2457,59.0,Male,Jeans,Clothing,83,Nebraska,M,Green,Winter,3.3,No,Credit Card,2-Day Shipping,No,No,5,PayPal,Monthly,,2024-01-01 00:00:00,1474,
1011,54.0,Male,Jeans,Clothing,24,South Dakota,XL,Gray,Spring,4.7,Yes,PayPal,2-Day Shipping,Yes,Yes,37,Credit Card,Fortnightly,,2024-01-01 00:00:00,1475,
1750,43.0,Male,Hoodie,Clothing,70,Wyoming,L,Pink,Fall,3.2,No,Credit Card,2-Day Shipping,No,No,36,Debit Card,Every 3 Months,,2024-01-01 00:00:00,1476,
3690,47.0,FEMALE,Jewelry,Accessories,30,South Carolina,L,Red,Fall,4.5,No,Cash,Standard,No,No,8,Bank Transfer,Quarterly,,2024-01-01 00:00:00,1477,
663,24.0,male,Gloves,Accessories,98,Illinois,L,Magenta,Fall,2.8,Yes,Debit Card,Express,Yes,Yes,39,Venmo,Bi-Weekly,,2024-01-01 00:00:00,1478,
3027,55.0,Female,Shirt,Clothing,70,Tennessee,L,Magenta,Fall,2.5,No,Venmo,Free Shipping,No,No,6,Credit Card,Annually,,2024-01-01 00:00:00,1479,
1622,68.0,male,Scarf,Accessories,46,Ohio,L,Gray,Summer,3.9,No,Venmo,2-Day Shipping,Yes,Yes,38,Debit Card,Fortnightly,,2024-01-01 00:00:00,1480,
3635,59.0,Female,Socks,Clothing,22,Ohio,M,Pink,Winter,3.3,No,Bank Transfer,Standard,No,No,17,PayPal,Annually,,2024-01-01 00:00:00,1481,
1806,41.0,Male,T-shirt,Clothing,62,Arizona,L,Gold,Spring,4.9,No,Venmo,Store Pickup,No,No,46,Debit Card,Weekly,,2024-01-01 00:00:00,1482,
3001,,Female,Sandals,Footwear,70,Ohio,M,Lavender,Winter,3.7,No,Cash,Express,No,No,7,PayPal,Weekly,,2024-01-01 00:00:00,1483,
3136,68.0,FEMALE,Shoes,Footwear,85,Indiana,L,Yellow,Spring,,No,Bank Transfer,Free Shipping,No,No,48,Venmo,Fortnightly,,2024-01-01 00:00:00,1484,
3042,48.0,Female,Handbag,Accessories,79,Rhode Island,M,Orange,Winter,4.0,No,Credit Card,Express,No,No,27,PayPal,Monthly,,2024-01-01 00:00:00,1485,
2219,67.0,Male,Sunglasses,Accessories,67,Idaho,M,Magenta,Winter,3.5,No,Cash,Store Pickup,,No,20,Debit Card,Quarterly,,2024-01-01 00:00:00,1486,
846,31.0,Male,Belt,Accessories,21,Michigan,XL,Charcoal,Winter,3.7,Yes,PayPal,Standard,Yes,Yes,30,Venmo,Monthly,,2024-01-01 00:00:00,1487,
543,27.0,Male,Boots,Footwear,79,Illinois,XL,Teal,Spring,4.6,Yes,Venmo,Next Day Air,,Yes,35,Cash,Bi-Weekly,,2024-01-01 00:00:00,1488,
92,44.0,Male,Scarf,Accessories,99,South Carolina,S,Green,Winter,4.6,Yes,PayPal,Standard,Yes,Yes,18,Credit Card,Every 3 Months,,2024-01-01 00:00:00,1489,
3632,48.0,Female,Hat,Accessories,50,New Jersey,M,Peach,Fall,2.9,No,Debit Card,Store Pickup,No,No,26,Credit Card,Monthly,,2024-01-01 00:00:00,1490,
3474,63.0,Female,Dress,Clothing,40,,M,Cyan,Spring,2.5,No,Credit Card,Express,No,No,11,Cash,Weekly,,2024-01-01 00:00:00,1491,
1197,30.0,Male,Belt,Accessories,88,North Dakota,M,Maroon,Winter,3.2,No,PayPal,2-Day Shipping,Yes,Yes,13,Bank Transfer,Bi-Weekly,,2024-01-01 00:00:00,1492,
1103,52.0,Male,Sweater,Clothing,83,Texas,M,Peach,Fall,2.9,No,Credit Card,Express,Yes,Yes,24,Cash,Fortnightly,,2024-01-01 00:00:00,1493,
2684,68.0,Female,Backpack,Accessories,30,Montana,M,Indigo,Summer,4.2,No,Cash,Next Day Air,No,No,21,Cash,Fortnightly,,2024-01-01 00:00:00,1494,
1780,29.0,Male,Scarf,Accessories,62,Virginia,M,Charcoal,Winter,4.3,No,Bank Transfer,Free Shipping,No,No,41,Venmo,Weekly,,2024-01-01 00:00:00,1495,
3683,42.0,Female,Shirt,Clothing,60,Wyoming,M,Maroon,Fall,4.6,No,Venmo,Store Pickup,No,No,46,Venmo,Bi-Weekly,,2024-01-01 00:00:00,1496,
3685,29.0,Female,Skirt,Clothing,86,Pennsylvania,L,Charcoal,Spring,4.4,No,PayPal,Free Shipping,No,No,47,Credit Card,Bi-Weekly,,2024-01-01 00:00:00,1497,
3741,42.0,Female,Pants,Clothing,96,Virginia,M,Silver,Summer,2.6,No,Cash,Store Pickup,No,No,26,Debit Card,Bi-Weekly,,2024-01-01 00:00:00,1498,
3129,65.0,Female,Jacket,Outerwear,32,Arkansas,S,Indigo,Fall,4.4,No,PayPal,Standard,No,No,20,Cash,Annually,,2024-01-01 00:00:00,1499,
1792,62.0,Male,Jeans,Clothing,98,Montana,S,Purple,Winter,4.0,No,Debit Card,Store Pickup,,No,38,Cash,Annually,,2024-01-01 00:00:00,1500,
1049,30.0,Male,Socks,Clothing,77,Maine,L,Yellow,Fall,2.7,Yes,Cash,Standard,Yes,Yes,19,Venmo,Fortnightly,,2024-01-01 00:00:00,1501,
2835,,Female,Jacket,Outerwear,43,Texas,M,Indigo,Fall,2.9,No,Credit Card,2-Day Shipping,No,No,17,Credit Card,Weekly,,2024-01-01 00:00:00,1502,
3455,55.0,FEMALE,Handbag,Accessories,71,Louisiana,S,Lavender,Fall,4.6,No,Cash,Store Pickup,No,No,15,PayPal,Bi-Weekly,,2024-01-01 00:00:00,1503,
899,54.0,,Belt,Accessories,70,Nevada,L,Red,Spring,3.5,Yes,Credit Card,2-Day Shipping,Yes,Yes,19,Bank Transfer,Every 3 Months,,2024-01-01 00:00:00,1504,
1460,20.0,Male,Shoes,Footwear,35,Maine,L,Yellow,Winter,4.8,No,PayPal,Express,Yes,Yes,18,Venmo,Fortnightly,,2024-01-01 00:00:00,1505,
2782,65.0,Female,Sandals,Footwear,39,Mississippi,M,Blue,Spring,4.6,No,Venmo,Standard,,No,33,PayPal,Weekly,,2024-01-01 00:00:00,1506,
238,50.0,Male,Dress,Clothing,90,Iowa,M,Beige,Summer,3.0,Yes,Venmo,Store Pickup,Yes,Yes,36,Debit Card,Fortnightly,,2024-01-01 00:00:00,1507,
2277,31.0,Male,Jeans,Clothing,82,Wyoming,L,Red,Summer,,No,Bank Transfer,,No,No,25,Debit Card,Weekly,,2024-01-01 00:00:00,1508,
2645,25.0,Male,Pants,Clothing,83,New Mexico,M,Turquoise,Spring,3.3,No,PayPal,Standard,No,No,4,Bank Transfer,Every 3 Months,,2024-01-01 00:00:00,1509,
1134,36.0,Male,Shoes,Footwear,36,Connecticut,XL,Magenta,Winter,4.1,No,PayPal,2-Day Shipping,Yes,Yes,29,Cash,Weekly,,2024-01-01 00:00:00,1510,
2611,66.0,Male,Jeans,Clothing,93,West Virginia,M,Violet,Spring,3.1,,Bank Transfer,Express,No,No,25,Cash,Quarterly,,2024-01-01 00:00:00,1511,
3850,46.0,Female,Hoodie,Clothing,68,Florida,S,Cyan,Winter,2.6,No,Venmo,Express,No,No,36,PayPal,Fortnightly,,2024-01-01 00:00:00,1512,
164,,,Skirt,Clothing,67,Virginia,M,Purple,Summer,3.4,Yes,PayPal,Standard,Yes,Yes,8,Debit Card,Weekly,,2024-01-01 00:00:00,1513,
3553,22.0,Female,Sunglasses,Accessories,66,Kentucky,M,Blue,Winter,2.9,No,Credit Card,Next Day Air,No,No,3,PayPal,Quarterly,,2024-01-01 00:00:00,1514,
3188,,Female,Blouse,Clothing,72,Texas,L,Indigo,Winter,3.2,No,Credit Card,Free Shipping,No,No,28,Debit Card,Weekly,,2024-01-01 00:00:00,1515,
253,32.0,Male,Shorts,Clothing,41,Delaware,M,Violet,Summer,3.9,Yes,Cash,Free Shipping,Yes,Yes,33,Venmo,Fortnightly,,2024-01-01 00:00:00,1516,
1789,66.0,Male,Blouse,Clothing,41,Illinois,L,Pink,Summer,3.1,No,PayPal,Store Pickup,No,No,23,Cash,Bi-Weekly,,2024-01-01 00:00:00,1517,
2401,43.0,Male,Sunglasses,Accessories,88,Oregon,M,Peach,Winter,4.2,No,PayPal,Next Day Air,No,No,11,Credit Card,Bi-Weekly,,2024-01-01 00:00:00,1518,
1961,57.0,Male,Jeans,Clothing,72,Massachusetts,L,Red,Summer,3.3,No,Bank Transfer,2-Day Shipping,,No,40,Credit Card,Annually,,2024-01-01 00:00:00,1519,
1553,54.0,Male,Blouse,Clothing,49,,L,Purple,Spring,3.0,No,Debit Card,Express,Yes,Yes,20,Credit Card,Monthly,,2024-01-01 00:00:00,1520,
931,26.0,Male,T-shirt,Clothing,78,Hawaii,L,Green,Fall,4.5,Yes,Credit Card,Store Pickup,Yes,Yes,20,Credit Card,Bi-Weekly,,2024-01-01 00:00:00,1521,
2043,19.0,Male,Shoes,Footwear,52,Alabama,M,Red,Spring,4.0,No,Credit Card,2-Day Shipping,No,No,35,Venmo,Monthly,,2024-01-01 00:00:00,1522,
2124,54.0,Male,Coat,Outerwear,71,Nebraska,L,Cyan,Spring,3.7,No,Cash,Express,No,No,22,Debit Card,Bi-Weekly,,2024-01-01 00:00:00,1523,
3055,42.0,Female,Boots,Footwear,70,New Hampshire,S,Magenta,Summer,4.9,No,Cash,2-Day Shipping,No,No,34,Venmo,Monthly,,2024-01-01 00:00:00,1524,
2992,66.0,Female,Dress,Clothing,71,Utah,L,Green,Summer,3.9,No,PayPal,Standard,No,No,7,PayPal,Bi-Weekly,,2024-01-01 00:00:00,1525,
1790,52.0,Male,Blouse,Clothing,34,Arizona,L,Peach,Spring,3.0,No,PayPal,2-Day Shipping,No,No,43,Debit Card,Quarterly,,2024-01-01 00:00:00,1526,
1831,50.0,male,Sunglasses,Accessories,80,Kansas,M,Blue,Winter,4.8,No,Credit Card,Express,No,No,7,Venmo,Annually,,2024-01-01 00:00:00,1527,
3783,40.0,Female,Jacket,Outerwear,45,Alabama,L,Orange,Spring,,No,Cash,Free Shipping,No,No,42,PayPal,Fortnightly,,2024-01-01 00:00:00,1528,
2237,23.0,Male,T-shirt,Clothing,88,Louisiana,M,Yellow,Winter,2.7,No,Venmo,Standard,No,No,18,Debit Card,Fortnightly,,2024-01-01 00:00:00,1529,
1091,38.0,Male,Scarf,Accessories,58,Connecticut,M,Violet,Spring,,No,Bank Transfer,Store Pickup,Yes,Yes,27,Cash,Fortnightly,,2024-01-01 00:00:00,1530,
3193,19.0,Female,Sweater,Clothing,76,Iowa,S,Maroon,Fall,3.0,No,Credit Card,Free Shipping,No,No,20,Cash,Fortnightly,,2024-01-01 00:00:00,1531,
3843,35.0,Female,Jacket,Outerwear,84,Colorado,L,Lavender,Winter,4.2,No,Cash,Next Day Air,,No,42,Debit Card,Monthly,,2024-01-01 00:00:00,1532,
1955,26.0,Male,Gloves,Accessories,77,Colorado,M,Pink,Winter,4.2,No,Bank Transfer,Free Shipping,,No,3,Venmo,Quarterly,,2024-01-01 00:00:00,1533,
1182,61.0,male,Shorts,Clothing,96,,L,Teal,Summer,3.5,No,Cash,Free Shipping,Yes,Yes,43,Bank Transfer,Quarterly,,2024-01-01 00:00:00,1534,
1453,60.0,Male,Jacket,Outerwear,25,Colorado,L,Blue,Spring,4.7,No,Venmo,2-Day Shipping,Yes,Yes,11,Bank Transfer,Quarterly,,2024-01-01 00:00:00,1535,
594,67.0,male,Coat,Outerwear,35,Alaska,S,Green,Winter,4.4,,Cash,,Yes,Yes,9,PayPal,Every 3 Months,,2024-01-01 00:00:00,1536,
678,60.0,Male,Socks,Clothing,62,,S,Turquoise,Summer,2.7,Yes,PayPal,Express,Yes,Yes,41,PayPal,Annually,,2024-01-01 00:00:00,1537,
42,67.0,Male,Scarf,Accessories,39,Alaska,M,Orange,Spring,4.5,Yes,Cash,Standard,Yes,Yes,40,Venmo,Annually,,2024-01-01 00:00:00,1538,
3545,64.0,Female,Socks,Clothing,55,Wisconsin,XL,Charcoal,Fall,3.6,No,PayPal,2-Day Shipping,No,No,42,Cash,Every 3 Months,,2024-01-01 00:00:00,1539,
2402,43.0,Male,Boots,Footwear,76,Oregon,M,Pink,Winter,4.2,No,Cash,Standard,No,No,25,PayPal,Bi-Weekly,,2024-01-01 00:00:00,1540,
1814,40.0,male,Shorts,Clothing,62,Illinois,M,Olive,Spring,3.5,No,Credit Card,Free Shipping,No,No,24,PayPal,Weekly,,2024-01-01 00:00:00,1541,
3206,40.0,Female,Hoodie,Clothing,24,Colorado,XL,Magenta,Fall,4.4,No,Debit Card,,No,No,50,Bank Transfer,Every 3 Months,,2024-01-01 00:00:00,1542,
244,25.0,Male,Jewelry,Accessories,100,Kentucky,M,Olive,Winter,2.8,Yes,Credit Card,2-Day Shipping,Yes,Yes,4,Debit Card,Monthly,,2024-01-01 00:00:00,1543,
1125,42.0,Male,Sweater,Clothing,20,Iowa,M,Orange,Spring,4.9,No,Debit Card,Express,Yes,Yes,40,Cash,Quarterly,,2024-01-01 00:00:00,1544,
1340,36.0,Male,Belt,Accessories,56,Indiana,L,Olive,Winter,5.0,No,PayPal,Next Day Air,Yes,Yes,5,Bank Transfer,Every 3 Months,,2024-01-01 00:00:00,1545,
2058,66.0,Male,Socks,Clothing,37,South Dakota,L,Yellow,Spring,4.2,No,Credit Card,Standard,No,No,5,PayPal,Every 3 Months,,2024-01-01 00:00:00,1546,
1845,60.0,Male,Shorts,Clothing,26,,M,Purple,Spring,2.7,No,Venmo,2-Day Shipping,No,No,31,Credit Card,Annually,,2024-01-01 00:00:00,1547,
2917,,Female,Shorts,Clothing,66,Oklahoma,M,Green,Winter,,No,Credit Card,Express,No,No,13,Credit Card,Bi-Weekly,,2024-01-01 00:00:00,1548,
1443,53.0,Male,Hoodie,Clothing,92,Idaho,S,Violet,Spring,2.8,No,Cash,2-Day Shipping,Yes,Yes,42,Credit Card,Annually,,2024-01-01 00:00:00,1549,
262,21.0,Male,Jeans,Clothing,77,California,L,Magenta,Winter,4.9,Yes,Cash,Standard,,Yes,21,Credit Card,Annually,,2024-01-01 00:00:00,1550,
1722,34.0,Male,Jewelry,Accessories,28,Delaware,S,Magenta,Spring,4.3,No,Venmo,Free Shipping,,No,24,Credit Card,Monthly,,2024-01-01 00:00:00,1551,
3280,59.0,Female,Hat,Accessories,50,Wyoming,S,Red,Fall,3.0,No,Credit Card,,No,No,1,Debit Card,Fortnightly,,2024-01-01 00:00:00,1552,
2255,24.0,Male,Belt,Accessories,79,,M,Gold,Winter,4.2,No,Venmo,Store Pickup,No,No,44,PayPal,Every 3 Months,,2024-01-01 00:00:00,1553,
3505,65.0,Female,Handbag,Accessories,41,Hawaii,S,Violet,Fall,,No,Bank Transfer,Next Day Air,No,No,50,Venmo,Monthly,,2024-01-01 00:00:00,1554,
2668,48.0,Female,Boots,Footwear,47,Maryland,M,Orange,Summer,4.1,No,Venmo,Free Shipping,No,No,31,Cash,Fortnightly,,2024-01-01 00:00:00,1555,
835,52.0,Male,Backpack,Accessories,89,Nevada,M,Indigo,Summer,3.1,Yes,Debit Card,Free Shipping,Yes,Yes,18,Credit Card,Weekly,,2024-01-01 00:00:00,1556,
3082,64.0,Female,Sneakers,Footwear,44,Vermont,L,Pink,Winter,4.9,No,Debit Card,Next Day Air,No,No,11,Credit Card,Weekly,,2024-01-01 00:00:00,1557,
3281,45.0,Female,Handbag,Accessories,57,New York,L,Red,Winter,2.7,No,Credit Card,Next Day Air,No,No,5,PayPal,Monthly,,2024-01-01 00:00:00,1558,
3014,41.0,Female,Skirt,Clothing,55,Arizona,L,Peach,Summer,4.2,No,Debit Card,Store Pickup,No,No,13,Cash,Monthly,,2024-01-01 00:00:00,1559,
1619,63.0,Male,Sandals,Footwear,72,Michigan,L,Purple,Summer,5.0,No,Venmo,Standard,Yes,Yes,39,Debit Card,Quarterly,,2024-01-01 00:00:00,1560,
341,40.0,male,Shorts,Clothing,47,New Jersey,L,Blue,Summer,3.5,Yes,Cash,Express,Yes,Yes,39,Venmo,Every 3 Months,,2024-01-01 00:00:00,1561,
2305,26.0,Male,Hoodie,Clothing,73,Louisiana,L,Silver,Winter,4.7,No,Bank Transfer,Free Shipping,,No,9,Debit Card,Fortnightly,,2024-01-01 00:00:00,1562,
749,35.0,Male,Hat,Accessories,39,South Dakota,L,Brown,Fall,,Yes,Bank Transfer,Free Shipping,Yes,Yes,8,Bank Transfer,Quarterly,,2024-01-01 00:00:00,1563,
2811,27.0,Female,Jeans,Clothing,31,Arizona,M,Purple,Summer,4.0,No,Credit Card,Standard,No,No,10,Debit Card,Fortnightly,,2024-01-01 00:00:00,1564,
481,68.0,Male,Hoodie,Clothing,88,Vermont,M,Gray,Summer,4.8,Yes,Credit Card,Standard,Yes,Yes,30,Debit Card,Bi-Weekly,,2024-01-01 00:00:00,1565,
1675,35.0,,Coat,Outerwear,56,Alaska,M,Peach,Winter,3.2,No,PayPal,Free Shipping,Yes,Yes,10,Debit Card,Fortnightly,,2024-01-01 00:00:00,1566,
2230,70.0,Male,Pants,Clothing,97,,M,Silver,Fall,3.9,No,Bank Transfer,Express,No,No,50,Venmo,Monthly,,2024-01-01 00:00:00,1567,
2563,57.0,Male,Shorts,Clothing,62,,XL,Yellow,Spring,,No,Debit Card,,No,No,27,Cash,Fortnightly,,2024-01-01 00:00:00,1568,
2030,25.0,Male,Scarf,Accessories,23,Montana,M,Pink,Spring,4.6,,Bank Transfer,Next Day Air,No,No,40,PayPal,Quarterly,,2024-01-01 00:00:00,1569,
784,63.0,Male,T-shirt,Clothing,65,Louisiana,L,Purple,Winter,4.5,Yes,Debit Card,Next Day Air,Yes,Yes,38,PayPal,Fortnightly,,2024-01-01 00:00:00,1570,
3440,43.0,Female,Gloves,Accessories,93,Idaho,M,Gray,Summer,4.5,No,Cash,Express,No,No,25,Venmo,Quarterly,,2024-01-01 00:00:00,1571,
1883,44.0,Male,Scarf,Accessories,54,Tennessee,L,Blue,Winter,5.0,No,Debit Card,Store Pickup,,No,25,Bank Transfer,Quarterly,,2024-01-01 00:00:00,1572,
2620,68.0,Male,Pants,Clothing,40,Connecticut,L,Indigo,Winter,3.9,No,Credit Card,Free Shipping,No,No,47,Credit Card,Weekly,,2024-01-01 00:00:00,1573,
3210,64.0,Female,Shoes,Footwear,31,Arkansas,L,Peach,Fall,4.3,No,Bank Transfer,Standard,No,No,39,Debit Card,Annually,,2024-01-01 00:00:00,1574,
3320,23.0,Female,Shorts,Clothing,31,North Dakota,M,Indigo,Summer,,No,Cash,Next Day Air,No,No,17,Credit Card,Every 3 Months,,2024-01-01 00:00:00,1575,
2506,,Male,Handbag,Accessories,75,,M,Cyan,Summer,3.5,No,PayPal,Express,No,No,43,PayPal,Quarterly,,2024-01-01 00:00:00,1576,
1742,41.0,Male,Pants,Clothing,51,Delaware,XL,Teal,Winter,3.6,No,Venmo,Next Day Air,No,No,20,Bank Transfer,Monthly,,2024-01-01 00:00:00,1577,
2415,26.0,Male,Socks,Clothing,26,Virginia,M,Lavender,Summer,3.7,No,PayPal,Next Day Air,No,No,14,Credit Card,Bi-Weekly,,2024-01-01 00:00:00,1578,
2634,51.0,Male,Sunglasses,Accessories,90,Alaska,M,Purple,Fall,4.7,No,PayPal,Next Day Air,,No,32,Credit Card,Fortnightly,,2024-01-01 00:00:00,1579,
2824,26.0,Female,Dress,Clothing,63,Utah,M,Olive,Summer,4.5,No,Venmo,Standard,No,No,47,Debit Card,Bi-Weekly,,2024-01-01 00:00:00,1580,
1916,51.0,Male,Backpack,Accessories,74,Alabama,M,Magenta,Fall,4.7,No,PayPal,2-Day Shipping,No,No,44,Cash,Weekly,,2024-01-01 00:00:00,1581,
1272,70.0,Male,Jewelry,Accessories,57,Kentucky,S,Gray,Spring,4.3,No,Cash,Store Pickup,Yes,Yes,42,PayPal,Annually,,2024-01-01 00:00:00,1582,
3574,43.0,Female,Jeans,Clothing,67,Connecticut,L,Maroon,Fall,4.9,No,Cash,Free Shipping,No,No,27,PayPal,Monthly,,2024-01-01 00:00:00,1583,
2020,31.0,Male,Shirt,Clothing,68,Idaho,S,Red,Winter,4.7,No,PayPal,Store Pickup,No,No,23,Cash,Fortnightly,,2024-01-01 00:00:00,1584,
1128,50.0,Male,Shirt,Clothing,53,Delaware,XL,Maroon,Spring,4.8,No,Venmo,Store Pickup,Yes,Yes,22,Debit Card,Monthly,,2024-01-01 00:00:00,1585,
627,31.0,Male,Sunglasses,Accessories,79,New Hampshire,M,Indigo,Spring,3.9,Yes,Credit Card,Standard,Yes,Yes,10,Venmo,Annually,,2024-01-01 00:00:00,1586,
348,36.0,Male,Sandals,Footwear,41,Oregon,L,Red,Fall,,Yes,Credit Card,Store Pickup,Yes,Yes,43,PayPal,Fortnightly,,2024-01-01 00:00:00,1587,
2647,33.0,Male,T-shirt,Clothing,56,New Mexico,S,Lavender,Summer,3.9,No,Cash,Next Day Air,No,No,4,Debit Card,Every 3 Months,,2024-01-01 00:00:00,1588,
2555,51.0,Male,Jewelry,Accessories,68,Kansas,M,Gray,Summer,4.3,No,Bank Transfer,Store Pickup,No,No,49,Debit Card,Bi-Weekly,,2024-01-01 00:00:00,1589,
1566,58.0,male,Sunglasses,Accessories,93,Idaho,L,Peach,Fall,4.2,No,Venmo,Free Shipping,Yes,Yes,48,PayPal,Annually,,2024-01-01 00:00:00,1590,
2349,54.0,Male,Shoes,Footwear,84,Maine,M,Orange,Spring,4.9,No,PayPal,Next Day Air,No,No,16,PayPal,Every 3 Months,,2024-01-01 00:00:00,1591,
980,64.0,male,Hat,Accessories,33,New Hampshire,S,Brown,Fall,3.5,Yes,Venmo,Store Pickup,Yes,Yes,34,Debit Card,Monthly,,2024-01-01 00:00:00,1592,
1424,51.0,Male,Sandals,Footwear,60,Michigan,S,Black,Fall,,No,PayPal,Free Shipping,Yes,Yes,12,Venmo,Every 3 Months,,2024-01-01 00:00:00,1593,
3453,26.0,Female,Jacket,Outerwear,20,Oklahoma,M,Indigo,Spring,3.7,No,Credit Card,Next Day Air,,No,3,Venmo,Fortnightly,,2024-01-01 00:00:00,1594,
3712,69.0,Female,Hat,Accessories,62,Texas,XL,Peach,Fall,3.2,No,Cash,Free Shipping,No,No,33,Cash,Annually,,2024-01-01 00:00:00,1595,
912,53.0,Male,Pants,Clothing,74,Vermont,M,Black,Winter,2.8,Yes,Cash,2-Day Shipping,Yes,Yes,2,Bank Transfer,Quarterly,,2024-01-01 00:00:00,1596,
2508,58.0,male,Shoes,Footwear,36,Louisiana,M,Cyan,Fall,2.9,No,PayPal,Store Pickup,No,No,32,Credit Card,Every 3 Months,,2024-01-01 00:00:00,1597,
633,35.0,male,Backpack,Accessories,51,Wyoming,M,Red,Winter,3.9,Yes,Venmo,Next Day Air,,Yes,19,Venmo,Fortnightly,,2024-01-01 00:00:00,1598,
1766,68.0,Male,Hoodie,Clothing,88,New Mexico,M,Orange,Spring,4.1,No,Bank Transfer,2-Day Shipping,No,No,41,Venmo,Quarterly,,2024-01-01 00:00:00,1599,
446,42.0,Male,Boots,Footwear,29,Iowa,M,Olive,Fall,4.9,Yes,Bank Transfer,Standard,Yes,Yes,18,Venmo,Annually,,2024-01-01 00:00:00,1600,
618,50.0,Male,Backpack,Accessories,57,,M,Maroon,Fall,2.6,Yes,Debit Card,Standard,Yes,Yes,2,Bank Transfer,Quarterly,,2024-01-01 00:00:00,1601,
2115,37.0,male,Shirt,Clothing,51,Vermont,M,Magenta,Winter,2.9,No,Credit Card,,No,No,12,Debit Card,Annually,,2024-01-01 00:00:00,1602,
2354,56.0,,Handbag,Accessories,71,Montana,M,White,Fall,4.1,No,Credit Card,Standard,No,No,25,Debit Card,Every 3 Months,,2024-01-01 00:00:00,1603,
2182,22.0,male,Handbag,Accessories,63,Hawaii,M,Black,Fall,3.2,No,Venmo,Free Shipping,No,No,32,Bank Transfer,Bi-Weekly,,2024-01-01 00:00:00,1604,
2025,62.0,,Socks,Clothing,23,Arkansas,L,Silver,Fall,3.7,No,Bank Transfer,Express,No,No,39,PayPal,Weekly,,2024-01-01 00:00:00,1605,
2024,46.0,Male,Socks,Clothing,68,Idaho,S,Teal,Winter,4.1,No,Bank Transfer,Store Pickup,No,No,28,Cash,Bi-Weekly,,2024-01-01 00:00:00,1606,
2716,25.0,Female,Sneakers,Footwear,92,Mississippi,XL,Pink,Winter,,No,Debit Card,Express,No,No,29,PayPal,Fortnightly,,2024-01-01 00:00:00,1607,
3405,69.0,FEMALE,Gloves,Accessories,34,South Carolina,L,Olive,Fall,3.9,No,Cash,2-Day Shipping,No,No,34,Credit Card,Annually,,2024-01-01 00:00:00,1608,
2583,19.0,male,Dress,Clothing,98,South Dakota,S,Indigo,Fall,3.6,No,Venmo,2-Day Shipping,No,No,4,Venmo,Every 3 Months,,2024-01-01 00:00:00,1609,
1466,46.0,Male,Gloves,Accessories,72,Nebraska,XL,Violet,Winter,3.9,No,Bank Transfer,Store Pickup,Yes,Yes,42,Cash,Bi-Weekly,,2024-01-01 00:00:00,1610,
3317,42.0,Female,Socks,Clothing,45,New Mexico,M,Olive,Summer,3.1,No,Cash,Free Shipping,No,No,5,Debit Card,Fortnightly,,2024-01-01 00:00:00,1611,
2125,47.0,Male,Skirt,Clothing,60,Rhode Island,M,Teal,Fall,4.2,No,Venmo,Next Day Air,No,No,22,Venmo,Quarterly,,2024-01-01 00:00:00,1612,
116,53.0,Male,Skirt,Clothing,94,Wyoming,M,Gray,Spring,3.8,Yes,Cash,Standard,Yes,Yes,48,Debit Card,Every 3 Months,,2024-01-01 00:00:00,1613,
1495,43.0,male,T-shirt,Clothing,76,Montana,M,Gray,Spring,3.0,No,Bank Transfer,Next Day Air,Yes,Yes,23,Bank Transfer,Fortnightly,,2024-01-01 00:00:00,1614,
354,63.0,Male,Sneakers,Footwear,64,Missouri,L,Yellow,Fall,4.1,Yes,Credit Card,Store Pickup,,Yes,35,Debit Card,Monthly,,2024-01-01 00:00:00,1615,
1233,57.0,Male,Handbag,Accessories,23,New York,M,Charcoal,Summer,3.6,No,Cash,Free Shipping,Yes,Yes,31,Debit Card,Every 3 Months,,2024-01-01 00:00:00,1616,
614,61.0,male,Coat,Outerwear,51,Pennsylvania,L,Lavender,Fall,2.6,Yes,Cash,Standard,Yes,Yes,46,Cash,Bi-Weekly,,2024-01-01 00:00:00,1617,
1671,22.0,Male,Pants,Clothing,73,Utah,L,Cyan,Fall,,No,Venmo,Free Shipping,Yes,Yes,20,Cash,Weekly,,2024-01-01 00:00:00,1618,
1739,60.0,Male,Handbag,Accessories,61,Tennessee,M,Green,Spring,2.9,No,PayPal,2-Day Shipping,No,No,37,Credit Card,Weekly,,2024-01-01 00:00:00,1619,
2357,57.0,Male,Backpack,Accessories,58,,M,Gray,Summer,3.0,No,Bank Transfer,Free Shipping,No,No,27,Debit Card,Quarterly,,2024-01-01 00:00:00,1620,
3730,28.0,Female,Boots,Footwear,82,Rhode Island,M,Teal,Spring,,No,Bank Transfer,2-Day Shipping,No,No,50,Cash,Quarterly,,2024-01-01 00:00:00,1621,
2536,47.0,Male,Coat,Outerwear,80,Vermont,S,Purple,Winter,,No,Bank Transfer,Express,No,No,39,Bank Transfer,Fortnightly,,2024-01-01 00:00:00,1622,
322,41.0,Male,Sneakers,Footwear,36,Vermont,L,Orange,Summer,4.7,Yes,Credit Card,Free Shipping,Yes,Yes,48,Debit Card,Quarterly,,2024-01-01 00:00:00,1623,
58,21.0,Male,Coat,Outerwear,64,West Virginia,M,White,Summer,4.4,Yes,PayPal,Store Pickup,Yes,Yes,17,Debit Card,Fortnightly,,2024-01-01 00:00:00,1624,
3661,19.0,Female,Shoes,Footwear,74,Arkansas,L,Indigo,Winter,3.1,No,Venmo,2-Day Shipping,No,No,13,Bank Transfer,Fortnightly,,2024-01-01 00:00:00,1625,
2289,28.0,Male,Jewelry,Accessories,91,California,M,Orange,Fall,3.8,No,Credit Card,Next Day Air,No,No,50,PayPal,Weekly,,2024-01-01 00:00:00,1626,
2919,19.0,Female,Sunglasses,Accessories,73,New York,S,Black,Fall,4.9,No,Credit Card,Free Shipping,No,No,36,Cash,Weekly,,2024-01-01 00:00:00,1627,
1118,25.0,Male,Sunglasses,Accessories,77,California,L,Lavender,Spring,4.5,No,PayPal,Store Pickup,,Yes,24,Credit Card,Monthly,,2024-01-01 00:00:00,1628,
1254,39.0,,Sandals,Footwear,23,Montana,XL,Red,Winter,,No,Venmo,Express,Yes,Yes,49,PayPal,Annually,,2024-01-01 00:00:00,1629,
3345,62.0,Female,Hat,Accessories,48,Washington,XL,Magenta,Fall,4.3,No,Debit Card,Free Shipping,No,No,20,Cash,Annually,,2024-01-01 00:00:00,1630,
2516,37.0,Male,Blouse,Clothing,92,Kansas,M,Magenta,Summer,4.2,No,Bank Transfer,2-Day Shipping,No,No,41,Cash,Monthly,,2024-01-01 00:00:00,1631,
2346,28.0,male,T-shirt,Clothing,32,New York,S,Orange,Winter,3.3,No,Bank Transfer,Express,No,No,23,Bank Transfer,Every 3 Months,,2024-01-01 00:00:00,1632,
3828,62.0,Female,Jewelry,Accessories,73,Montana,M,Red,Summer,4.1,No,Cash,Standard,No,No,47,Cash,Fortnightly,,2024-01-01 00:00:00,1633,
2789,56.0,Female,Boots,Footwear,92,Rhode Island,M,Olive,Summer,3.1,No,Cash,Free Shipping,No,No,2,Credit Card,Annually,,2024-01-01 00:00:00,1634,
3612,63.0,Female,T-shirt,Clothing,82,Washington,M,Silver,Spring,2.9,No,PayPal,Standard,No,No,30,Credit Card,Annually,,2024-01-01 00:00:00,1635,
2535,41.0,Male,Sunglasses,Accessories,42,Virginia,XL,Red,Fall,3.2,No,PayPal,Free Shipping,No,No,22,Cash,Weekly,,2024-01-01 00:00:00,1636,
1843,61.0,Male,Handbag,Accessories,78,Alabama,M,Black,Summer,4.4,No,Bank Transfer,Express,No,No,1,Debit Card,Annually,,2024-01-01 00:00:00,1637,
561,25.0,Male,Jewelry,Accessories,48,Louisiana,L,Red,Fall,3.3,Yes,PayPal,Free Shipping,Yes,Yes,12,Debit Card,Annually,,2024-01-01 00:00:00,1638,
708,59.0,Male,Shirt,Clothing,38,Louisiana,L,Purple,Spring,3.7,Yes,Debit Card,,Yes,Yes,21,Venmo,Annually,,2024-01-01 00:00:00,1639,
2692,43.0,FEMALE,Pants,Clothing,25,,L,Blue,Winter,3.3,No,Bank Transfer,2-Day Shipping,No,No,48,Cash,Monthly,,2024-01-01 00:00:00,1640,
425,66.0,Male,Sweater,Clothing,23,Illinois,M,Gold,Winter,4.3,Yes,Credit Card,Standard,Yes,Yes,42,PayPal,Fortnightly,,2024-01-01 00:00:00,1641,
1094,60.0,Male,Sneakers,Footwear,48,Delaware,S,Indigo,Winter,4.2,No,PayPal,2-Day Shipping,Yes,Yes,46,Venmo,Every 3 Months,,2024-01-01 00:00:00,1642,
1377,57.0,Male,Sandals,Footwear,65,New Jersey,L,Pink,Spring,5.0,No,Cash,Free Shipping,Yes,Yes,24,PayPal,Annually,,2024-01-01 00:00:00,1643,
648,54.0,Male,Blouse,Clothing,70,Mississippi,XL,Charcoal,Summer,3.7,Yes,Bank Transfer,Express,,Yes,23,Credit Card,Fortnightly,,2024-01-01 00:00:00,1644,
73,18.0,Male,Dress,Clothing,26,Georgia,M,Olive,Winter,2.9,Yes,Debit Card,Store Pickup,Yes,Yes,21,Bank Transfer,Every 3 Months,,2024-01-01 00:00:00,1645,
3597,28.0,Female,Hoodie,Clothing,83,South Carolina,M,Charcoal,Spring,4.3,No,Bank Transfer,Standard,No,No,44,Cash,Fortnightly,,2024-01-01 00:00:00,1646,
3304,20.0,,Belt,Accessories,60,Mississippi,S,Turquoise,Summer,3.4,No,PayPal,Next Day Air,No,No,4,Credit Card,Fortnightly,,2024-01-01 00:00:00,1647,
2132,19.0,Male,Shorts,Clothing,52,Montana,M,Red,Fall,3.6,No,Credit Card,Express,No,No,9,Bank Transfer,Fortnightly,,2024-01-01 00:00:00,1648,
1006,43.0,Male,Backpack,Accessories,94,New York,M,Gold,Winter,3.9,Yes,Credit Card,Store Pickup,Yes,Yes,5,Debit Card,Bi-Weekly,,2024-01-01 00:00:00,1649,
621,,Male,Backpack,Accessories,89,Rhode Island,M,Black,Fall,3.7,Yes,PayPal,2-Day Shipping,Yes,Yes,10,Venmo,Every 3 Months,,2024-01-01 00:00:00,1650,
3681,22.0,FEMALE,Sunglasses,Accessories,36,Iowa,S,Blue,Winter,,No,Venmo,Standard,No,No,30,Debit Card,Quarterly,,2024-01-01 00:00:00,1651,
288,56.0,male,Scarf,Accessories,37,Delaware,L,Blue,Spring,3.4,Yes,Cash,2-Day Shipping,Yes,Yes,18,Venmo,Fortnightly,,2024-01-01 00:00:00,1652,
554,63.0,Male,Sunglasses,Accessories,59,Florida,M,White,Winter,3.2,Yes,Venmo,Express,Yes,Yes,15,Credit Card,Quarterly,,2024-01-01 00:00:00,1653,
2373,50.0,Male,Boots,Footwear,39,Alabama,XL,Silver,Spring,3.1,No,Debit Card,Express,No,No,9,PayPal,Fortnightly,,2024-01-01 00:00:00,1654,
2360,19.0,Male,Scarf,Accessories,81,Pennsylvania,S,Gold,Spring,3.3,No,Venmo,2-Day Shipping,,No,44,Bank Transfer,Every 3 Months,,2024-01-01 00:00:00,1655,
2530,34.0,Male,Gloves,Accessories,62,Tennessee,M,Magenta,Spring,4.7,No,Cash,Next Day Air,No,No,48,Bank Transfer,Monthly,,2024-01-01 00:00:00,1656,
1555,64.0,Male,Shorts,Clothing,48,Utah,S,Lavender,Winter,2.7,No,Credit Card,Standard,Yes,Yes,18,Cash,Bi-Weekly,,2024-01-01 00:00:00,1657,
3561,18.0,Female,Socks,Clothing,96,Kansas,XL,Violet,Fall,,No,Cash,Express,No,No,5,Credit Card,Annually,,2024-01-01 00:00:00,1658,
2270,49.0,Male,Skirt,Clothing,38,Kentucky,M,Yellow,Fall,4.4,No,Credit Card,Store Pickup,No,No,27,Credit Card,Annually,,2024-01-01 00:00:00,1659,
2806,18.0,Female,Sunglasses,Accessories,97,Nevada,S,Black,Fall,4.3,No,Cash,Standard,No,No,48,Cash,Quarterly,,2024-01-01 00:00:00,1660,
999,51.0,Male,Shoes,Footwear,90,Connecticut,M,White,Spring,3.8,Yes,Venmo,Next Day Air,Yes,Yes,48,Bank Transfer,Bi-Weekly,,2024-01-01 00:00:00,1661,
3089,34.0,Female,Dress,Clothing,64,Arkansas,M,Teal,Spring,3.3,No,PayPal,Store Pickup,No,No,35,Bank Transfer,Quarterly,,2024-01-01 00:00:00,1662,
3522,52.0,FEMALE,Shoes,Footwear,50,Maryland,M,Pink,Winter,3.7,No,Credit Card,Store Pickup,No,No,35,Venmo,Weekly,,2024-01-01 00:00:00,1663,
3605,63.0,Female,Hoodie,Clothing,86,Louisiana,M,Orange,Fall,3.3,No,Bank Transfer,Standard,No,No,17,Debit Card,Annually,,2024-01-01 00:00:00,1664,
1398,55.0,male,Sunglasses,Accessories,67,Massachusetts,S,Magenta,Summer,4.7,No,Cash,Store Pickup,,Yes,33,PayPal,Annually,,2024-01-01 00:00:00,1665,
1578,68.0,Male,Boots,Footwear,34,Delaware,S,Olive,Spring,4.0,No,Debit Card,Standard,Yes,Yes,7,Venmo,Fortnightly,,2024-01-01 00:00:00,1666,
1621,25.0,Male,Hat,Accessories,47,Virginia,M,Charcoal,Winter,3.1,No,Bank Transfer,2-Day Shipping,Yes,Yes,27,PayPal,Every 3 Months,,2024-01-01 00:00:00,1667,
3669,59.0,Female,Blouse,Clothing,71,Michigan,XL,Magenta,Summer,3.2,No,PayPal,Store Pickup,No,No,18,Venmo,Annually,,2024-01-01 00:00:00,1668,
2172,39.0,Male,Shorts,Clothing,98,Missouri,M,Yellow,Summer,4.6,No,Credit Card,Store Pickup,No,No,9,Cash,Fortnightly,,2024-01-01 00:00:00,1669,
1551,66.0,Male,Sunglasses,Accessories,26,Arkansas,S,Black,Summer,2.8,No,Debit Card,Free Shipping,,Yes,40,Bank Transfer,Quarterly,,2024-01-01 00:00:00,1670,
2334,33.0,Male,Shirt,Clothing,77,Kansas,M,Beige,Spring,3.8,No,Cash,Next Day Air,No,No,1,PayPal,Every 3 Months,,2024-01-01 00:00:00,1671,
2749,24.0,,Jacket,Outerwear,98,Virginia,L,Turquoise,Spring,3.0,No,Cash,Free Shipping,No,No,16,Venmo,Annually,,2024-01-01 00:00:00,1672,
441,20.0,Male,Shirt,Clothing,89,Oklahoma,XL,Maroon,Winter,3.5,,Debit Card,,,Yes,34,Debit Card,Fortnightly,,2024-01-01 00:00:00,1673,
509,27.0,Male,Jewelry,Accessories,20,Illinois,S,Yellow,Winter,3.7,Yes,Cash,Store Pickup,Yes,Yes,31,PayPal,Quarterly,,2024-01-01 00:00:00,1674,
1101,50.0,Male,Pants,Clothing,28,Nevada,L,Gold,Spring,4.4,No,Debit Card,Express,Yes,Yes,2,Credit Card,Weekly,,2024-01-01 00:00:00,1675,
590,28.0,Male,Shirt,Clothing,70,Minnesota,M,Orange,Fall,3.4,Yes,Debit Card,2-Day Shipping,Yes,Yes,40,PayPal,Annually,,2024-01-01 00:00:00,1676,
2081,29.0,Male,Sunglasses,Accessories,47,South Dakota,S,Gray,Fall,3.5,No,Credit Card,,No,No,17,Debit Card,Bi-Weekly,,2024-01-01 00:00:00,1677,
650,53.0,Male,Pants,Clothing,93,Delaware,L,Orange,Spring,4.2,Yes,Credit Card,Store Pickup,Yes,Yes,33,PayPal,Every 3 Months,,2024-01-01 00:00:00,1678,
1547,60.0,Male,Sneakers,Footwear,51,Oregon,XL,Purple,Summer,3.8,No,Credit Card,Express,Yes,Yes,17,Bank Transfer,Annually,,2024-01-01 00:00:00,1679,
3655,21.0,Female,Jewelry,Accessories,98,Arkansas,M,Green,Winter,3.3,,Debit Card,Next Day Air,No,No,10,Credit Card,Annually,,2024-01-01 00:00:00,1680,
1962,47.0,Male,Boots,Footwear,59,Nevada,L,Black,Summer,2.6,No,Cash,Free Shipping,No,No,45,Debit Card,Quarterly,,2024-01-01 00:00:00,1681,
2336,31.0,Male,Coat,Outerwear,37,Idaho,M,Black,Summer,3.9,,Venmo,Store Pickup,No,No,10,Venmo,Fortnightly,,2024-01-01 00:00:00,1682,
3872,55.0,FEMALE,T-shirt,Clothing,97,Minnesota,M,Black,Fall,4.1,No,Credit Card,2-Day Shipping,No,No,20,Bank Transfer,Every 3 Months,,2024-01-01 00:00:00,1683,
3062,33.0,Female,T-shirt,Clothing,59,South Dakota,L,Olive,Fall,4.5,No,Debit Card,Express,No,No,20,PayPal,Every 3 Months,,2024-01-01 00:00:00,1684,
3351,45.0,Female,Handbag,Accessories,33,Mississippi,S,Olive,Fall,4.9,No,PayPal,2-Day Shipping,No,No,15,Cash,Bi-Weekly,,2024-01-01 00:00:00,1685,
1456,60.0,Male,Pants,Clothing,79,Alabama,L,Silver,Fall,4.9,No,Debit Card,Express,Yes,Yes,1,PayPal,Every 3 Months,,2024-01-01 00:00:00,1686,
2096,36.0,Male,Hoodie,Clothing,63,New Mexico,M,Gray,Fall,4.0,No,Credit Card,Store Pickup,No,No,1,Bank Transfer,Fortnightly,,2024-01-01 00:00:00,1687,
661,50.0,male,Coat,Outerwear,79,Montana,M,Olive,Fall,5.0,Yes,Debit Card,2-Day Shipping,Yes,Yes,39,Credit Card,Quarterly,,2024-01-01 00:00:00,1688,
631,41.0,Male,Jewelry,Accessories,94,Mississippi,S,Silver,Fall,4.3,Yes,Cash,2-Day Shipping,,Yes,33,Debit Card,Annually,,2024-01-01 00:00:00,1689,
673,59.0,Male,Socks,Clothing,53,Washington,M,Peach,Winter,3.3,Yes,Cash,2-Day Shipping,Yes,Yes,29,Cash,Quarterly,,2024-01-01 00:00:00,1690,
1250,62.0,Male,Boots,Footwear,50,Oregon,M,Peach,Winter,4.5,No,PayPal,Express,Yes,Yes,48,Venmo,Fortnightly,,2024-01-01 00:00:00,1691,
1755,66.0,Male,Dress,Clothing,93,Massachusetts,S,Beige,Fall,3.8,No,Debit Card,2-Day Shipping,No,No,18,Credit Card,Fortnightly,,2024-01-01 00:00:00,1692,
483,41.0,Male,Belt,Accessories,42,Connecticut,M,Yellow,Winter,2.5,Yes,PayPal,2-Day Shipping,Yes,Yes,11,Venmo,Annually,,2024-01-01 00:00:00,1693,
1585,41.0,Male,Blouse,Clothing,95,Hawaii,S,Silver,Spring,3.1,No,Venmo,Store Pickup,,Yes,46,Credit Card,Quarterly,,2024-01-01 00:00:00,1694,
2303,36.0,Male,Belt,Accessories,39,Montana,L,Pink,Summer,3.6,No,Cash,Store Pickup,No,No,38,Venmo,Monthly,,2024-01-01 00:00:00,1695,
3424,,Female,Boots,Footwear,71,Massachusetts,M,Brown,Spring,3.8,No,Venmo,Next Day Air,No,No,21,PayPal,Bi-Weekly,,2024-01-01 00:00:00,1696,
3801,19.0,Female,Sweater,Clothing,26,Vermont,M,Turquoise,Fall,4.8,No,Venmo,Next Day Air,No,No,12,Venmo,Bi-Weekly,,2024-01-01 00:00:00,1697,
1463,38.0,Male,Sneakers,Footwear,90,Utah,S,Charcoal,Summer,4.8,No,Venmo,,Yes,Yes,2,Venmo,Quarterly,,2024-01-01 00:00:00,1698,
3727,47.0,Female,Belt,Accessories,85,Idaho,XL,Orange,Fall,4.3,No,Debit Card,Next Day Air,No,No,36,Debit Card,Every 3 Months,,2024-01-01 00:00:00,1699,
3881,42.0,Female,Shirt,Clothing,20,Massachusetts,M,Red,Winter,3.9,No,Credit Card,Free Shipping,No,No,40,PayPal,Monthly,,2024-01-01 00:00:00,1700,
2584,69.0,Male,Jeans,Clothing,93,Oklahoma,M,Lavender,Fall,2.5,No,Bank Transfer,Next Day Air,No,No,9,Cash,Weekly,,2024-01-01 00:00:00,1701,
3037,50.0,Female,Hoodie,Clothing,58,Vermont,S,Violet,Spring,4.3,No,PayPal,Next Day Air,No,No,7,Venmo,Fortnightly,,2024-01-01 00:00:00,1702,
857,55.0,,Shirt,Clothing,33,Alaska,M,Gold,Summer,3.5,Yes,Debit Card,Express,Yes,Yes,47,Debit Card,Fortnightly,,2024-01-01 00:00:00,1703,
1226,28.0,Male,Gloves,Accessories,97,North Carolina,S,Turquoise,Fall,2.6,No,Credit Card,Free Shipping,Yes,Yes,16,Debit Card,Weekly,,2024-01-01 00:00:00,1704,
1191,62.0,male,Shirt,Clothing,45,South Carolina,M,Orange,Winter,4.3,No,Bank Transfer,Next Day Air,Yes,Yes,31,Credit Card,Weekly,,2024-01-01 00:00:00,1705,
3075,26.0,,Boots,Footwear,55,Massachusetts,L,Maroon,Winter,4.2,No,Bank Transfer,Next Day Air,No,No,34,Debit Card,Fortnightly,,2024-01-01 00:00:00,1706,
3734,25.0,,Socks,Clothing,58,Illinois,M,Maroon,Fall,4.7,No,Bank Transfer,Next Day Air,No,No,6,Debit Card,Every 3 Months,,2024-01-01 00:00:00,1707,
531,48.0,Male,Coat,Outerwear,37,Montana,XL,Magenta,Winter,3.2,Yes,Venmo,Store Pickup,Yes,Yes,25,Credit Card,Bi-Weekly,,2024-01-01 00:00:00,1708,
2671,30.0,Female,Sunglasses,Accessories,44,,M,Yellow,Fall,4.7,No,Venmo,,No,No,26,Bank Transfer,Bi-Weekly,,2024-01-01 00:00:00,1709,
50,68.0,Male,Hoodie,Clothing,30,New Jersey,S,Indigo,Spring,4.6,Yes,Bank Transfer,Next Day Air,Yes,Yes,34,Debit Card,Bi-Weekly,,2024-01-01 00:00:00,1710,
3678,32.0,Female,Backpack,Accessories,30,,M,Gray,Fall,2.8,No,Cash,Standard,,No,43,Cash,Annually,,2024-01-01 00:00:00,1711,
3352,43.0,Female,Shirt,Clothing,49,New Hampshire,L,Cyan,Spring,4.2,No,Cash,2-Day Shipping,No,No,18,Bank Transfer,Fortnightly,,2024-01-01 00:00:00,1712,
859,19.0,Male,Jacket,Outerwear,26,Oklahoma,L,Olive,Fall,3.1,Yes,PayPal,Free Shipping,Yes,Yes,33,PayPal,Weekly,,2024-01-01 00:00:00,1713,
1816,51.0,,Shoes,Footwear,72,New Mexico,L,White,Winter,4.5,No,Venmo,2-Day Shipping,No,No,48,Credit Card,Every 3 Months,,2024-01-01 00:00:00,1714,
1073,48.0,Male,Shorts,Clothing,92,Idaho,L,Gold,Fall,3.5,No,Bank Transfer,,Yes,Yes,34,Debit Card,Fortnightly,,2024-01-01 00:00:00,1715,
720,63.0,Male,Shorts,Clothing,22,Mississippi,L,Turquoise,Summer,3.3,Yes,Venmo,Next Day Air,Yes,Yes,42,Venmo,Bi-Weekly,,2024-01-01 00:00:00,1716,
152,28.0,Male,Sunglasses,Accessories,47,North Dakota,L,Turquoise,Fall,4.5,Yes,Debit Card,Next Day Air,Yes,Yes,3,Venmo,Annually,,2024-01-01 00:00:00,1717,
2178,24.0,Male,Gloves,Accessories,93,Montana,XL,Green,Winter,3.0,No,Bank Transfer,Express,No,No,9,PayPal,Bi-Weekly,,2024-01-01 00:00:00,1718,
3525,69.0,Female,Pants,Clothing,74,Michigan,L,Silver,Summer,2.9,No,Credit Card,Free Shipping,No,No,30,Credit Card,Monthly,,2024-01-01 00:00:00,1719,
1661,59.0,Male,T-shirt,Clothing,45,Louisiana,L,Yellow,Winter,4.1,No,Venmo,Standard,Yes,Yes,37,Venmo,Monthly,,2024-01-01 00:00:00,1720,
1657,21.0,Male,Blouse,Clothing,42,Indiana,L,Brown,Spring,,,Credit Card,2-Day Shipping,,Yes,41,PayPal,Every 3 Months,,2024-01-01 00:00:00,1721,
3512,69.0,Female,Jewelry,Accessories,81,Mississippi,M,Blue,Summer,3.9,No,Venmo,2-Day Shipping,No,No,21,Credit Card,Every 3 Months,,2024-01-01 00:00:00,1722,
2894,69.0,Female,Belt,Accessories,20,Kentucky,S,Orange,Spring,3.1,No,Credit Card,Free Shipping,No,No,44,Debit Card,Every 3 Months,,2024-01-01 00:00:00,1723,
3165,40.0,Female,Dress,Clothing,32,Arizona,L,Silver,Winter,2.6,No,Cash,Standard,No,No,16,Credit Card,Annually,,2024-01-01 00:00:00,1724,
2184,30.0,male,Shorts,Clothing,37,Kansas,M,Maroon,Spring,4.7,No,PayPal,Store Pickup,,No,2,Cash,Monthly,,2024-01-01 00:00:00,1725,
2969,26.0,Female,Sweater,Clothing,48,South Carolina,S,Gray,Fall,4.9,No,Cash,Express,No,No,25,Cash,Every 3 Months,,2024-01-01 00:00:00,1726,
2579,54.0,Male,Sunglasses,Accessories,48,Vermont,M,Purple,Fall,3.9,No,Bank Transfer,,No,No,3,Cash,Quarterly,,2024-01-01 00:00:00,1727,
3138,34.0,FEMALE,Coat,Outerwear,44,Louisiana,M,Turquoise,Spring,2.7,No,Cash,2-Day Shipping,,No,14,Bank Transfer,Monthly,,2024-01-01 00:00:00,1728,
3615,46.0,FEMALE,Gloves,Accessories,25,Delaware,L,Maroon,Spring,4.7,No,Bank Transfer,2-Day Shipping,No,No,19,Bank Transfer,Annually,,2024-01-01 00:00:00,1729,
2742,68.0,Female,Dress,Clothing,81,,L,Yellow,Fall,4.9,No,PayPal,2-Day Shipping,No,No,41,Venmo,Monthly,,2024-01-01 00:00:00,1730,
2844,51.0,Female,Sweater,Clothing,26,Ohio,M,White,Summer,3.6,No,Cash,Store Pickup,No,No,41,Venmo,Weekly,,2024-01-01 00:00:00,1731,
1784,42.0,Male,Handbag,Accessories,49,Ohio,L,Lavender,Winter,3.3,No,Cash,Free Shipping,No,No,30,Credit Card,Monthly,,2024-01-01 00:00:00,1732,
3818,66.0,FEMALE,Scarf,Accessories,91,Missouri,M,Magenta,Fall,2.6,No,Debit Card,Express,No,No,40,PayPal,Annually,,2024-01-01 00:00:00,1733,
3046,42.0,Female,Socks,Clothing,37,Florida,L,Black,Winter,4.6,No,Debit Card,2-Day Shipping,No,No,4,PayPal,Bi-Weekly,,2024-01-01 00:00:00,1734,
1386,41.0,Male,Jewelry,Accessories,64,Mississippi,M,Indigo,Fall,2.6,No,Debit Card,Store Pickup,,Yes,1,Bank Transfer,Bi-Weekly,,2024-01-01 00:00:00,1735,
2526,39.0,male,Sweater,Clothing,72,Kentucky,M,Purple,Winter,4.2,No,PayPal,Standard,No,No,20,PayPal,Weekly,,2024-01-01 00:00:00,1736,
1400,19.0,Male,Hat,Accessories,81,Nebraska,M,Olive,Winter,3.1,No,Bank Transfer,Store Pickup,Yes,Yes,48,Venmo,Annually,,2024-01-01 00:00:00,1737,
1196,25.0,male,Scarf,Accessories,95,Texas,M,White,Winter,4.0,No,Cash,2-Day Shipping,,Yes,33,Venmo,Monthly,,2024-01-01 00:00:00,1738,
3781,54.0,Female,Sneakers,Footwear,57,Mississippi,L,Yellow,Fall,4.1,No,Bank Transfer,Free Shipping,No,No,41,Venmo,Quarterly,,2024-01-01 00:00:00,1739,
1476,44.0,Male,Blouse,Clothing,61,Rhode Island,M,Teal,Spring,4.0,No,Bank Transfer,Express,Yes,Yes,24,Cash,Monthly,,2024-01-01 00:00:00,1740,
3567,28.0,Female,Jeans,Clothing,88,Alaska,S,Orange,Spring,3.1,No,Credit Card,Next Day Air,No,No,14,Venmo,Monthly,,2024-01-01 00:00:00,1741,
3721,21.0,FEMALE,Hat,Accessories,56,South Carolina,M,Peach,Fall,3.6,No,Debit Card,Free Shipping,No,No,13,Credit Card,Quarterly,,2024-01-01 00:00:00,1742,
2750,,Female,Jacket,Outerwear,53,Vermont,M,Cyan,Spring,3.4,No,Venmo,Standard,No,No,15,Bank Transfer,Annually,,2024-01-01 00:00:00,1743,
298,48.0,Male,Shoes,Footwear,26,Delaware,XL,Purple,Summer,4.4,Yes,Bank Transfer,Standard,Yes,Yes,4,Credit Card,Bi-Weekly,,2024-01-01 00:00:00,1744,
3865,55.0,Female,T-shirt,Clothing,99,Wyoming,S,Blue,Winter,4.9,,Bank Transfer,Express,No,No,1,Debit Card,Fortnightly,,2024-01-01 00:00:00,1745,
1265,,Male,Sweater,Clothing,92,Vermont,S,Blue,Winter,2.5,No,Venmo,Next Day Air,Yes,Yes,1,Venmo,Bi-Weekly,,2024-01-01 00:00:00,1746,
2094,21.0,male,Dress,Clothing,91,Washington,M,Maroon,Spring,4.2,No,Venmo,Store Pickup,No,No,4,Debit Card,Annually,,2024-01-01 00:00:00,1747,
959,70.0,Male,Sneakers,Footwear,53,Washington,XL,Beige,Winter,4.4,Yes,Cash,Free Shipping,Yes,Yes,31,Credit Card,Bi-Weekly,,2024-01-01 00:00:00,1748,
1607,55.0,Male,T-shirt,Clothing,21,Kansas,S,White,Spring,4.3,No,Debit Card,Standard,Yes,Yes,4,PayPal,Fortnightly,,2024-01-01 00:00:00,1749,
2541,24.0,male,Belt,Accessories,42,,M,Charcoal,Summer,,No,PayPal,Free Shipping,No,No,11,Debit Card,Quarterly,,2024-01-01 00:00:00,1750,
909,26.0,Male,Sunglasses,Accessories,99,New Jersey,M,Turquoise,Winter,3.6,Yes,Cash,Free Shipping,Yes,Yes,9,PayPal,Every 3 Months,,2024-01-01 00:00:00,1751,
3786,,FEMALE,Jeans,Clothing,94,New Hampshire,L,Lavender,Winter,3.8,No,Debit Card,Standard,No,No,6,Cash,Monthly,,2024-01-01 00:00:00,1752,
1610,33.0,Male,Shirt,Clothing,93,Nevada,S,Brown,Fall,4.1,No,Credit Card,Standard,Yes,Yes,3,Venmo,Monthly,,2024-01-01 00:00:00,1753,
2423,30.0,Male,Jewelry,Accessories,82,Georgia,M,Peach,Winter,4.8,No,Credit Card,Store Pickup,No,No,45,Credit Card,Weekly,,2024-01-01 00:00:00,1754,
1375,22.0,,Handbag,Accessories,97,New York,M,Red,Fall,2.7,No,Debit Card,Free Shipping,Yes,Yes,5,Bank Transfer,Quarterly,,2024-01-01 00:00:00,1755,
1287,40.0,Male,Gloves,Accessories,49,West Virginia,L,Yellow,Winter,4.9,No,Bank Transfer,Next Day Air,Yes,Yes,44,Debit Card,Fortnightly,,2024-01-01 00:00:00,1756,
2011,24.0,Male,Sweater,Clothing,21,Texas,M,Maroon,Summer,,No,Venmo,2-Day Shipping,No,No,3,Debit Card,Bi-Weekly,,2024-01-01 00:00:00,1757,
350,37.0,,Hat,Accessories,87,Arizona,M,Green,Winter,3.7,Yes,Cash,2-Day Shipping,Yes,Yes,3,Bank Transfer,Bi-Weekly,,2024-01-01 00:00:00,1758,
1369,21.0,Male,Shirt,Clothing,36,Wisconsin,L,Orange,Summer,4.9,,Venmo,Express,Yes,Yes,2,Cash,Weekly,,2024-01-01 00:00:00,1759,
3409,48.0,FEMALE,Socks,Clothing,72,,L,Purple,Summer,4.4,No,PayPal,Standard,No,No,11,Bank Transfer,Annually,,2024-01-01 00:00:00,1760,
644,18.0,Male,Sweater,Clothing,57,Oregon,XL,Green,Winter,3.2,Yes,Venmo,Next Day Air,Yes,Yes,10,Bank Transfer,Every 3 Months,,2024-01-01 00:00:00,1761,
1938,43.0,Male,Socks,Clothing,53,Delaware,M,Olive,Summer,4.5,No,Venmo,2-Day Shipping,No,No,11,Bank Transfer,Monthly,,2024-01-01 00:00:00,1762,
2118,27.0,Male,Dress,Clothing,28,Colorado,L,Brown,Summer,3.8,No,Bank Transfer,Free Shipping,,No,11,Debit Card,Annually,,2024-01-01 00:00:00,1763,
1682,24.0,Male,Sneakers,Footwear,95,Virginia,L,Green,Winter,3.7,No,Cash,,No,No,14,Credit Card,Bi-Weekly,,2024-01-01 00:00:00,1764,
670,43.0,male,Jacket,Outerwear,89,Illinois,M,Gray,Spring,3.3,Yes,PayPal,Free Shipping,,Yes,45,Venmo,Bi-Weekly,,2024-01-01 00:00:00,1765,
3638,32.0,Female,Boots,Footwear,66,Utah,L,Yellow,Winter,3.6,No,PayPal,Express,,No,32,Credit Card,Fortnightly,,2024-01-01 00:00:00,1766,
2139,67.0,Male,Sweater,Clothing,42,Mississippi,M,Teal,Fall,,No,Venmo,Next Day Air,No,No,36,Venmo,Quarterly,,2024-01-01 00:00:00,1767,
3276,43.0,Female,Pants,Clothing,88,Alabama,XL,Green,Summer,2.6,No,Venmo,2-Day Shipping,No,No,2,Debit Card,Weekly,,2024-01-01 00:00:00,1768,
2209,28.0,Male,Scarf,Accessories,46,Colorado,XL,Violet,Summer,2.7,No,Debit Card,2-Day Shipping,No,No,23,PayPal,Monthly,,2024-01-01 00:00:00,1769,
1836,65.0,Male,Scarf,Accessories,75,Kentucky,M,Lavender,Fall,3.2,No,Cash,2-Day Shipping,No,No,45,Credit Card,Quarterly,,2024-01-01 00:00:00,1770,
1180,20.0,Male,T-shirt,Clothing,33,Indiana,M,Blue,Summer,2.8,No,Debit Card,Free Shipping,Yes,Yes,44,Bank Transfer,Annually,,2024-01-01 00:00:00,1771,
2502,49.0,Male,Shorts,Clothing,94,West Virginia,M,Violet,Fall,4.6,No,Cash,Free Shipping,No,No,30,Venmo,Bi-Weekly,,2024-01-01 00:00:00,1772,
2761,41.0,Female,Skirt,Clothing,82,Alaska,S,Violet,Fall,5.0,No,Bank Transfer,,No,No,41,Credit Card,Bi-Weekly,,2024-01-01 00:00:00,1773,
2828,20.0,Female,Blouse,Clothing,96,Wisconsin,M,Magenta,Fall,3.1,No,Credit Card,Next Day Air,No,No,11,Bank Transfer,Bi-Weekly,,2024-01-01 00:00:00,1774,
1868,45.0,male,Skirt,Clothing,52,Delaware,M,Brown,Fall,3.4,No,Debit Card,2-Day Shipping,No,No,20,Venmo,Quarterly,,2024-01-01 00:00:00,1775,
1588,41.0,Male,Socks,Clothing,99,Alabama,M,Beige,Summer,3.5,No,Venmo,Free Shipping,Yes,Yes,33,Credit Card,Fortnightly,,2024-01-01 00:00:00,1776,
3160,62.0,Female,Hat,Accessories,89,,L,Pink,Winter,2.9,No,PayPal,Store Pickup,No,No,4,Bank Transfer,Quarterly,,2024-01-01 00:00:00,1777,
2267,20.0,Male,Dress,Clothing,44,Missouri,M,Yellow,Fall,4.3,No,Bank Transfer,Store Pickup,No,No,32,Debit Card,Weekly,,2024-01-01 00:00:00,1778,
2385,24.0,Male,Blouse,Clothing,35,Alabama,L,Green,Winter,3.3,No,Debit Card,2-Day Shipping,No,No,40,PayPal,Quarterly,,2024-01-01 00:00:00,1779,
1358,,Male,Backpack,Accessories,66,Texas,S,Red,Summer,3.5,No,Venmo,Next Day Air,Yes,Yes,20,Cash,Quarterly,,2024-01-01 00:00:00,1780,
787,70.0,Male,Hat,Accessories,21,Indiana,S,Teal,Winter,4.8,Yes,Credit Card,Express,Yes,Yes,16,Bank Transfer,Every 3 Months,,2024-01-01 00:00:00,1781,
3602,34.0,Female,T-shirt,Clothing,47,North Carolina,M,Indigo,Summer,3.0,No,Debit Card,Next Day Air,No,No,3,PayPal,Monthly,,2024-01-01 00:00:00,1782,
141,63.0,Male,Shirt,Clothing,28,North Carolina,L,Yellow,Fall,3.9,Yes,Bank Transfer,2-Day Shipping,Yes,Yes,50,Credit Card,Weekly,,2024-01-01 00:00:00,1783,
789,50.0,Male,Pants,Clothing,51,Rhode Island,XL,Yellow,Summer,3.8,Yes,Venmo,Store Pickup,Yes,Yes,18,Bank Transfer,Quarterly,,2024-01-01 00:00:00,1784,
324,66.0,Male,Hoodie,Clothing,78,Tennessee,M,Orange,Winter,3.5,Yes,Venmo,Next Day Air,Yes,Yes,29,PayPal,Bi-Weekly,,2024-01-01 00:00:00,1785,
2703,70.0,Female,Shoes,Footwear,37,Texas,L,Gray,Fall,4.0,No,PayPal,Next Day Air,No,No,39,Debit Card,Fortnightly,,2024-01-01 00:00:00,1786,
715,26.0,Male,Jacket,Outerwear,70,South Dakota,M,Magenta,Fall,4.4,Yes,Venmo,Store Pickup,Yes,Yes,40,Debit Card,Fortnightly,,2024-01-01 00:00:00,1787,
2207,46.0,Male,Sandals,Footwear,51,Illinois,L,Green,Spring,2.6,No,PayPal,Store Pickup,No,No,25,Bank Transfer,Fortnightly,,2024-01-01 00:00:00,1788,
3679,56.0,Female,Shirt,Clothing,45,Texas,S,Beige,Fall,3.5,No,Debit Card,Standard,No,No,29,Bank Transfer,Fortnightly,,2024-01-01 00:00:00,1789,
3703,58.0,Female,Shoes,Footwear,65,South Carolina,M,Indigo,Spring,2.7,No,PayPal,Store Pickup,No,No,36,Venmo,Weekly,,2024-01-01 00:00:00,1790,
3194,63.0,Female,Gloves,Accessories,99,Virginia,L,Teal,Winter,4.0,No,PayPal,Express,No,No,35,Credit Card,Fortnightly,,2024-01-01 00:00:00,1791,
3375,22.0,Female,Blouse,Clothing,47,Nevada,S,Lavender,Spring,3.7,,Debit Card,2-Day Shipping,No,No,41,Debit Card,Annually,,2024-01-01 00:00:00,1792,
1925,30.0,Male,Jacket,Outerwear,63,Michigan,M,Gray,Fall,4.8,No,Venmo,Free Shipping,No,No,42,PayPal,Quarterly,,2024-01-01 00:00:00,1793,
619,,Male,Jacket,Outerwear,94,Indiana,L,Cyan,Spring,4.0,Yes,Credit Card,Express,Yes,Yes,21,Debit Card,Bi-Weekly,,2024-01-01 00:00:00,1794,
407,52.0,Male,Gloves,Accessories,55,Maryland,M,Peach,Spring,4.6,Yes,Debit Card,Express,Yes,Yes,13,Cash,Monthly,,2024-01-01 00:00:00,1795,
3250,26.0,Female,Backpack,Accessories,83,Virginia,M,Pink,Summer,3.4,,Credit Card,Express,No,No,32,Credit Card,Quarterly,,2024-01-01 00:00:00,1796,
1005,33.0,Male,Backpack,Accessories,79,Tennessee,M,Black,Summer,,Yes,Cash,2-Day Shipping,Yes,Yes,44,Cash,Annually,,2024-01-01 00:00:00,1797,
1911,29.0,male,Sandals,Footwear,38,New York,S,Yellow,Fall,,No,Venmo,Express,No,No,13,Debit Card,Quarterly,,2024-01-01 00:00:00,1798,
2818,,Female,Backpack,Accessories,65,South Carolina,XL,Yellow,Winter,3.4,No,Credit Card,Standard,No,No,6,Venmo,Weekly,,2024-01-01 00:00:00,1799,
2430,57.0,Male,Sneakers,Footwear,57,Virginia,XL,Maroon,Summer,4.4,No,PayPal,Standard,No,No,47,Credit Card,Fortnightly,,2024-01-01 00:00:00,1800,
498,43.0,,Sneakers,Footwear,39,Oklahoma,S,Silver,Winter,4.6,,Bank Transfer,Free Shipping,Yes,Yes,31,Cash,Weekly,,2024-01-01 00:00:00,1801,
2900,50.0,Female,Boots,Footwear,64,Nebraska,M,Gold,Spring,4.2,No,PayPal,,No,No,22,Bank Transfer,Fortnightly,,2024-01-01 00:00:00,1802,
343,64.0,Male,Coat,Outerwear,36,Kentucky,M,Olive,Spring,2.6,Yes,Bank Transfer,Next Day Air,Yes,Yes,48,Credit Card,Every 3 Months,,2024-01-01 00:00:00,1803,
2882,38.0,Female,Backpack,Accessories,90,Texas,M,Cyan,Winter,4.2,No,Credit Card,Free Shipping,No,No,6,Bank Transfer,Annually,,2024-01-01 00:00:00,1804,
3017,30.0,Female,Blouse,Clothing,26,Indiana,L,Lavender,Summer,4.9,No,Credit Card,Store Pickup,No,No,31,Bank Transfer,Quarterly,,2024-01-01 00:00:00,1805,
783,28.0,Male,Hoodie,Clothing,57,Hawaii,M,Green,Summer,4.5,Yes,PayPal,Standard,,Yes,15,Cash,Weekly,,2024-01-01 00:00:00,1806,
2185,38.0,Male,Shoes,Footwear,34,Nevada,S,Gold,Spring,3.2,No,PayPal,Free Shipping,No,No,16,PayPal,Every 3 Months,,2024-01-01 00:00:00,1807,
1324,58.0,Male,Shorts,Clothing,62,New York,M,Yellow,Spring,4.6,No,Cash,Standard,Yes,Yes,15,Debit Card,Every 3 Months,,2024-01-01 00:00:00,1808,
2324,35.0,Male,Gloves,Accessories,93,Maryland,L,White,Winter,4.7,No,Bank Transfer,Express,No,No,36,Credit Card,Monthly,,2024-01-01 00:00:00,1809,
2029,29.0,Male,Shoes,Footwear,84,Ohio,XL,Purple,Fall,,No,Cash,2-Day Shipping,No,No,10,Venmo,Bi-Weekly,,2024-01-01 00:00:00,1810,
304,20.0,Male,Sandals,Footwear,60,Oregon,M,Turquoise,Summer,3.3,Yes,Cash,Next Day Air,Yes,Yes,49,Venmo,Weekly,,2024-01-01 00:00:00,1811,
3267,49.0,Female,Coat,Outerwear,74,Alabama,S,Gray,Winter,4.2,No,Bank Transfer,Next Day Air,,No,33,Bank Transfer,Weekly,,2024-01-01 00:00:00,1812,
2472,,Male,Sandals,Footwear,83,Oklahoma,M,Gray,Spring,4.3,No,Cash,Store Pickup,No,No,1,Cash,Annually,,2024-01-01 00:00:00,1813,
665,63.0,Male,Pants,Clothing,83,Colorado,M,Indigo,Winter,4.4,Yes,Cash,Express,Yes,Yes,41,PayPal,Bi-Weekly,,2024-01-01 00:00:00,1814,
1178,54.0,male,Skirt,Clothing,21,Iowa,M,Black,Spring,4.8,No,Cash,Standard,Yes,Yes,24,Debit Card,Monthly,,2024-01-01 00:00:00,1815,
1245,70.0,Male,Socks,Clothing,76,Indiana,S,Silver,Summer,3.9,No,Cash,2-Day Shipping,Yes,Yes,2,Cash,Monthly,,2024-01-01 00:00:00,1816,
3798,68.0,Female,Sunglasses,Accessories,44,California,M,Gray,Summer,2.5,No,Venmo,Next Day Air,No,No,20,Cash,Quarterly,,2024-01-01 00:00:00,1817,
3140,35.0,Female,Sunglasses,Accessories,85,Georgia,M,Olive,Winter,4.4,No,Venmo,Next Day Air,No,No,4,Venmo,Weekly,,2024-01-01 00:00:00,1818,
3162,66.0,Female,Dress,Clothing,77,Massachusetts,S,Charcoal,Winter,4.2,No,Cash,2-Day Shipping,No,No,43,Cash,Monthly,,2024-01-01 00:00:00,1819,
3580,34.0,Female,Scarf,Accessories,66,Arizona,L,Olive,Fall,4.8,No,Bank Transfer,Standard,No,No,19,Credit Card,Every 3 Months,,2024-01-01 00:00:00,1820,
2604,69.0,Male,Dress,Clothing,58,Washington,M,Teal,Spring,2.7,No,Debit Card,2-Day Shipping,No,No,8,Cash,Annually,,2024-01-01 00:00:00,1821,
2453,68.0,Male,Shirt,Clothing,67,New York,L,Purple,Winter,4.1,No,Venmo,Express,No,No,45,Bank Transfer,Every 3 Months,,2024-01-01 00:00:00,1822,
85,52.0,Male,Coat,Outerwear,32,Arizona,S,Peach,Spring,4.4,Yes,Cash,Standard,Yes,Yes,42,Bank Transfer,Every 3 Months,,2024-01-01 00:00:00,1823,
3660,27.0,Female,Sandals,Footwear,77,Illinois,S,Gray,Fall,4.9,No,Bank Transfer,Store Pickup,No,No,46,Bank Transfer,Annually,,2024-01-01 00:00:00,1824,
1801,22.0,Male,Coat,Outerwear,58,Mississippi,XL,Indigo,Winter,2.7,No,Cash,Express,No,No,30,Credit Card,Weekly,,2024-01-01 00:00:00,1825,
942,,male,Handbag,Accessories,35,Illinois,L,Black,Winter,,Yes,Bank Transfer,2-Day Shipping,Yes,Yes,38,PayPal,Every 3 Months,,2024-01-01 00:00:00,1826,
962,62.0,male,Boots,Footwear,72,Pennsylvania,L,Olive,Fall,3.7,Yes,Venmo,Next Day Air,Yes,Yes,37,Debit Card,Quarterly,,2024-01-01 00:00:00,1827,
842,55.0,male,Sweater,Clothing,88,Texas,M,Beige,Summer,2.6,Yes,Venmo,Store Pickup,,Yes,28,PayPal,Fortnightly,,2024-01-01 00:00:00,1828,
2857,65.0,Female,Jacket,Outerwear,48,Iowa,M,Indigo,Winter,3.5,No,Debit Card,2-Day Shipping,No,No,31,Credit Card,Monthly,,2024-01-01 00:00:00,1829,
2699,55.0,Female,Hoodie,Clothing,57,Virginia,M,Magenta,Summer,3.6,No,Venmo,Store Pickup,No,No,34,Venmo,Quarterly,,2024-01-01 00:00:00,1830,
3164,49.0,,Pants,Clothing,66,Nebraska,XL,Turquoise,Summer,2.8,No,Bank Transfer,Express,No,No,36,Cash,Monthly,,2024-01-01 00:00:00,1831,
867,67.0,Male,Sunglasses,Accessories,69,New Mexico,M,Lavender,Summer,2.7,Yes,Credit Card,Free Shipping,Yes,Yes,11,PayPal,Bi-Weekly,,2024-01-01 00:00:00,1832,
2339,66.0,Male,Sneakers,Footwear,68,Georgia,S,Silver,Fall,4.0,No,PayPal,Express,No,No,21,PayPal,Quarterly,,2024-01-01 00:00:00,1833,
3802,26.0,Female,Blouse,Clothing,84,Kentucky,M,Peach,Spring,5.0,No,PayPal,Store Pickup,No,No,36,PayPal,Fortnightly,,2024-01-01 00:00:00,1834,
291,58.0,Male,T-shirt,Clothing,33,Colorado,M,Indigo,Winter,3.7,Yes,Bank Transfer,,Yes,Yes,50,PayPal,Weekly,,2024-01-01 00:00:00,1835,
1993,33.0,Male,Hoodie,Clothing,98,,L,Gold,Winter,4.9,No,PayPal,2-Day Shipping,No,No,28,Venmo,Monthly,,2024-01-01 00:00:00,1836,
2356,22.0,male,Skirt,Clothing,35,Tennessee,S,Purple,Winter,4.1,No,PayPal,Next Day Air,No,No,12,Cash,Monthly,,2024-01-01 00:00:00,1837,
2017,53.0,Male,Shoes,Footwear,47,Maine,S,Violet,Winter,3.4,No,Credit Card,Standard,No,No,20,Debit Card,Fortnightly,,2024-01-01 00:00:00,1838,
3359,56.0,Female,T-shirt,Clothing,59,Tennessee,M,Magenta,Fall,3.4,No,Debit Card,2-Day Shipping,No,No,26,Cash,Annually,,2024-01-01 00:00:00,1839,
3631,65.0,Female,Hat,Accessories,73,Oklahoma,M,Lavender,Winter,,No,Credit Card,Store Pickup,No,No,29,Cash,Weekly,,2024-01-01 00:00:00,1840,
605,44.0,male,Sunglasses,Accessories,92,West Virginia,S,Pink,Fall,,Yes,Bank Transfer,Store Pickup,,Yes,11,Credit Card,Every 3 Months,,2024-01-01 00:00:00,1841,
3316,48.0,FEMALE,Scarf,Accessories,68,Kentucky,S,Gold,Summer,2.9,No,Credit Card,Standard,No,No,4,PayPal,Every 3 Months,,2024-01-01 00:00:00,1842,
917,49.0,male,Jeans,Clothing,34,Illinois,S,Blue,Spring,2.7,Yes,Cash,,Yes,Yes,16,Venmo,Monthly,,2024-01-01 00:00:00,1843,
2771,50.0,Female,Boots,Footwear,44,Nebraska,S,Blue,Fall,3.3,No,PayPal,Express,No,No,22,Bank Transfer,Quarterly,,2024-01-01 00:00:00,1844,
3855,57.0,Female,T-shirt,Clothing,20,Florida,M,Black,Spring,,No,Venmo,Free Shipping,No,No,4,Venmo,Annually,,2024-01-01 00:00:00,1845,
1100,19.0,male,Sweater,Clothing,73,North Carolina,M,Peach,Fall,2.6,No,Cash,Next Day Air,Yes,Yes,45,Bank Transfer,Fortnightly,,2024-01-01 00:00:00,1846,
1089,49.0,Male,Pants,Clothing,21,Louisiana,M,Turquoise,Winter,2.7,No,Bank Transfer,Free Shipping,,Yes,2,PayPal,Weekly,,2024-01-01 00:00:00,1847,
3812,46.0,Female,Belt,Accessories,30,Idaho,M,Maroon,Winter,4.0,No,Venmo,Standard,No,No,14,Cash,Monthly,,2024-01-01 00:00:00,1848,
3813,50.0,FEMALE,Skirt,Clothing,75,Michigan,M,Pink,Spring,2.8,No,PayPal,Next Day Air,No,No,7,Bank Transfer,Every 3 Months,,2024-01-01 00:00:00,1849,
1625,38.0,Male,Sweater,Clothing,32,Florida,M,White,Winter,3.6,No,Venmo,Free Shipping,Yes,Yes,40,PayPal,Every 3 Months,,2024-01-01 00:00:00,1850,
2527,47.0,Male,Shorts,Clothing,28,Rhode Island,S,Peach,Spring,3.4,No,Bank Transfer,Express,No,No,30,PayPal,Bi-Weekly,,2024-01-01 00:00:00,1851,
822,62.0,Male,Hoodie,Clothing,39,Vermont,M,Green,Spring,3.9,Yes,Cash,Standard,Yes,Yes,31,Credit Card,Bi-Weekly,,2024-01-01 00:00:00,1852,
2179,21.0,Male,Jewelry,Accessories,98,Florida,M,Gold,Summer,4.7,No,Debit Card,Standard,No,No,32,Venmo,Annually,,2024-01-01 00:00:00,1853,
2606,41.0,Male,Hoodie,Clothing,93,Nevada,M,White,Spring,3.7,No,Debit Card,2-Day Shipping,No,No,32,Venmo,Fortnightly,,2024-01-01 00:00:00,1854,
3790,56.0,Female,Shirt,Clothing,75,North Dakota,M,Magenta,Summer,3.8,No,Debit Card,Express,No,No,18,Bank Transfer,Every 3 Months,,2024-01-01 00:00:00,1855,
3238,61.0,Female,T-shirt,Clothing,57,,M,Gray,Summer,2.8,No,Bank Transfer,Express,No,No,4,Cash,Weekly,,2024-01-01 00:00:00,1856,
3288,24.0,FEMALE,Skirt,Clothing,63,West Virginia,L,Black,Spring,4.3,No,PayPal,2-Day Shipping,No,No,38,Credit Card,Weekly,,2024-01-01 00:00:00,1857,
1303,23.0,Male,Sneakers,Footwear,25,Idaho,M,Gold,Fall,2.9,No,Bank Transfer,Next Day Air,Yes,Yes,37,Credit Card,Monthly,,2024-01-01 00:00:00,1858,
1001,43.0,Male,Socks,Clothing,46,Georgia,M,Red,Winter,3.9,Yes,Credit Card,,Yes,Yes,1,Bank Transfer,Bi-Weekly,,2024-01-01 00:00:00,1859,
3301,26.0,Female,Hat,Accessories,80,Oklahoma,M,Charcoal,Spring,4.0,No,Debit Card,Express,,No,40,Bank Transfer,Bi-Weekly,,2024-01-01 00:00:00,1860,
3878,28.0,Female,Hoodie,Clothing,96,Nevada,M,Olive,Spring,4.2,No,Venmo,Next Day Air,No,No,46,Debit Card,Monthly,,2024-01-01 00:00:00,1861,
1506,46.0,Male,Belt,Accessories,20,North Dakota,M,Teal,Summer,3.0,No,PayPal,Express,Yes,Yes,39,Cash,Monthly,,2024-01-01 00:00:00,1862,
1478,24.0,Male,Belt,Accessories,32,Oregon,XL,Silver,Summer,4.3,No,Credit Card,Standard,Yes,Yes,1,PayPal,Every 3 Months,,2024-01-01 00:00:00,1863,
19,52.0,Male,Sweater,Clothing,48,Montana,S,Black,Summer,4.6,Yes,Bank Transfer,Free Shipping,Yes,Yes,17,Cash,Weekly,,2024-01-01 00:00:00,1864,
1638,35.0,Male,Dress,Clothing,21,Massachusetts,M,Peach,Spring,3.5,No,Bank Transfer,Next Day Air,Yes,Yes,32,Venmo,Fortnightly,,2024-01-01 00:00:00,1865,
1668,,,Handbag,Accessories,40,Oklahoma,L,Brown,Winter,3.4,No,Bank Transfer,2-Day Shipping,Yes,Yes,24,Bank Transfer,Every 3 Months,,2024-01-01 00:00:00,1866,
494,28.0,Male,Backpack,Accessories,48,Nevada,XL,Red,Summer,4.7,Yes,Debit Card,Store Pickup,Yes,Yes,19,Cash,Bi-Weekly,,2024-01-01 00:00:00,1867,
1126,27.0,male,Sandals,Footwear,90,North Dakota,M,Lavender,Summer,2.7,No,Debit Card,2-Day Shipping,Yes,Yes,10,Bank Transfer,Weekly,,2024-01-01 00:00:00,1868,
1405,36.0,Male,Jewelry,Accessories,28,New Mexico,M,Charcoal,Winter,3.5,No,Venmo,Next Day Air,Yes,Yes,10,Debit Card,Weekly,,2024-01-01 00:00:00,1869,
3108,65.0,Female,Blouse,Clothing,31,,L,Gray,Winter,4.6,No,Debit Card,Standard,No,No,18,Credit Card,Bi-Weekly,,2024-01-01 00:00:00,1870,
2709,57.0,Female,Dress,Clothing,94,Alabama,M,Teal,Summer,3.3,No,Debit Card,Store Pickup,No,No,44,Debit Card,Weekly,,2024-01-01 00:00:00,1871,
3643,47.0,Female,Dress,Clothing,71,Arizona,L,Maroon,Summer,4.4,No,Credit Card,Store Pickup,No,No,5,PayPal,Annually,,2024-01-01 00:00:00,1872,
2460,47.0,,Socks,Clothing,36,Missouri,L,Violet,Fall,4.3,No,PayPal,2-Day Shipping,No,No,14,Cash,Weekly,,2024-01-01 00:00:00,1873,
2856,29.0,FEMALE,Boots,Footwear,95,Mississippi,S,Maroon,Winter,3.8,No,Debit Card,2-Day Shipping,No,No,33,PayPal,Quarterly,,2024-01-01 00:00:00,1874,
2282,28.0,,Hoodie,Clothing,27,,XL,Maroon,Summer,3.0,No,Bank Transfer,Store Pickup,No,No,41,Bank Transfer,Annually,,2024-01-01 00:00:00,1875,
1967,67.0,Male,Jacket,Outerwear,95,,XL,Purple,Winter,3.7,No,Venmo,Express,No,No,5,Credit Card,Fortnightly,,2024-01-01 00:00:00,1876,
585,70.0,Male,Socks,Clothing,94,Indiana,M,White,Spring,4.7,Yes,PayPal,Free Shipping,Yes,Yes,20,Debit Card,Monthly,,2024-01-01 00:00:00,1877,
2345,34.0,male,Sandals,Footwear,92,Rhode Island,XL,Lavender,Fall,3.5,No,Credit Card,Express,No,No,14,Venmo,Bi-Weekly,,2024-01-01 00:00:00,1878,
688,19.0,Male,Gloves,Accessories,38,West Virginia,XL,Turquoise,Winter,3.3,Yes,Cash,Free Shipping,Yes,Yes,46,Bank Transfer,Quarterly,,2024-01-01 00:00:00,1879,
2462,28.0,Male,Scarf,Accessories,86,Pennsylvania,L,Red,Summer,4.8,No,PayPal,Next Day Air,No,No,19,Credit Card,Weekly,,2024-01-01 00:00:00,1880,
2980,31.0,Female,Jeans,Clothing,91,Louisiana,L,Olive,Fall,2.6,No,PayPal,Next Day Air,No,No,14,PayPal,Weekly,,2024-01-01 00:00:00,1881,
3667,67.0,Female,Jewelry,Accessories,50,Alabama,M,Olive,Winter,3.0,No,Credit Card,2-Day Shipping,No,No,47,Cash,Every 3 Months,,2024-01-01 00:00:00,1882,
1609,26.0,Male,Sandals,Footwear,58,Nebraska,XL,Cyan,Fall,4.6,No,Cash,Next Day Air,Yes,Yes,12,Bank Transfer,Bi-Weekly,,2024-01-01 00:00:00,1883,
2686,56.0,,Boots,Footwear,25,Virginia,M,Gray,Winter,2.7,No,Venmo,Express,No,No,49,Credit Card,Quarterly,,2024-01-01 00:00:00,1884,
2801,70.0,Female,Shirt,Clothing,76,Arkansas,L,Violet,Fall,3.4,No,PayPal,Free Shipping,No,No,14,Cash,Bi-Weekly,,2024-01-01 00:00:00,1885,
1010,,Male,Hoodie,Clothing,30,Louisiana,M,Silver,Summer,3.1,Yes,Bank Transfer,Express,Yes,Yes,11,Venmo,Annually,,2024-01-01 00:00:00,1886,
3214,27.0,Female,Sunglasses,Accessories,56,Texas,M,Brown,Winter,3.3,No,Venmo,Standard,No,No,33,Credit Card,Monthly,,2024-01-01 00:00:00,1887,
2320,56.0,Male,Sandals,Footwear,38,Maine,XL,Turquoise,Winter,5.0,No,Debit Card,Free Shipping,No,No,29,PayPal,Monthly,,2024-01-01 00:00:00,1888,
361,51.0,Male,Pants,Clothing,30,Rhode Island,M,Teal,Summer,3.0,Yes,Bank Transfer,Standard,Yes,Yes,18,Debit Card,Fortnightly,,2024-01-01 00:00:00,1889,
3412,29.0,Female,Shoes,Footwear,56,New York,L,Gray,Winter,4.9,No,Venmo,2-Day Shipping,No,No,45,Cash,Weekly,,2024-01-01 00:00:00,1890,
3659,28.0,Female,T-shirt,Clothing,72,Mississippi,M,Magenta,Fall,4.6,No,Cash,Standard,No,No,18,PayPal,Fortnightly,,2024-01-01 00:00:00,1891,
2565,42.0,Male,Scarf,Accessories,90,Kentucky,L,Indigo,Winter,3.0,No,Debit Card,2-Day Shipping,No,No,27,Bank Transfer,Weekly,,2024-01-01 00:00:00,1892,
1678,65.0,Male,Jeans,Clothing,35,Oregon,L,Silver,Summer,3.3,No,PayPal,,No,No,41,Debit Card,Weekly,,2024-01-01 00:00:00,1893,
1311,43.0,Male,Hoodie,Clothing,59,South Carolina,L,Brown,Winter,3.1,No,Credit Card,Store Pickup,Yes,Yes,38,Credit Card,Every 3 Months,,2024-01-01 00:00:00,1894,
1171,57.0,Male,Skirt,Clothing,62,Illinois,S,Red,Spring,3.2,No,Bank Transfer,Express,Yes,Yes,33,Cash,Bi-Weekly,,2024-01-01 00:00:00,1895,
1972,54.0,Male,Hat,Accessories,29,Pennsylvania,XL,Indigo,Spring,3.4,No,PayPal,Next Day Air,No,No,1,Venmo,Monthly,,2024-01-01 00:00:00,1896,
801,32.0,male,Socks,Clothing,20,Utah,S,Gold,Summer,2.6,Yes,Credit Card,Free Shipping,Yes,Yes,20,Cash,Every 3 Months,,2024-01-01 00:00:00,1897,
2413,53.0,male,Jacket,Outerwear,51,Oregon,M,Pink,Winter,4.3,No,Debit Card,2-Day Shipping,No,No,8,Bank Transfer,Bi-Weekly,,2024-01-01 00:00:00,1898,
345,24.0,,Skirt,Clothing,71,Virginia,M,Charcoal,Winter,4.0,Yes,PayPal,Standard,Yes,Yes,46,Debit Card,Monthly,,2024-01-01 00:00:00,1899,
2708,32.0,Female,Backpack,Accessories,88,Nebraska,M,Pink,Fall,4.2,No,Cash,Standard,No,No,19,Cash,Weekly,,2024-01-01 00:00:00,1900,
987,,Male,Scarf,Accessories,96,Connecticut,S,Peach,Spring,4.5,Yes,Credit Card,Store Pickup,Yes,Yes,36,Bank Transfer,Monthly,,2024-01-01 00:00:00,1901,
3531,62.0,Female,Sunglasses,Accessories,45,Oklahoma,L,Black,Spring,3.4,No,Bank Transfer,,No,No,37,PayPal,Weekly,,2024-01-01 00:00:00,1902,
744,,Male,Sunglasses,Accessories,84,North Carolina,L,Gray,Fall,4.9,Yes,PayPal,Free Shipping,Yes,Yes,36,Cash,Weekly,,2024-01-01 00:00:00,1903,
3403,22.0,Female,Hoodie,Clothing,61,Louisiana,M,Black,Spring,4.4,,Venmo,2-Day Shipping,No,No,11,PayPal,Every 3 Months,,2024-01-01 00:00:00,1904,
1672,31.0,Male,Hoodie,Clothing,22,Utah,M,Olive,Winter,4.0,No,PayPal,Free Shipping,Yes,Yes,25,Bank Transfer,Weekly,,2024-01-01 00:00:00,1905,
2459,66.0,Male,T-shirt,Clothing,85,Texas,L,Turquoise,Fall,4.6,,Bank Transfer,Free Shipping,No,No,17,Bank Transfer,Weekly,,2024-01-01 00:00:00,1906,
3025,67.0,Female,Blouse,Clothing,82,Idaho,S,White,Spring,4.0,No,Credit Card,Free Shipping,No,No,47,Credit Card,Every 3 Months,,2024-01-01 00:00:00,1907,
114,44.0,,Hat,Accessories,54,New Jersey,L,Maroon,Winter,3.1,Yes,Debit Card,Next Day Air,Yes,Yes,20,PayPal,Quarterly,,2024-01-01 00:00:00,1908,
1438,69.0,Male,Boots,Footwear,97,Montana,XL,Orange,Winter,4.2,No,Debit Card,Free Shipping,Yes,Yes,14,Cash,Annually,,2024-01-01 00:00:00,1909,
2830,56.0,Female,Jewelry,Accessories,67,Arizona,XL,Teal,Fall,3.4,No,PayPal,Next Day Air,No,No,47,Cash,Weekly,,2024-01-01 00:00:00,1910,
1242,58.0,Male,Hoodie,Clothing,51,Hawaii,XL,Pink,Winter,3.1,No,Cash,Express,Yes,Yes,34,Credit Card,Weekly,,2024-01-01 00:00:00,1911,
1143,69.0,male,T-shirt,Clothing,76,,L,Green,Spring,3.5,No,Cash,Store Pickup,Yes,Yes,27,Venmo,Bi-Weekly,,2024-01-01 00:00:00,1912,
2465,47.0,Male,Jacket,Outerwear,84,Hawaii,L,Teal,Winter,,No,Debit Card,Express,No,No,4,Cash,Bi-Weekly,,2024-01-01 00:00:00,1913,
1217,62.0,Male,Pants,Clothing,32,Utah,XL,Lavender,Summer,3.7,No,PayPal,Free Shipping,Yes,Yes,3,Venmo,Every 3 Months,,2024-01-01 00:00:00,1914,
1826,23.0,Male,Boots,Footwear,75,South Dakota,M,Pink,Winter,4.9,No,Bank Transfer,Next Day Air,No,No,41,Credit Card,Weekly,,2024-01-01 00:00:00,1915,
1199,40.0,Male,Socks,Clothing,49,New Jersey,M,Brown,Summer,3.9,No,Bank Transfer,2-Day Shipping,,Yes,17,Cash,Annually,,2024-01-01 00:00:00,1916,
86,53.0,Male,Sunglasses,Accessories,95,New Mexico,M,Charcoal,Winter,4.5,Yes,Credit Card,Next Day Air,Yes,Yes,2,Debit Card,Bi-Weekly,,2024-01-01 00:00:00,1917,
1519,68.0,male,Belt,Accessories,73,New York,M,Yellow,Winter,4.1,No,Cash,Next Day Air,Yes,Yes,14,Venmo,Fortnightly,,2024-01-01 00:00:00,1918,
3415,27.0,FEMALE,Boots,Footwear,94,Connecticut,M,Maroon,Spring,4.9,No,Venmo,Next Day Air,No,No,3,Bank Transfer,Quarterly,,2024-01-01 00:00:00,1919,
1382,30.0,male,Shoes,Footwear,86,Illinois,L,Green,Winter,2.9,,Cash,Standard,Yes,Yes,48,Venmo,Quarterly,,2024-01-01 00:00:00,1920,
1376,,Male,Sneakers,Footwear,31,Maine,L,Brown,Spring,4.1,No,Venmo,,Yes,Yes,8,Credit Card,Annually,,2024-01-01 00:00:00,1921,
669,49.0,male,T-shirt,Clothing,85,Hawaii,S,Turquoise,Fall,2.9,Yes,Credit Card,Express,Yes,Yes,35,Bank Transfer,Monthly,,2024-01-01 00:00:00,1922,
2608,41.0,Male,Shoes,Footwear,36,Oklahoma,XL,Teal,Spring,3.1,No,Bank Transfer,Express,No,No,38,PayPal,Every 3 Months,,2024-01-01 00:00:00,1923,
1015,28.0,Male,Shoes,Footwear,97,Ohio,M,Violet,Summer,3.0,Yes,Bank Transfer,,Yes,Yes,36,Debit Card,Fortnightly,,2024-01-01 00:00:00,1924,
129,20.0,Male,Scarf,Accessories,32,California,M,Gold,Spring,,Yes,Venmo,Standard,Yes,Yes,21,Credit Card,Fortnightly,,2024-01-01 00:00:00,1925,
1365,68.0,Male,Hat,Accessories,75,Delaware,L,Yellow,Fall,4.7,No,Cash,Express,Yes,Yes,5,Cash,Every 3 Months,,2024-01-01 00:00:00,1926,
3159,30.0,Female,Jewelry,Accessories,77,,M,Gray,Winter,4.9,No,PayPal,2-Day Shipping,No,No,44,Credit Card,Monthly,,2024-01-01 00:00:00,1927,
2054,19.0,Male,Sunglasses,Accessories,60,Wyoming,S,Purple,Spring,4.5,No,Bank Transfer,2-Day Shipping,,No,16,Credit Card,Fortnightly,,2024-01-01 00:00:00,1928,
892,20.0,Male,Skirt,Clothing,26,Pennsylvania,S,Lavender,Summer,3.9,Yes,Venmo,Store Pickup,Yes,Yes,24,PayPal,Every 3 Months,,2024-01-01 00:00:00,1929,
2577,20.0,Male,Hoodie,Clothing,40,New Hampshire,M,Silver,Winter,,No,PayPal,Free Shipping,No,No,19,Debit Card,Quarterly,,2024-01-01 00:00:00,1930,
1360,27.0,Male,Hoodie,Clothing,68,North Carolina,S,Cyan,Winter,4.3,No,Debit Card,Store Pickup,Yes,Yes,26,Bank Transfer,Fortnightly,,2024-01-01 00:00:00,1931,
308,29.0,Male,Gloves,Accessories,32,Florida,M,Orange,Winter,3.2,Yes,Cash,Free Shipping,Yes,Yes,3,Credit Card,Every 3 Months,,2024-01-01 00:00:00,1932,
2982,21.0,Female,Pants,Clothing,36,Delaware,L,Pink,Winter,4.9,No,PayPal,Standard,No,No,37,Venmo,Annually,,2024-01-01 00:00:00,1933,
3731,46.0,Female,Shirt,Clothing,79,Florida,M,Teal,Summer,2.5,No,Bank Transfer,2-Day Shipping,No,No,3,Credit Card,Bi-Weekly,,2024-01-01 00:00:00,1934,
384,50.0,male,Sunglasses,Accessories,77,,S,Magenta,Fall,2.9,Yes,Credit Card,Standard,Yes,Yes,6,PayPal,Quarterly,,2024-01-01 00:00:00,1935,
151,35.0,Male,Boots,Footwear,96,California,L,Cyan,Fall,4.9,Yes,Bank Transfer,Standard,Yes,Yes,17,Debit Card,Every 3 Months,,2024-01-01 00:00:00,1936,
2186,40.0,Male,Shorts,Clothing,32,North Carolina,M,Violet,Winter,,No,Venmo,Express,No,No,50,Debit Card,Every 3 Months,,2024-01-01 00:00:00,1937,
1318,28.0,male,Pants,Clothing,43,Kentucky,M,Green,Spring,2.8,No,Credit Card,Free Shipping,Yes,Yes,19,Cash,Monthly,,2024-01-01 00:00:00,1938,
1452,54.0,Male,Jacket,Outerwear,34,Utah,M,Maroon,Fall,2.5,No,Venmo,Next Day Air,Yes,Yes,35,PayPal,Quarterly,,2024-01-01 00:00:00,1939,
2026,42.0,Male,Shirt,Clothing,29,Delaware,M,Turquoise,Summer,3.0,No,Bank Transfer,Express,No,No,43,Debit Card,Fortnightly,,2024-01-01 00:00:00,1940,
2612,33.0,Male,Jacket,Outerwear,99,Michigan,L,Maroon,Fall,4.2,No,Cash,2-Day Shipping,No,No,4,Cash,Fortnightly,,2024-01-01 00:00:00,1941,
427,43.0,male,Pants,Clothing,71,Louisiana,M,Violet,Winter,4.7,Yes,Cash,Express,Yes,Yes,19,Credit Card,Quarterly,,2024-01-01 00:00:00,1942,
495,38.0,Male,Boots,Footwear,68,Indiana,M,Indigo,Winter,4.5,Yes,PayPal,Express,Yes,Yes,42,Debit Card,Weekly,,2024-01-01 00:00:00,1943,
1208,62.0,male,Boots,Footwear,90,Washington,M,White,Summer,4.1,No,Venmo,Next Day Air,Yes,Yes,48,Credit Card,Every 3 Months,,2024-01-01 00:00:00,1944,
2877,65.0,Female,Hoodie,Clothing,84,New Mexico,M,Charcoal,Spring,3.4,No,Credit Card,2-Day Shipping,,No,5,Bank Transfer,Fortnightly,,2024-01-01 00:00:00,1945,
2484,32.0,male,Skirt,Clothing,96,Arizona,S,Teal,Fall,2.9,No,PayPal,Standard,No,No,8,Debit Card,Monthly,,2024-01-01 00:00:00,1946,
1209,20.0,male,Boots,Footwear,100,Wisconsin,S,Red,Winter,2.9,No,Cash,2-Day Shipping,Yes,Yes,8,Debit Card,Annually,,2024-01-01 00:00:00,1947,
1821,19.0,Male,Shirt,Clothing,94,Washington,XL,Gold,Fall,5.0,,PayPal,Express,No,No,31,PayPal,Monthly,,2024-01-01 00:00:00,1948,
3048,21.0,Female,Sneakers,Footwear,74,Vermont,M,Violet,Fall,4.1,No,Cash,2-Day Shipping,No,No,3,PayPal,Bi-Weekly,,2024-01-01 00:00:00,1949,
3232,62.0,Female,Shoes,Footwear,97,Nevada,M,Maroon,Winter,4.4,No,PayPal,Free Shipping,No,No,9,Credit Card,Annually,,2024-01-01 00:00:00,1950,
2925,47.0,FEMALE,Shirt,Clothing,64,Rhode Island,L,Indigo,Winter,3.7,No,Bank Transfer,Free Shipping,No,No,37,Debit Card,Every 3 Months,,2024-01-01 00:00:00,1951,
2728,40.0,FEMALE,Shirt,Clothing,87,Colorado,L,Charcoal,Winter,3.7,No,Debit Card,2-Day Shipping,No,No,47,Credit Card,Fortnightly,,2024-01-01 00:00:00,1952,
1984,59.0,Male,Scarf,Accessories,97,Georgia,M,Pink,Summer,2.6,No,Credit Card,Next Day Air,No,No,21,Debit Card,Quarterly,,2024-01-01 00:00:00,1953,
1240,62.0,,Coat,Outerwear,37,New Jersey,XL,Magenta,Spring,4.8,No,PayPal,Standard,Yes,Yes,32,Debit Card,Every 3 Months,,2024-01-01 00:00:00,1954,
2148,47.0,Male,Skirt,Clothing,43,Missouri,S,Charcoal,Fall,4.8,No,PayPal,Standard,No,No,4,Cash,Fortnightly,,2024-01-01 00:00:00,1955,
2779,70.0,Female,Belt,Accessories,57,Pennsylvania,L,Yellow,Spring,3.2,No,Cash,Standard,No,No,24,Credit Card,Bi-Weekly,,2024-01-01 00:00:00,1956,
276,48.0,Male,Backpack,Accessories,85,Virginia,XL,Lavender,Winter,4.0,Yes,Debit Card,Express,Yes,Yes,13,Credit Card,Weekly,,2024-01-01 00:00:00,1957,
490,49.0,Male,Socks,Clothing,85,South Dakota,M,Green,Summer,3.2,Yes,Venmo,Standard,Yes,Yes,40,PayPal,Annually,,2024-01-01 00:00:00,1958,
3168,24.0,Female,Dress,Clothing,78,Oregon,M,Blue,Fall,,No,Venmo,2-Day Shipping,No,No,9,Cash,Bi-Weekly,,2024-01-01 00:00:00,1959,
1230,34.0,Male,Jewelry,Accessories,52,Kansas,XL,Maroon,Winter,3.6,No,Venmo,Express,Yes,Yes,39,Bank Transfer,Annually,,2024-01-01 00:00:00,1960,
691,25.0,Male,Shorts,Clothing,68,Alaska,XL,Red,Spring,4.8,Yes,Bank Transfer,Standard,Yes,Yes,45,Bank Transfer,Weekly,,2024-01-01 00:00:00,1961,
3319,45.0,Female,Jacket,Outerwear,46,North Dakota,M,Olive,Summer,3.9,No,Venmo,Free Shipping,No,No,15,PayPal,Monthly,,2024-01-01 00:00:00,1962,
2665,22.0,Female,Jewelry,Accessories,84,Illinois,L,Silver,Winter,3.2,No,Debit Card,Store Pickup,No,No,37,PayPal,Weekly,,2024-01-01 00:00:00,1963,
837,23.0,Male,Gloves,Accessories,90,West Virginia,L,Violet,Winter,,Yes,PayPal,Store Pickup,Yes,Yes,22,Cash,Bi-Weekly,,2024-01-01 00:00:00,1964,
2093,42.0,Male,Sandals,Footwear,45,Minnesota,M,Silver,Fall,2.6,No,Bank Transfer,Next Day Air,No,No,27,Bank Transfer,Weekly,,2024-01-01 00:00:00,1965,
1781,67.0,male,Jewelry,Accessories,81,,S,Gray,Summer,,No,Cash,Next Day Air,No,No,49,Credit Card,Weekly,,2024-01-01 00:00:00,1966,
2933,65.0,Female,Backpack,Accessories,88,Alaska,L,Black,Spring,3.9,No,Credit Card,Express,No,No,3,PayPal,Quarterly,,2024-01-01 00:00:00,1967,
2769,55.0,Female,Blouse,Clothing,25,Kansas,M,Beige,Spring,,No,Venmo,2-Day Shipping,No,No,28,PayPal,Bi-Weekly,,2024-01-01 00:00:00,1968,
1059,,Male,Scarf,Accessories,33,New Mexico,L,Violet,Summer,3.1,No,Credit Card,Next Day Air,Yes,Yes,49,Bank Transfer,Every 3 Months,,2024-01-01 00:00:00,1969,
119,,Male,Sweater,Clothing,45,Kentucky,L,Orange,Fall,4.8,Yes,Bank Transfer,2-Day Shipping,Yes,Yes,27,Cash,Bi-Weekly,,2024-01-01 00:00:00,1970,
1025,28.0,Male,T-shirt,Clothing,66,Pennsylvania,M,Purple,Summer,3.5,Yes,Debit Card,Free Shipping,Yes,Yes,18,Venmo,Quarterly,,2024-01-01 00:00:00,1971,
3710,31.0,,Socks,Clothing,43,Utah,M,Silver,Fall,3.6,No,Debit Card,Free Shipping,No,No,27,PayPal,Quarterly,,2024-01-01 00:00:00,1972,
282,38.0,Male,Belt,Accessories,61,Oklahoma,XL,Charcoal,Spring,,Yes,Bank Transfer,Standard,Yes,Yes,22,Debit Card,Bi-Weekly,,2024-01-01 00:00:00,1973,
2355,56.0,Male,Blouse,Clothing,78,Wisconsin,M,Blue,Summer,4.8,No,Cash,Next Day Air,No,No,27,Venmo,Monthly,,2024-01-01 00:00:00,1974,
1317,28.0,Male,Belt,Accessories,32,Arkansas,S,Lavender,Spring,4.6,,PayPal,Standard,Yes,Yes,14,Debit Card,Bi-Weekly,,2024-01-01 00:00:00,1975,
3106,48.0,Female,Skirt,Clothing,33,,M,Olive,Fall,2.7,No,Debit Card,Express,No,No,17,Debit Card,Monthly,,2024-01-01 00:00:00,1976,
969,57.0,Male,Shorts,Clothing,67,North Carolina,L,Gray,Summer,,Yes,Debit Card,Next Day Air,Yes,Yes,48,Bank Transfer,Quarterly,,2024-01-01 00:00:00,1977,
1666,40.0,male,Jacket,Outerwear,41,New Mexico,L,Pink,Fall,3.4,No,Cash,Next Day Air,Yes,Yes,49,Venmo,Monthly,,2024-01-01 00:00:00,1978,
3182,31.0,Female,Jacket,Outerwear,51,Montana,M,Charcoal,Summer,4.4,,Cash,Free Shipping,No,No,27,PayPal,Every 3 Months,,2024-01-01 00:00:00,1979,
1906,47.0,Male,Boots,Footwear,35,Idaho,M,Teal,Summer,4.9,,Debit Card,,No,No,14,Bank Transfer,Fortnightly,,2024-01-01 00:00:00,1980,
2578,52.0,,Socks,Clothing,39,Minnesota,L,Black,Fall,4.5,No,Debit Card,Next Day Air,No,No,37,Bank Transfer,Monthly,,2024-01-01 00:00:00,1981,
2638,20.0,,Pants,Clothing,23,Alabama,M,Magenta,Spring,3.7,No,Credit Card,Store Pickup,No,No,2,PayPal,Annually,,2024-01-01 00:00:00,1982,
2322,50.0,male,Sandals,Footwear,31,Colorado,M,Beige,Winter,3.0,No,PayPal,Next Day Air,No,No,27,Debit Card,Fortnightly,,2024-01-01 00:00:00,1983,
620,19.0,male,Backpack,Accessories,34,Nebraska,M,Charcoal,Summer,4.6,Yes,Debit Card,Store Pickup,Yes,Yes,1,Debit Card,Every 3 Months,,2024-01-01 00:00:00,1984,
2283,18.0,Male,Sneakers,Footwear,97,Idaho,S,Red,Fall,4.2,No,Debit Card,2-Day Shipping,No,No,8,Credit Card,Annually,,2024-01-01 00:00:00,1985,
1743,51.0,Male,Sandals,Footwear,80,Kansas,XL,White,Spring,4.3,No,Credit Card,Express,No,No,18,Venmo,Every 3 Months,,2024-01-01 00:00:00,1986,
3287,45.0,,Jacket,Outerwear,67,Illinois,L,Pink,Winter,5.0,No,Venmo,Express,No,No,4,Venmo,Fortnightly,,2024-01-01 00:00:00,1987,
156,63.0,Male,Socks,Clothing,77,Maine,S,Olive,Spring,4.3,Yes,Cash,Free Shipping,,Yes,21,Bank Transfer,Quarterly,,2024-01-01 00:00:00,1988,
1848,46.0,,Sandals,Footwear,100,,XL,Cyan,Summer,4.4,No,Debit Card,Free Shipping,No,No,49,Credit Card,Weekly,,2024-01-01 00:00:00,1989,
1537,18.0,Male,Sunglasses,Accessories,82,Michigan,M,Indigo,Summer,,No,Cash,Store Pickup,Yes,Yes,17,Cash,Quarterly,,2024-01-01 00:00:00,1990,
1656,37.0,male,Sweater,Clothing,81,Arizona,L,Gold,Spring,3.2,No,Venmo,Next Day Air,Yes,Yes,4,PayPal,Monthly,,2024-01-01 00:00:00,1991,
3044,45.0,Female,Belt,Accessories,98,Illinois,S,Peach,Fall,2.6,No,Debit Card,Store Pickup,No,No,17,Credit Card,Monthly,,2024-01-01 00:00:00,1992,
305,40.0,Male,Dress,Clothing,84,Oregon,M,Green,Winter,3.4,Yes,Venmo,Next Day Air,Yes,Yes,45,Credit Card,Bi-Weekly,,2024-01-01 00:00:00,1993,
2972,30.0,FEMALE,Handbag,Accessories,100,Utah,L,Yellow,Fall,3.9,No,Credit Card,Next Day Air,No,No,9,PayPal,Every 3 Months,,2024-01-01 00:00:00,1994,
3404,30.0,Female,Boots,Footwear,65,Illinois,M,Olive,Summer,3.9,No,Credit Card,Standard,No,No,1,Cash,Bi-Weekly,,2024-01-01 00:00:00,1995,
2243,18.0,,Skirt,Clothing,66,Nevada,M,Orange,Spring,3.8,No,PayPal,Next Day Air,No,No,5,Credit Card,Bi-Weekly,,2024-01-01 00:00:00,1996,
1957,70.0,Male,Socks,Clothing,37,Oklahoma,M,Pink,Winter,4.9,No,Cash,Express,No,No,20,Credit Card,Fortnightly,,2024-01-01 00:00:00,1997,
1657,21.0,Male,Blouse,Clothing,42,,L,Brown,Spring,2.6,No,Credit Card,2-Day Shipping,Yes,Yes,41,PayPal,Every 3 Months,,2024-01-01 00:00:00,1998,
3859,30.0,FEMALE,T-shirt,Clothing,77,Missouri,M,Olive,Winter,3.5,No,PayPal,Store Pickup,No,No,26,Credit Card,Quarterly,,2024-01-01 00:00:00,1999,
1308,23.0,Male,Coat,Outerwear,32,Missouri,L,Black,Summer,3.1,No,PayPal,Express,Yes,Yes,43,PayPal,Annually,,2024-01-01 00:00:00,2000,
2247,49.0,Male,Jacket,Outerwear,96,Hawaii,M,Cyan,Fall,4.3,No,Cash,Store Pickup,No,No,39,PayPal,Every 3 Months,,2024-01-01 00:00:00,2001,
576,58.0,Male,Jeans,Clothing,86,Nebraska,M,Peach,Fall,4.8,Yes,Venmo,Express,Yes,Yes,38,PayPal,Monthly,,2024-01-01 00:00:00,2002,
2610,66.0,Male,Backpack,Accessories,95,Arkansas,M,Black,Summer,3.0,No,Credit Card,Store Pickup,No,No,18,Debit Card,Bi-Weekly,,2024-01-01 00:00:00,2003,
3436,68.0,FEMALE,Socks,Clothing,91,Montana,M,Beige,Summer,2.7,,Debit Card,2-Day Shipping,No,No,50,Debit Card,Bi-Weekly,,2024-01-01 00:00:00,2004,
3504,31.0,Female,Shirt,Clothing,96,Nebraska,M,Pink,Spring,3.9,No,Cash,Free Shipping,No,No,39,Cash,Weekly,,2024-01-01 00:00:00,2005,
1707,37.0,Male,Sunglasses,Accessories,87,North Dakota,M,Brown,Spring,3.0,No,Credit Card,Standard,No,No,25,Venmo,Fortnightly,,2024-01-01 00:00:00,2006,
2698,42.0,Female,Jacket,Outerwear,52,Delaware,L,Red,Winter,3.2,No,Credit Card,Standard,No,No,36,Bank Transfer,Quarterly,,2024-01-01 00:00:00,2007,
1300,29.0,Male,Belt,Accessories,23,Louisiana,L,Teal,Fall,3.6,No,Bank Transfer,2-Day Shipping,Yes,Yes,42,Venmo,Bi-Weekly,,2024-01-01 00:00:00,2008,
133,30.0,Male,Backpack,Accessories,58,New Mexico,M,Orange,Fall,4.7,Yes,Bank Transfer,2-Day Shipping,Yes,Yes,42,PayPal,Weekly,,2024-01-01 00:00:00,2009,
3058,,Female,Backpack,Accessories,22,North Carolina,M,Blue,Spring,3.4,No,PayPal,Next Day Air,No,No,26,Bank Transfer,Weekly,,2024-01-01 00:00:00,2010,
3207,36.0,FEMALE,Boots,Footwear,52,California,M,Brown,Winter,3.0,No,Debit Card,Free Shipping,No,No,49,PayPal,Monthly,,2024-01-01 00:00:00,2011,
862,46.0,male,Skirt,Clothing,100,Virginia,XL,Green,Spring,3.3,Yes,PayPal,2-Day Shipping,Yes,Yes,35,Credit Card,Every 3 Months,,2024-01-01 00:00:00,2012,
844,65.0,,Hoodie,Clothing,80,Pennsylvania,S,Beige,Summer,3.2,Yes,Cash,Express,Yes,Yes,6,PayPal,Weekly,,2024-01-01 00:00:00,2013,
1802,33.0,Male,Sweater,Clothing,57,New Jersey,M,Turquoise,Spring,3.9,No,Credit Card,Express,No,No,48,Debit Card,Fortnightly,,2024-01-01 00:00:00,2014,
1629,45.0,Male,Dress,Clothing,64,Massachusetts,S,Teal,Winter,3.1,No,PayPal,Next Day Air,,Yes,7,Cash,Monthly,,2024-01-01 00:00:00,2015,
1994,32.0,Male,Blouse,Clothing,96,Arkansas,S,Purple,Spring,5.0,No,Cash,Express,No,No,17,Cash,Weekly,,2024-01-01 00:00:00,2016,
2155,46.0,Male,Scarf,Accessories,74,Wyoming,M,Violet,Spring,3.4,No,Debit Card,Store Pickup,No,No,33,Cash,Every 3 Months,,2024-01-01 00:00:00,2017,
270,,Male,Blouse,Clothing,44,Georgia,M,Charcoal,Winter,3.3,Yes,PayPal,Next Day Air,Yes,Yes,9,Cash,Bi-Weekly,,2024-01-01 00:00:00,2018,
630,26.0,Male,Shoes,Footwear,90,Vermont,L,Beige,Spring,4.7,Yes,Bank Transfer,Standard,Yes,Yes,11,Debit Card,Annually,,2024-01-01 00:00:00,2019,
1731,23.0,Male,Shirt,Clothing,22,Alabama,S,Silver,Fall,4.2,No,Cash,Free Shipping,No,No,26,Credit Card,Weekly,,2024-01-01 00:00:00,2020,
1034,19.0,Male,Pants,Clothing,52,Montana,S,Silver,Spring,4.6,Yes,Credit Card,Free Shipping,,Yes,41,Bank Transfer,Quarterly,,2024-01-01 00:00:00,2021,
3312,29.0,Female,Hat,Accessories,52,Florida,L,Blue,Summer,4.0,No,PayPal,Express,No,No,18,Bank Transfer,Annually,,2024-01-01 00:00:00,2022,
287,27.0,Male,Jewelry,Accessories,51,Nebraska,L,Gray,Summer,2.6,Yes,Cash,Store Pickup,Yes,Yes,6,Debit Card,Annually,,2024-01-01 00:00:00,2023,
1327,40.0,Male,Shoes,Footwear,50,Texas,M,Indigo,Spring,4.6,No,Bank Transfer,Free Shipping,Yes,Yes,17,Cash,Monthly,,2024-01-01 00:00:00,2024,
2943,54.0,Female,Socks,Clothing,63,Hawaii,M,Brown,Summer,2.6,No,Cash,Free Shipping,No,No,37,Bank Transfer,Weekly,,2024-01-01 00:00:00,2025,
301,29.0,Male,Hat,Accessories,98,Iowa,M,Teal,Spring,4.4,Yes,Cash,Store Pickup,Yes,Yes,24,PayPal,Weekly,,2024-01-01 00:00:00,2026,
3180,57.0,,Shorts,Clothing,88,Idaho,M,Olive,Spring,4.3,No,Debit Card,Free Shipping,No,No,12,Debit Card,Bi-Weekly,,2024-01-01 00:00:00,2027,
3056,27.0,FEMALE,Sandals,Footwear,22,Kansas,M,Violet,Fall,5.0,No,Bank Transfer,,No,No,5,Debit Card,Bi-Weekly,,2024-01-01 00:00:00,2028,
3604,45.0,Female,Jeans,Clothing,51,Louisiana,M,Gold,Spring,2.7,No,Debit Card,Free Shipping,No,No,5,Cash,Weekly,,2024-01-01 00:00:00,2029,
1448,23.0,male,Hoodie,Clothing,57,New Mexico,S,Beige,Summer,3.0,No,Credit Card,Next Day Air,Yes,Yes,25,PayPal,Monthly,,2024-01-01 00:00:00,2030,
1473,39.0,Male,Hat,Accessories,24,Indiana,L,Turquoise,Spring,3.5,No,Bank Transfer,,Yes,Yes,11,Cash,Weekly,,2024-01-01 00:00:00,2031,
2831,63.0,Female,Skirt,Clothing,90,Oregon,L,Cyan,Spring,2.9,No,Credit Card,Store Pickup,No,No,13,Venmo,Every 3 Months,,2024-01-01 00:00:00,2032,
2482,41.0,Male,Belt,Accessories,92,New Jersey,XL,Cyan,Fall,2.9,No,Venmo,Free Shipping,No,No,35,Debit Card,Weekly,,2024-01-01 00:00:00,2033,
1187,63.0,Male,Jeans,Clothing,68,Indiana,M,Beige,Summer,4.1,No,Cash,2-Day Shipping,Yes,Yes,27,Credit Card,Annually,,2024-01-01 00:00:00,2034,
66,65.0,Male,Backpack,Accessories,36,New Jersey,M,Purple,Spring,4.8,Yes,Credit Card,,Yes,Yes,44,Venmo,Every 3 Months,,2024-01-01 00:00:00,2035,
2954,45.0,Female,Dress,Clothing,82,Maryland,M,Silver,Summer,4.8,No,PayPal,Next Day Air,,No,11,Credit Card,Annually,,2024-01-01 00:00:00,2036,
1881,34.0,Male,Blouse,Clothing,33,,L,Yellow,Fall,3.1,No,PayPal,2-Day Shipping,No,No,8,Debit Card,Monthly,,2024-01-01 00:00:00,2037,
891,52.0,Male,Gloves,Accessories,51,New York,S,Purple,Spring,4.3,Yes,Credit Card,2-Day Shipping,Yes,Yes,47,Credit Card,Monthly,,2024-01-01 00:00:00,2038,
3090,50.0,Female,Sandals,Footwear,21,North Carolina,L,Blue,Fall,4.6,No,Debit Card,Free Shipping,No,No,23,Cash,Bi-Weekly,,2024-01-01 00:00:00,2039,
3482,52.0,Female,Socks,Clothing,67,Ohio,S,Maroon,Summer,3.4,No,Credit Card,Store Pickup,No,No,41,Debit Card,Bi-Weekly,,2024-01-01 00:00:00,2040,
1767,60.0,male,Sweater,Clothing,54,Alaska,S,Cyan,Winter,4.3,No,Venmo,2-Day Shipping,No,No,27,Cash,Bi-Weekly,,2024-01-01 00:00:00,2041,
2523,20.0,Male,Belt,Accessories,53,Massachusetts,S,Olive,Winter,2.5,No,Cash,2-Day Shipping,No,No,20,Debit Card,Weekly,,2024-01-01 00:00:00,2042,
2116,44.0,Male,Scarf,Accessories,85,Rhode Island,M,Violet,Winter,3.4,No,Credit Card,Store Pickup,No,No,16,Bank Transfer,Bi-Weekly,,2024-01-01 00:00:00,2043,
2009,57.0,Male,Skirt,Clothing,48,Florida,M,Gray,Spring,2.5,No,PayPal,,No,No,27,PayPal,Every 3 Months,,2024-01-01 00:00:00,2044,
231,66.0,Male,Scarf,Accessories,88,Utah,L,Olive,Fall,4.1,Yes,Venmo,Standard,Yes,Yes,43,Credit Card,Annually,,2024-01-01 00:00:00,2045,
504,55.0,Male,Shoes,Footwear,24,West Virginia,M,Lavender,Summer,3.2,Yes,Credit Card,Next Day Air,Yes,Yes,26,Bank Transfer,Quarterly,,2024-01-01 00:00:00,2046,
930,59.0,Male,Boots,Footwear,94,Nebraska,M,White,Fall,4.5,Yes,Venmo,2-Day Shipping,Yes,Yes,26,Debit Card,Fortnightly,,2024-01-01 00:00:00,2047,
2762,31.0,Female,Sneakers,Footwear,82,Michigan,M,Purple,Fall,3.4,No,Venmo,Next Day Air,No,No,3,Credit Card,Every 3 Months,,2024-01-01 00:00:00,2048,
381,39.0,Male,Backpack,Accessories,69,New Hampshire,XL,Beige,Fall,3.0,Yes,PayPal,Store Pickup,Yes,Yes,19,Bank Transfer,Weekly,,2024-01-01 00:00:00,2049,
2799,52.0,,Hoodie,Clothing,20,Rhode Island,XL,Red,Winter,4.8,No,Credit Card,Store Pickup,No,No,37,PayPal,Weekly,,2024-01-01 00:00:00,2050,
1526,29.0,Male,Belt,Accessories,31,Oregon,M,Indigo,Winter,4.6,No,Debit Card,2-Day Shipping,Yes,Yes,22,Cash,Fortnightly,,2024-01-01 00:00:00,2051,
2234,38.0,Male,Blouse,Clothing,31,Florida,XL,Gray,Summer,4.5,No,Credit Card,Express,No,No,48,Credit Card,Monthly,,2024-01-01 00:00:00,2052,
375,69.0,Male,Jewelry,Accessories,78,Ohio,S,Purple,Spring,5.0,Yes,Bank Transfer,Store Pickup,Yes,Yes,39,Bank Transfer,Monthly,,2024-01-01 00:00:00,2053,
3047,60.0,Female,Shoes,Footwear,49,Pennsylvania,M,White,Spring,3.2,No,Bank Transfer,Store Pickup,No,No,25,Cash,Every 3 Months,,2024-01-01 00:00:00,2054,
2950,25.0,Female,Jewelry,Accessories,93,Iowa,M,Peach,Spring,3.8,No,Credit Card,Store Pickup,No,No,15,PayPal,Annually,,2024-01-01 00:00:00,2055,
940,25.0,Male,T-shirt,Clothing,89,New York,L,Indigo,Winter,4.8,Yes,Venmo,Next Day Air,Yes,Yes,24,Credit Card,Monthly,,2024-01-01 00:00:00,2056,
2537,51.0,Male,Belt,Accessories,39,Oklahoma,L,Gray,Spring,4.9,No,Bank Transfer,Express,No,No,45,PayPal,Every 3 Months,,2024-01-01 00:00:00,2057,
2758,39.0,Female,Hat,Accessories,98,Delaware,XL,Brown,Fall,,No,Cash,Next Day Air,No,No,11,Venmo,Monthly,,2024-01-01 00:00:00,2058,
2518,64.0,Male,Shirt,Clothing,38,Wyoming,L,Orange,Spring,2.9,No,Credit Card,Standard,No,No,10,Venmo,Annually,,2024-01-01 00:00:00,2059,
530,32.0,Male,Shorts,Clothing,84,California,M,Orange,Fall,3.7,Yes,Cash,Standard,Yes,Yes,6,Credit Card,Monthly,,2024-01-01 00:00:00,2060,
2461,58.0,male,Jeans,Clothing,36,Maine,S,Lavender,Winter,4.0,No,Venmo,Store Pickup,No,No,28,Credit Card,Annually,,2024-01-01 00:00:00,2061,
637,41.0,Male,Handbag,Accessories,30,Wisconsin,M,Indigo,Summer,2.8,Yes,Cash,Store Pickup,Yes,Yes,14,Bank Transfer,Every 3 Months,,2024-01-01 00:00:00,2062,
1270,43.0,Male,Jewelry,Accessories,53,Vermont,M,Lavender,Spring,3.0,No,PayPal,Standard,Yes,Yes,47,PayPal,Quarterly,,2024-01-01 00:00:00,2063,
186,46.0,male,T-shirt,Clothing,32,Wisconsin,XL,Silver,Summer,4.5,Yes,Bank Transfer,Store Pickup,Yes,Yes,34,Bank Transfer,Fortnightly,,2024-01-01 00:00:00,2064,
3502,53.0,Female,Shoes,Footwear,87,Nebraska,M,Silver,Fall,4.8,No,Bank Transfer,Standard,No,No,43,Bank Transfer,Weekly,,2024-01-01 00:00:00,2065,
2091,51.0,Male,Socks,Clothing,71,Massachusetts,S,Teal,Winter,3.4,No,Debit Card,Free Shipping,No,No,21,Debit Card,Monthly,,2024-01-01 00:00:00,2066,
3814,61.0,FEMALE,Pants,Clothing,89,Georgia,M,Orange,Summer,4.1,No,Credit Card,Express,No,No,31,Venmo,Bi-Weekly,,2024-01-01 00:00:00,2067,
1798,62.0,Male,Belt,Accessories,35,,L,Maroon,Spring,3.9,No,PayPal,2-Day Shipping,No,No,26,Venmo,Weekly,,2024-01-01 00:00:00,2068,
1442,34.0,Male,Pants,Clothing,25,Nebraska,S,Turquoise,Summer,3.4,No,Debit Card,Free Shipping,Yes,Yes,3,Venmo,Every 3 Months,,2024-01-01 00:00:00,2069,
1536,36.0,Male,Sandals,Footwear,74,West Virginia,S,Turquoise,Fall,4.0,No,PayPal,2-Day Shipping,Yes,Yes,8,Venmo,Monthly,,2024-01-01 00:00:00,2070,
1274,41.0,Male,Jeans,Clothing,29,Mississippi,L,Silver,Spring,4.1,No,Cash,Next Day Air,Yes,Yes,32,Credit Card,Every 3 Months,,2024-01-01 00:00:00,2071,
608,47.0,Male,Hoodie,Clothing,23,Indiana,L,Purple,Fall,,Yes,PayPal,Next Day Air,Yes,Yes,44,Cash,Monthly,,2024-01-01 00:00:00,2072,
1713,65.0,Male,T-shirt,Clothing,87,Illinois,S,Beige,Fall,3.8,No,Debit Card,2-Day Shipping,No,No,9,Cash,Fortnightly,,2024-01-01 00:00:00,2073,
565,67.0,Male,Hoodie,Clothing,58,Florida,M,Olive,Winter,3.4,Yes,Cash,Next Day Air,Yes,Yes,30,Bank Transfer,Weekly,,2024-01-01 00:00:00,2074,
2562,32.0,Male,Hoodie,Clothing,20,New York,L,Magenta,Spring,2.7,No,Credit Card,Free Shipping,No,No,22,Debit Card,Quarterly,,2024-01-01 00:00:00,2075,
2229,54.0,Male,Gloves,Accessories,50,Kansas,M,Green,Fall,3.7,No,Debit Card,Free Shipping,No,No,5,Credit Card,Weekly,,2024-01-01 00:00:00,2076,
3854,61.0,,Sunglasses,Accessories,76,Tennessee,M,Lavender,Fall,4.0,No,Bank Transfer,Store Pickup,No,No,49,Debit Card,Bi-Weekly,,2024-01-01 00:00:00,2077,
2072,69.0,Male,Jacket,Outerwear,100,South Carolina,S,Yellow,Fall,4.8,No,Debit Card,Store Pickup,No,No,37,PayPal,Quarterly,,2024-01-01 00:00:00,2078,
3363,50.0,Female,Handbag,Accessories,61,,M,Gray,Summer,,No,Credit Card,Next Day Air,No,No,48,Venmo,Fortnightly,,2024-01-01 00:00:00,2079,
1978,,Male,Sandals,Footwear,49,Florida,M,Teal,Summer,2.6,No,Debit Card,Free Shipping,No,No,32,Bank Transfer,Annually,,2024-01-01 00:00:00,2080,
159,25.0,Male,Shirt,Clothing,73,Connecticut,XL,Teal,Fall,4.1,Yes,Bank Transfer,Standard,Yes,Yes,50,Bank Transfer,Monthly,,2024-01-01 00:00:00,2081,
1749,34.0,Male,Skirt,Clothing,93,Montana,L,Teal,Winter,3.9,No,Bank Transfer,2-Day Shipping,No,No,41,Bank Transfer,Annually,,2024-01-01 00:00:00,2082,
2637,41.0,Male,Jacket,Outerwear,40,Utah,S,Magenta,Winter,4.2,No,PayPal,Store Pickup,No,No,6,Venmo,Annually,,2024-01-01 00:00:00,2083,
903,43.0,Male,Hat,Accessories,44,Kentucky,M,Beige,Summer,2.8,Yes,Debit Card,Next Day Air,Yes,Yes,5,Cash,Monthly,,2024-01-01 00:00:00,2084,
353,27.0,Male,Jeans,Clothing,71,Texas,XL,Yellow,Fall,4.9,Yes,Venmo,Next Day Air,Yes,Yes,12,Cash,Every 3 Months,,2024-01-01 00:00:00,2085,
1231,25.0,,Hat,Accessories,80,Illinois,L,Brown,Spring,4.6,No,Debit Card,Standard,Yes,Yes,49,Venmo,Monthly,,2024-01-01 00:00:00,2086,
3495,62.0,Female,Scarf,Accessories,38,Washington,M,Silver,Winter,3.5,No,Credit Card,Free Shipping,No,No,41,PayPal,Quarterly,,2024-01-01 00:00:00,2087,
445,48.0,Male,Dress,Clothing,20,California,M,Red,Summer,4.3,Yes,Debit Card,Store Pickup,,Yes,31,Debit Card,Annually,,2024-01-01 00:00:00,2088,
33,36.0,Male,Jacket,Outerwear,67,Kansas,M,Silver,Summer,4.9,Yes,Bank Transfer,,Yes,Yes,37,Venmo,Annually,,2024-01-01 00:00:00,2089,
755,36.0,Male,Gloves,Accessories,41,North Carolina,L,Pink,Spring,2.9,Yes,Cash,Store Pickup,Yes,Yes,3,Debit Card,Quarterly,,2024-01-01 00:00:00,2090,
1738,42.0,Male,Jewelry,Accessories,98,Ohio,L,Gray,Summer,4.2,No,Bank Transfer,Store Pickup,No,No,50,Venmo,Bi-Weekly,,2024-01-01 00:00:00,2091,
1654,31.0,Male,Belt,Accessories,93,Colorado,L,Silver,Winter,3.0,No,Venmo,2-Day Shipping,,Yes,29,Debit Card,Bi-Weekly,,2024-01-01 00:00:00,2092,
312,69.0,Male,Jeans,Clothing,52,Rhode Island,L,Silver,Winter,4.1,Yes,Debit Card,Store Pickup,Yes,Yes,19,Bank Transfer,Monthly,,2024-01-01 00:00:00,2093,
549,36.0,Male,Backpack,Accessories,64,Nebraska,M,Black,Winter,4.6,Yes,PayPal,Store Pickup,Yes,Yes,41,Debit Card,Every 3 Months,,2024-01-01 00:00:00,2094,
2660,35.0,Female,Boots,Footwear,35,Kansas,L,Gray,Summer,4.4,No,Bank Transfer,2-Day Shipping,No,No,46,Credit Card,Fortnightly,,2024-01-01 00:00:00,2095,
2898,43.0,FEMALE,Jacket,Outerwear,59,Montana,L,Violet,Fall,2.5,No,Credit Card,Free Shipping,No,No,2,Cash,Fortnightly,,2024-01-01 00:00:00,2096,
307,26.0,male,Jacket,Outerwear,49,North Dakota,S,White,Summer,3.6,Yes,Debit Card,Express,Yes,Yes,4,Cash,Annually,,2024-01-01 00:00:00,2097,
695,41.0,male,Dress,Clothing,21,Kentucky,S,Charcoal,Fall,3.5,Yes,Venmo,2-Day Shipping,Yes,Yes,38,Venmo,Every 3 Months,,2024-01-01 00:00:00,2098,
1928,40.0,Male,Pants,Clothing,29,Florida,M,Pink,Summer,2.9,No,Debit Card,Standard,No,No,8,Cash,Every 3 Months,,2024-01-01 00:00:00,2099,
3085,46.0,,Scarf,Accessories,37,Idaho,S,Indigo,Spring,3.2,No,Bank Transfer,Store Pickup,No,No,43,PayPal,Monthly,,2024-01-01 00:00:00,2100,
750,56.0,,Scarf,Accessories,71,Oklahoma,M,Olive,Winter,3.7,Yes,Bank Transfer,Standard,Yes,Yes,11,Debit Card,Quarterly,,2024-01-01 00:00:00,2101,
1267,20.0,Male,Blouse,Clothing,31,North Dakota,M,Peach,Fall,4.0,No,Cash,Standard,Yes,Yes,14,Debit Card,Every 3 Months,,2024-01-01 00:00:00,2102,
2165,42.0,Male,Sandals,Footwear,20,Iowa,S,Olive,Winter,,No,Venmo,Next Day Air,No,No,46,PayPal,Bi-Weekly,,2024-01-01 00:00:00,2103,
3564,43.0,FEMALE,Blouse,Clothing,90,Maine,M,Green,Summer,4.9,No,Credit Card,Standard,No,No,8,Credit Card,Every 3 Months,,2024-01-01 00:00:00,2104,
971,45.0,Male,Jeans,Clothing,66,California,S,Maroon,Winter,,Yes,PayPal,Free Shipping,Yes,Yes,4,Cash,Monthly,,2024-01-01 00:00:00,2105,
14,65.0,,Dress,Clothing,51,New Hampshire,M,Violet,Spring,4.7,Yes,Debit Card,Express,Yes,Yes,31,PayPal,Weekly,,2024-01-01 00:00:00,2106,
874,51.0,Male,Boots,Footwear,77,Mississippi,M,Pink,Summer,4.2,Yes,PayPal,Free Shipping,Yes,Yes,24,Venmo,Quarterly,,2024-01-01 00:00:00,2107,
809,46.0,Male,Shoes,Footwear,96,,L,Lavender,Fall,4.6,Yes,PayPal,Next Day Air,Yes,Yes,38,Cash,Every 3 Months,,2024-01-01 00:00:00,2108,
515,64.0,Male,Skirt,Clothing,62,Indiana,S,Olive,Winter,4.3,Yes,Debit Card,Standard,Yes,Yes,47,PayPal,Quarterly,,2024-01-01 00:00:00,2109,
3208,67.0,FEMALE,Socks,Clothing,29,Arizona,XL,Beige,Summer,2.7,No,Debit Card,Next Day Air,No,No,14,PayPal,Annually,,2024-01-01 00:00:00,2110,
410,35.0,Male,Shorts,Clothing,51,Minnesota,M,Brown,Winter,3.3,,Debit Card,2-Day Shipping,Yes,Yes,32,Bank Transfer,Monthly,,2024-01-01 00:00:00,2111,
2246,49.0,Male,Socks,Clothing,90,Delaware,L,Gray,Fall,4.9,No,Venmo,Free Shipping,No,No,45,PayPal,Fortnightly,,2024-01-01 00:00:00,2112,
3009,39.0,Female,Shoes,Footwear,86,New Mexico,M,Gold,Winter,4.9,No,Cash,Free Shipping,No,No,19,PayPal,Weekly,,2024-01-01 00:00:00,2113,
208,62.0,Male,Gloves,Accessories,91,Rhode Island,M,Silver,Summer,2.9,Yes,Venmo,,Yes,Yes,17,Bank Transfer,Bi-Weekly,,2024-01-01 00:00:00,2114,
2122,43.0,Male,Backpack,Accessories,68,Alaska,M,Olive,Winter,3.5,No,Credit Card,2-Day Shipping,,No,32,Bank Transfer,Monthly,,2024-01-01 00:00:00,2115,
459,47.0,male,Shorts,Clothing,91,Arkansas,L,Black,Winter,,Yes,Debit Card,2-Day Shipping,Yes,Yes,48,PayPal,Monthly,,2024-01-01 00:00:00,2116,
2290,70.0,Male,Shorts,Clothing,82,Nevada,M,Orange,Fall,,No,PayPal,Free Shipping,No,No,47,Venmo,Weekly,,2024-01-01 00:00:00,2117,
840,48.0,Male,Shirt,Clothing,31,Illinois,L,Teal,Spring,2.6,Yes,Cash,Free Shipping,Yes,Yes,10,Debit Card,Every 3 Months,,2024-01-01 00:00:00,2118,
2913,48.0,FEMALE,Shoes,Footwear,37,Oregon,M,Yellow,Winter,4.0,No,Cash,Standard,No,No,27,Cash,Bi-Weekly,,2024-01-01 00:00:00,2119,
2471,55.0,male,Blouse,Clothing,72,,XL,Pink,Fall,2.7,No,Cash,Next Day Air,,No,29,Credit Card,Fortnightly,,2024-01-01 00:00:00,2120,
2655,23.0,Female,Coat,Outerwear,70,Idaho,S,Pink,Fall,4.1,No,Debit Card,Next Day Air,No,No,4,PayPal,Annually,,2024-01-01 00:00:00,2121,
1884,25.0,Male,Backpack,Accessories,58,Georgia,M,Cyan,Spring,4.9,No,PayPal,Store Pickup,No,No,39,Debit Card,Fortnightly,,2024-01-01 00:00:00,2122,
1714,49.0,Male,Jacket,Outerwear,22,Missouri,M,Pink,Winter,4.6,No,Venmo,Free Shipping,No,No,37,PayPal,Quarterly,,2024-01-01 00:00:00,2123,
2603,65.0,Male,Coat,Outerwear,44,South Carolina,M,Black,Fall,2.9,No,Venmo,Free Shipping,No,No,1,Venmo,Quarterly,,2024-01-01 00:00:00,2124,
2241,57.0,Male,Sandals,Footwear,71,California,L,Green,Winter,4.3,No,Credit Card,Next Day Air,No,No,18,Debit Card,Every 3 Months,,2024-01-01 00:00:00,2125,
553,24.0,Male,T-shirt,Clothing,94,Missouri,M,Peach,Fall,3.5,Yes,Bank Transfer,Express,Yes,Yes,18,Bank Transfer,Weekly,,2024-01-01 00:00:00,2126,
3724,26.0,Female,Sandals,Footwear,30,Rhode Island,M,Beige,Spring,3.6,No,Venmo,Free Shipping,No,No,1,Debit Card,Monthly,,2024-01-01 00:00:00,2127,
3653,27.0,Female,Handbag,Accessories,29,Kentucky,S,Magenta,Fall,3.8,No,Venmo,Store Pickup,No,No,23,Debit Card,Monthly,,2024-01-01 00:00:00,2128,
1926,59.0,Male,Sneakers,Footwear,32,Utah,L,Black,Winter,2.9,No,Venmo,Express,No,No,44,Credit Card,Fortnightly,,2024-01-01 00:00:00,2129,
635,36.0,Male,Sneakers,Footwear,60,Ohio,M,Teal,Summer,3.9,Yes,Bank Transfer,Standard,Yes,Yes,46,PayPal,Weekly,,2024-01-01 00:00:00,2130,
3691,,Female,Blouse,Clothing,23,Kansas,S,Violet,Fall,3.7,No,Venmo,Store Pickup,,No,4,Bank Transfer,Bi-Weekly,,2024-01-01 00:00:00,2131,
317,36.0,male,Handbag,Accessories,22,California,M,Charcoal,Fall,3.3,Yes,Bank Transfer,Free Shipping,Yes,Yes,46,Venmo,Monthly,,2024-01-01 00:00:00,2132,
2820,67.0,Female,Shirt,Clothing,27,Georgia,L,Lavender,Spring,3.0,No,Credit Card,Free Shipping,No,No,19,Cash,Monthly,,2024-01-01 00:00:00,2133,
3539,56.0,Female,Shoes,Footwear,63,Iowa,S,White,Spring,4.5,,Venmo,Store Pickup,No,No,21,Venmo,Monthly,,2024-01-01 00:00:00,2134,
1329,37.0,Male,Sweater,Clothing,97,Rhode Island,M,Orange,Winter,,No,Debit Card,Standard,Yes,Yes,40,Bank Transfer,Weekly,,2024-01-01 00:00:00,2135,
428,58.0,Male,Backpack,Accessories,91,Illinois,L,Black,Winter,,Yes,Cash,,Yes,Yes,6,Credit Card,Quarterly,,2024-01-01 00:00:00,2136,
2226,38.0,Male,Belt,Accessories,64,Washington,S,Olive,Spring,4.8,No,Credit Card,Free Shipping,,No,18,Credit Card,Annually,,2024-01-01 00:00:00,2137,
106,69.0,Male,Backpack,Accessories,96,New York,M,Charcoal,Fall,,Yes,Bank Transfer,Next Day Air,Yes,Yes,4,Bank Transfer,Annually,,2024-01-01 00:00:00,2138,
143,37.0,Male,Jacket,Outerwear,58,Nebraska,L,Violet,Fall,3.1,Yes,PayPal,Free Shipping,Yes,Yes,33,Credit Card,Fortnightly,,2024-01-01 00:00:00,2139,
2196,58.0,Male,Jeans,Clothing,62,New York,M,Brown,Fall,3.7,,Credit Card,Next Day Air,No,No,2,Cash,Monthly,,2024-01-01 00:00:00,2140,
3155,27.0,FEMALE,Belt,Accessories,55,Connecticut,M,Gold,Winter,4.4,No,Venmo,Standard,No,No,32,Cash,Quarterly,,2024-01-01 00:00:00,2141,
2248,34.0,Male,Jewelry,Accessories,37,Florida,L,Teal,Summer,4.4,No,PayPal,Next Day Air,No,No,18,Venmo,Annually,,2024-01-01 00:00:00,2142,
1950,63.0,Male,Dress,Clothing,80,Nebraska,L,Gray,Winter,4.7,No,Venmo,Store Pickup,No,No,12,PayPal,Quarterly,,2024-01-01 00:00:00,2143,
3566,49.0,Female,Handbag,Accessories,52,Pennsylvania,S,Gray,Spring,4.2,No,Cash,Store Pickup,No,No,35,PayPal,Monthly,,2024-01-01 00:00:00,2144,
3740,38.0,Female,Sunglasses,Accessories,31,Idaho,M,Olive,Fall,4.2,No,Bank Transfer,Free Shipping,No,No,43,Credit Card,Weekly,,2024-01-01 00:00:00,2145,
2308,28.0,Male,Skirt,Clothing,96,Missouri,L,Green,Fall,3.5,,Bank Transfer,Next Day Air,No,No,30,Debit Card,Annually,,2024-01-01 00:00:00,2146,
2438,43.0,Male,Sneakers,Footwear,59,Wyoming,XL,Magenta,Winter,3.4,No,Credit Card,Store Pickup,No,No,34,Credit Card,Weekly,,2024-01-01 00:00:00,2147,
1952,33.0,Male,Gloves,Accessories,53,Connecticut,L,Gold,Summer,2.7,No,Bank Transfer,Next Day Air,No,No,32,Bank Transfer,Bi-Weekly,,2024-01-01 00:00:00,2148,
2990,46.0,Female,Belt,Accessories,20,Rhode Island,XL,Teal,Summer,4.3,No,Cash,2-Day Shipping,No,No,6,Credit Card,Weekly,,2024-01-01 00:00:00,2149,
3134,58.0,Female,T-shirt,Clothing,68,Arkansas,M,Orange,Spring,4.1,No,Credit Card,Next Day Air,No,No,29,Cash,Bi-Weekly,,2024-01-01 00:00:00,2150,
2298,60.0,Male,Socks,Clothing,83,California,M,Orange,Summer,,No,PayPal,Standard,No,No,1,Bank Transfer,Quarterly,,2024-01-01 00:00:00,2151,
1110,66.0,Male,Hoodie,Clothing,97,Oklahoma,L,Violet,Winter,4.9,No,Debit Card,Next Day Air,Yes,Yes,2,Venmo,Weekly,,2024-01-01 00:00:00,2152,
2368,66.0,male,Socks,Clothing,85,North Dakota,L,Green,Winter,,No,Bank Transfer,Standard,No,No,28,Bank Transfer,Bi-Weekly,,2024-01-01 00:00:00,2153,
592,47.0,Male,Backpack,Accessories,37,Kentucky,L,Olive,Fall,4.2,Yes,Credit Card,Store Pickup,Yes,Yes,6,Debit Card,Bi-Weekly,,2024-01-01 00:00:00,2154,
3726,18.0,Female,Dress,Clothing,100,Oklahoma,S,Turquoise,Winter,,No,Bank Transfer,Next Day Air,No,No,2,PayPal,Annually,,2024-01-01 00:00:00,2155,
1577,56.0,Male,Dress,Clothing,75,Michigan,M,White,Spring,3.7,No,PayPal,2-Day Shipping,Yes,Yes,36,PayPal,Monthly,,2024-01-01 00:00:00,2156,
2601,21.0,Male,Belt,Accessories,83,New York,M,Gray,Fall,3.9,No,Debit Card,Express,No,No,6,Bank Transfer,Bi-Weekly,,2024-01-01 00:00:00,2157,
214,30.0,,Handbag,Accessories,93,,L,Peach,Fall,4.4,Yes,Cash,Store Pickup,Yes,Yes,11,Debit Card,Every 3 Months,,2024-01-01 00:00:00,2158,
779,29.0,Male,Socks,Clothing,50,,M,Yellow,Summer,2.9,Yes,Cash,Store Pickup,Yes,Yes,23,Debit Card,Annually,,2024-01-01 00:00:00,2159,
2859,34.0,FEMALE,Jeans,Clothing,87,Maryland,L,Teal,Summer,3.8,No,Cash,2-Day Shipping,No,No,46,Bank Transfer,Monthly,,2024-01-01 00:00:00,2160,
2478,25.0,male,Gloves,Accessories,40,California,L,Turquoise,Spring,3.8,No,Debit Card,2-Day Shipping,No,No,29,PayPal,Weekly,,2024-01-01 00:00:00,2161,
2044,47.0,Male,Gloves,Accessories,33,New York,M,Charcoal,Summer,2.7,No,PayPal,Standard,No,No,49,PayPal,Weekly,,2024-01-01 00:00:00,2162,
3784,39.0,Female,Gloves,Accessories,66,Maine,XL,Orange,Summer,3.2,No,Cash,Free Shipping,No,No,17,Debit Card,Fortnightly,,2024-01-01 00:00:00,2163,
2311,30.0,Male,Gloves,Accessories,68,Virginia,M,Cyan,Spring,4.6,No,Credit Card,Standard,,No,15,PayPal,Monthly,,2024-01-01 00:00:00,2164,
2514,69.0,Male,Handbag,Accessories,53,Washington,L,Teal,Winter,3.5,No,Debit Card,2-Day Shipping,No,No,42,Cash,Annually,,2024-01-01 00:00:00,2165,
1568,30.0,Male,Backpack,Accessories,33,Minnesota,M,Turquoise,Spring,4.1,No,Venmo,Standard,,Yes,9,Cash,Monthly,,2024-01-01 00:00:00,2166,
3064,26.0,Female,Sunglasses,Accessories,43,Connecticut,L,Brown,Winter,,No,Debit Card,Store Pickup,No,No,24,Credit Card,Fortnightly,,2024-01-01 00:00:00,2167,
3559,68.0,Female,Backpack,Accessories,94,Alaska,L,Magenta,Summer,4.8,No,Credit Card,Standard,No,No,9,Venmo,Quarterly,,2024-01-01 00:00:00,2168,
3059,41.0,Female,Handbag,Accessories,74,West Virginia,S,Orange,Winter,3.8,No,Venmo,Store Pickup,No,No,3,Bank Transfer,Fortnightly,,2024-01-01 00:00:00,2169,
3624,39.0,Female,Jewelry,Accessories,89,Arkansas,M,Violet,Winter,2.7,No,Venmo,2-Day Shipping,,No,4,PayPal,Weekly,,2024-01-01 00:00:00,2170,
1344,68.0,Male,Sneakers,Footwear,56,Florida,M,Indigo,Spring,3.4,No,Venmo,Standard,Yes,Yes,34,Bank Transfer,Monthly,,2024-01-01 00:00:00,2171,
2014,39.0,Male,Backpack,Accessories,70,Virginia,M,Peach,Winter,4.9,No,PayPal,Standard,No,No,25,Debit Card,Quarterly,,2024-01-01 00:00:00,2172,
274,69.0,Male,Coat,Outerwear,33,North Dakota,S,Silver,Spring,4.2,Yes,Cash,Express,Yes,Yes,32,Debit Card,Quarterly,,2024-01-01 00:00:00,2173,
72,36.0,,Dress,Clothing,48,Virginia,L,Gold,Summer,2.9,Yes,Debit Card,,Yes,Yes,34,Bank Transfer,Annually,,2024-01-01 00:00:00,2174,
1088,45.0,Male,Jeans,Clothing,71,West Virginia,S,White,Winter,3.4,No,PayPal,Next Day Air,Yes,Yes,7,Bank Transfer,Monthly,,2024-01-01 00:00:00,2175,
395,43.0,Male,Scarf,Accessories,29,,M,Beige,Spring,4.8,Yes,PayPal,Store Pickup,Yes,Yes,7,Debit Card,Bi-Weekly,,2024-01-01 00:00:00,2176,
584,25.0,Male,Shorts,Clothing,78,,L,Yellow,Spring,4.0,Yes,PayPal,Store Pickup,Yes,Yes,38,PayPal,Monthly,,2024-01-01 00:00:00,2177,
3883,35.0,Female,Pants,Clothing,95,North Dakota,L,Blue,Fall,2.6,No,Credit Card,Free Shipping,,No,24,Cash,Fortnightly,,2024-01-01 00:00:00,2178,
2688,61.0,Female,Dress,Clothing,75,Delaware,M,White,Fall,3.6,No,Cash,2-Day Shipping,No,No,12,Debit Card,Bi-Weekly,,2024-01-01 00:00:00,2179,
3283,24.0,Female,T-shirt,Clothing,94,California,M,Red,Fall,4.8,No,Bank Transfer,Next Day Air,No,No,5,Credit Card,Monthly,,2024-01-01 00:00:00,2180,
3664,65.0,Female,Backpack,Accessories,59,Florida,M,Green,Summer,4.4,No,Cash,Express,No,No,49,Credit Card,Weekly,,2024-01-01 00:00:00,2181,
2625,,Male,Dress,Clothing,59,South Dakota,M,Indigo,Summer,,No,Debit Card,Standard,No,No,19,Credit Card,Annually,,2024-01-01 00:00:00,2182,
2331,60.0,Male,Backpack,Accessories,63,Arizona,L,Orange,Summer,2.9,No,Venmo,Store Pickup,No,No,47,PayPal,Every 3 Months,,2024-01-01 00:00:00,2183,
1764,37.0,Male,Jewelry,Accessories,93,Vermont,M,Lavender,Winter,3.9,No,Venmo,Store Pickup,No,No,28,PayPal,Annually,,2024-01-01 00:00:00,2184,
3024,50.0,Female,Backpack,Accessories,31,Indiana,M,Brown,Summer,2.9,No,PayPal,Express,No,No,4,PayPal,Quarterly,,2024-01-01 00:00:00,2185,
1260,68.0,Male,Skirt,Clothing,64,Minnesota,M,Turquoise,Fall,3.9,No,Bank Transfer,Standard,Yes,Yes,45,Credit Card,Monthly,,2024-01-01 00:00:00,2186,
527,51.0,Male,Pants,Clothing,52,New Jersey,S,Red,Winter,4.9,Yes,Cash,Standard,Yes,Yes,19,Cash,Monthly,,2024-01-01 00:00:00,2187,
378,63.0,Male,Scarf,Accessories,32,Maine,M,Silver,Spring,4.1,Yes,Debit Card,Standard,Yes,Yes,39,Credit Card,Every 3 Months,,2024-01-01 00:00:00,2188,
1560,43.0,Male,Scarf,Accessories,94,Oregon,L,Beige,Fall,4.5,No,Venmo,Store Pickup,Yes,Yes,23,PayPal,Fortnightly,,2024-01-01 00:00:00,2189,
2520,40.0,,Jacket,Outerwear,90,Michigan,L,Magenta,Spring,4.9,No,Credit Card,Standard,No,No,21,Credit Card,Quarterly,,2024-01-01 00:00:00,2190,
1964,52.0,Male,Shorts,Clothing,30,Michigan,L,Pink,Spring,3.9,No,Bank Transfer,Standard,No,No,11,Credit Card,Weekly,,2024-01-01 00:00:00,2191,
3584,52.0,Female,Blouse,Clothing,77,Arizona,L,Brown,Summer,,No,Debit Card,Store Pickup,No,No,44,Credit Card,Every 3 Months,,2024-01-01 00:00:00,2192,
349,56.0,male,Blouse,Clothing,59,South Carolina,M,Beige,Fall,2.7,Yes,Bank Transfer,Free Shipping,Yes,Yes,17,PayPal,Fortnightly,,2024-01-01 00:00:00,2193,
2759,32.0,Female,Blouse,Clothing,98,Illinois,M,Purple,Summer,3.2,No,Debit Card,Standard,No,No,8,Bank Transfer,Bi-Weekly,,2024-01-01 00:00:00,2194,
1710,45.0,male,Skirt,Clothing,83,,M,Pink,Winter,3.8,No,Venmo,Standard,No,No,19,Bank Transfer,Annually,,2024-01-01 00:00:00,2195,
1051,48.0,Male,Sneakers,Footwear,64,Florida,M,Beige,Winter,3.8,Yes,Credit Card,Next Day Air,Yes,Yes,19,Venmo,Monthly,,2024-01-01 00:00:00,2196,
591,64.0,Male,Belt,Accessories,39,Alaska,S,Turquoise,Fall,4.6,Yes,Credit Card,Standard,Yes,Yes,30,Venmo,Fortnightly,,2024-01-01 00:00:00,2197,
520,19.0,Male,Belt,Accessories,54,Minnesota,L,Blue,Summer,4.4,Yes,Cash,2-Day Shipping,Yes,Yes,17,Bank Transfer,Quarterly,,2024-01-01 00:00:00,2198,
3234,45.0,Female,Belt,Accessories,74,Indiana,M,Lavender,Fall,3.8,No,Credit Card,Express,No,No,11,Debit Card,Bi-Weekly,,2024-01-01 00:00:00,2199,
2777,46.0,Female,Scarf,Accessories,62,Wyoming,L,Green,Fall,2.9,,Debit Card,Free Shipping,No,No,6,Bank Transfer,Annually,,2024-01-01 00:00:00,2200,
1084,35.0,Male,Backpack,Accessories,97,Washington,L,Teal,Summer,3.3,No,Credit Card,Store Pickup,Yes,Yes,43,Cash,Weekly,,2024-01-01 00:00:00,2201,
2045,49.0,Male,Jeans,Clothing,68,Missouri,L,Orange,Spring,3.0,No,Cash,Free Shipping,No,No,17,PayPal,Fortnightly,,2024-01-01 00:00:00,2202,
870,,Male,Hat,Accessories,54,New Hampshire,M,Silver,Spring,2.7,,PayPal,2-Day Shipping,Yes,Yes,33,PayPal,Weekly,,2024-01-01 00:00:00,2203,
1810,58.0,male,Backpack,Accessories,99,Alaska,S,Blue,Fall,3.4,No,Credit Card,Free Shipping,No,No,6,Debit Card,Fortnightly,,2024-01-01 00:00:00,2204,
3895,66.0,Female,Skirt,Clothing,78,Connecticut,L,White,Spring,3.9,No,Cash,2-Day Shipping,No,No,44,Credit Card,Every 3 Months,,2024-01-01 00:00:00,2205,
793,34.0,Male,Sneakers,Footwear,45,New Jersey,M,Violet,Spring,4.2,Yes,Venmo,Next Day Air,Yes,Yes,45,Venmo,Weekly,,2024-01-01 00:00:00,2206,
2804,46.0,Female,T-shirt,Clothing,44,Idaho,M,Violet,Winter,3.3,No,Credit Card,Free Shipping,No,No,31,Bank Transfer,Monthly,,2024-01-01 00:00:00,2207,
1981,51.0,Male,Sandals,Footwear,94,Iowa,M,Green,Winter,4.4,No,Venmo,Store Pickup,No,No,25,PayPal,Fortnightly,,2024-01-01 00:00:00,2208,
3884,34.0,Female,Hat,Accessories,38,North Dakota,XL,Purple,Fall,4.0,No,Bank Transfer,Next Day Air,No,No,22,Cash,Fortnightly,,2024-01-01 00:00:00,2209,
2233,65.0,Male,Shoes,Footwear,64,North Carolina,L,Lavender,Spring,4.0,No,Bank Transfer,,No,No,14,Cash,Fortnightly,,2024-01-01 00:00:00,2210,
1531,59.0,Male,Coat,Outerwear,21,New Mexico,M,Teal,Spring,3.9,No,Venmo,Next Day Air,Yes,Yes,22,Bank Transfer,Quarterly,,2024-01-01 00:00:00,2211,
1411,,Male,Hat,Accessories,93,Tennessee,M,Purple,Summer,4.0,No,Venmo,Store Pickup,Yes,Yes,18,Debit Card,Annually,,2024-01-01 00:00:00,2212,
2929,40.0,Female,Jewelry,Accessories,80,Alabama,L,Yellow,Spring,3.6,No,Venmo,Store Pickup,No,No,17,Credit Card,Weekly,,2024-01-01 00:00:00,2213,
3178,55.0,Female,Belt,Accessories,52,Missouri,L,Beige,Fall,3.2,No,Credit Card,Standard,No,No,31,Credit Card,Monthly,,2024-01-01 00:00:00,2214,
84,36.0,,Dress,Clothing,40,Texas,M,Turquoise,Summer,4.1,Yes,Debit Card,Standard,Yes,Yes,34,Bank Transfer,Weekly,,2024-01-01 00:00:00,2215,
3151,55.0,Female,Blouse,Clothing,25,Georgia,M,Peach,Spring,2.6,No,Venmo,Express,No,No,7,Bank Transfer,Bi-Weekly,,2024-01-01 00:00:00,2216,
21,21.0,male,Pants,Clothing,51,Louisiana,M,Black,Winter,2.8,Yes,Credit Card,Express,Yes,Yes,50,Cash,Every 3 Months,,2024-01-01 00:00:00,2217,
2257,31.0,Male,Blouse,Clothing,22,California,M,Turquoise,Fall,5.0,No,Debit Card,,No,No,33,Credit Card,Quarterly,,2024-01-01 00:00:00,2218,
1563,37.0,Male,Scarf,Accessories,75,Alabama,M,Purple,Winter,3.2,No,Credit Card,Next Day Air,Yes,Yes,23,Venmo,Bi-Weekly,,2024-01-01 00:00:00,2219,
974,60.0,Male,Jacket,Outerwear,75,Colorado,M,Teal,Fall,3.5,Yes,Venmo,2-Day Shipping,Yes,Yes,30,Bank Transfer,Quarterly,,2024-01-01 00:00:00,2220,
1711,19.0,,Pants,Clothing,59,Arkansas,XL,Orange,Fall,3.8,No,Debit Card,Store Pickup,No,No,7,Credit Card,Quarterly,,2024-01-01 00:00:00,2221,
150,38.0,Male,Pants,Clothing,76,Delaware,M,White,Summer,3.2,Yes,Venmo,Free Shipping,,Yes,14,PayPal,Monthly,,2024-01-01 00:00:00,2222,
1099,49.0,Male,Handbag,Accessories,98,Idaho,S,Turquoise,Spring,3.6,No,PayPal,Next Day Air,Yes,Yes,27,Credit Card,Weekly,,2024-01-01 00:00:00,2223,
2754,,Female,Gloves,Accessories,59,Rhode Island,M,Beige,Spring,3.6,No,Bank Transfer,Next Day Air,No,No,48,PayPal,Quarterly,,2024-01-01 00:00:00,2224,
887,19.0,Male,Shorts,Clothing,54,Utah,S,Brown,Summer,3.6,Yes,PayPal,Express,Yes,Yes,48,Bank Transfer,Monthly,,2024-01-01 00:00:00,2225,
2429,65.0,Male,T-shirt,Clothing,38,Idaho,M,Violet,Spring,4.4,No,PayPal,Next Day Air,No,No,34,Debit Card,Annually,,2024-01-01 00:00:00,2226,
3864,40.0,Female,Scarf,Accessories,35,New Hampshire,M,Orange,Summer,3.3,No,Venmo,Free Shipping,No,No,28,Cash,Fortnightly,,2024-01-01 00:00:00,2227,
3378,37.0,Female,Shirt,Clothing,32,Kentucky,M,Yellow,Winter,4.6,No,Bank Transfer,Next Day Air,No,No,18,PayPal,Fortnightly,,2024-01-01 00:00:00,2228,
738,47.0,Male,Sunglasses,Accessories,24,Nebraska,M,Teal,Spring,3.6,Yes,PayPal,Store Pickup,Yes,Yes,28,PayPal,Annually,,2024-01-01 00:00:00,2229,
1454,36.0,Male,Boots,Footwear,93,Virginia,S,Teal,Winter,3.2,No,PayPal,2-Day Shipping,Yes,Yes,41,Bank Transfer,Fortnightly,,2024-01-01 00:00:00,2230,
2607,,Male,Shoes,Footwear,98,Nevada,L,Turquoise,Spring,4.7,No,Bank Transfer,Standard,No,No,46,Bank Transfer,Bi-Weekly,,2024-01-01 00:00:00,2231,
3541,24.0,Female,Shorts,Clothing,95,Nevada,M,Magenta,Spring,4.6,No,Bank Transfer,Free Shipping,No,No,5,Bank Transfer,Weekly,,2024-01-01 00:00:00,2232,
2127,63.0,Male,Shoes,Footwear,38,Alabama,XL,Magenta,Winter,4.1,No,PayPal,Express,No,No,28,Credit Card,Monthly,,2024-01-01 00:00:00,2233,
907,41.0,Male,Pants,Clothing,56,South Carolina,M,Red,Spring,4.2,Yes,Debit Card,Standard,Yes,Yes,21,Debit Card,Bi-Weekly,,2024-01-01 00:00:00,2234,
2412,49.0,Male,Hoodie,Clothing,96,Virginia,M,Cyan,Summer,2.7,No,Debit Card,Free Shipping,No,No,35,Cash,Every 3 Months,,2024-01-01 00:00:00,2235,
2859,34.0,Female,Jeans,Clothing,87,Maryland,L,Teal,Summer,,No,Cash,2-Day Shipping,No,No,46,Bank Transfer,Monthly,,2024-01-01 00:00:00,2236,
948,57.0,Male,Blouse,Clothing,32,Indiana,M,Charcoal,Winter,3.9,Yes,Cash,Store Pickup,Yes,Yes,6,Cash,Every 3 Months,,2024-01-01 00:00:00,2237,
2511,40.0,male,Jacket,Outerwear,42,South Dakota,L,Purple,Winter,4.4,No,Cash,Standard,No,No,48,Credit Card,Weekly,,2024-01-01 00:00:00,2238,
2674,67.0,Female,Hoodie,Clothing,21,Nevada,M,Olive,Summer,2.6,No,Cash,2-Day Shipping,No,No,4,Cash,Monthly,,2024-01-01 00:00:00,2239,
716,33.0,Male,Jeans,Clothing,63,,L,Green,Spring,2.6,Yes,Venmo,Express,Yes,Yes,37,Debit Card,Quarterly,,2024-01-01 00:00:00,2240,
2663,,Female,Skirt,Clothing,98,Nebraska,M,Cyan,Summer,2.8,No,PayPal,2-Day Shipping,No,No,44,PayPal,Fortnightly,,2024-01-01 00:00:00,2241,
687,70.0,Male,Sweater,Clothing,35,Indiana,L,Beige,Fall,3.0,Yes,PayPal,2-Day Shipping,Yes,Yes,33,Venmo,Fortnightly,,2024-01-01 00:00:00,2242,
3499,47.0,FEMALE,Sandals,Footwear,35,Kentucky,M,Lavender,Summer,3.8,No,PayPal,Standard,,No,2,Bank Transfer,Bi-Weekly,,2024-01-01 00:00:00,2243,
2955,33.0,Female,T-shirt,Clothing,28,South Dakota,M,Indigo,Winter,3.9,No,PayPal,Express,No,No,15,Credit Card,Annually,,2024-01-01 00:00:00,2244,
326,70.0,Male,Pants,Clothing,70,Vermont,M,Charcoal,Winter,4.3,Yes,Debit Card,Free Shipping,Yes,Yes,38,Debit Card,Annually,,2024-01-01 00:00:00,2245,
886,41.0,male,Dress,Clothing,99,,L,Purple,Fall,4.4,Yes,Credit Card,Free Shipping,Yes,Yes,49,Debit Card,Every 3 Months,,2024-01-01 00:00:00,2246,
918,69.0,Male,Sweater,Clothing,64,Missouri,M,Maroon,Spring,3.7,Yes,Debit Card,Standard,Yes,Yes,11,Bank Transfer,Quarterly,,2024-01-01 00:00:00,2247,
2475,23.0,Male,T-shirt,Clothing,76,North Carolina,M,Olive,Fall,3.2,No,Cash,Store Pickup,No,No,19,Bank Transfer,Quarterly,,2024-01-01 00:00:00,2248,
3324,54.0,Female,Handbag,Accessories,78,North Dakota,M,Yellow,Winter,3.8,No,Venmo,Free Shipping,No,No,4,Credit Card,Monthly,,2024-01-01 00:00:00,2249,
3816,32.0,Female,Hat,Accessories,44,Maine,M,Brown,Fall,4.3,No,Venmo,Express,No,No,12,Venmo,Fortnightly,,2024-01-01 00:00:00,2250,
1266,32.0,Male,Shirt,Clothing,79,Louisiana,M,Lavender,Spring,2.7,No,Bank Transfer,Next Day Air,Yes,Yes,27,Bank Transfer,Weekly,,2024-01-01 00:00:00,2251,
484,23.0,Male,Hoodie,Clothing,73,Oklahoma,M,White,Fall,3.9,Yes,Venmo,Store Pickup,Yes,Yes,12,Debit Card,Weekly,,2024-01-01 00:00:00,2252,
3706,28.0,Female,Skirt,Clothing,65,Colorado,L,Teal,Summer,3.2,No,PayPal,Free Shipping,No,No,2,Debit Card,Annually,,2024-01-01 00:00:00,2253,
3470,36.0,Female,Socks,Clothing,85,North Dakota,L,Magenta,Fall,3.3,No,Bank Transfer,Store Pickup,No,No,12,Cash,Annually,,2024-01-01 00:00:00,2254,
278,29.0,Male,Shirt,Clothing,29,Georgia,M,Green,Winter,,,Credit Card,Store Pickup,Yes,Yes,36,Bank Transfer,Bi-Weekly,,2024-01-01 00:00:00,2255,
989,50.0,Male,Pants,Clothing,84,Ohio,M,Orange,Winter,4.9,Yes,Venmo,2-Day Shipping,Yes,Yes,47,PayPal,Fortnightly,,2024-01-01 00:00:00,2256,
2085,32.0,,Blouse,Clothing,94,Vermont,S,Brown,Summer,4.0,No,Bank Transfer,Standard,No,No,43,Bank Transfer,Quarterly,,2024-01-01 00:00:00,2257,
1246,42.0,Male,Dress,Clothing,31,New York,M,Violet,Fall,3.4,No,Bank Transfer,Standard,Yes,Yes,30,Bank Transfer,Weekly,,2024-01-01 00:00:00,2258,
572,54.0,Male,Jacket,Outerwear,76,Kentucky,XL,Cyan,Spring,3.6,Yes,Venmo,Free Shipping,Yes,Yes,37,Venmo,Weekly,,2024-01-01 00:00:00,2259,
1436,45.0,male,Scarf,Accessories,95,Oregon,XL,Black,Fall,4.0,No,Debit Card,Standard,,Yes,41,Cash,Weekly,,2024-01-01 00:00:00,2260,
994,51.0,male,Sandals,Footwear,-1,Iowa,M,Peach,Winter,4.4,Yes,Cash,Store Pickup,Yes,Yes,25,Cash,Weekly,,2024-01-01 00:00:00,2261,
2277,31.0,Male,Jeans,Clothing,82,Wyoming,L,Red,Summer,4.1,No,Bank Transfer,2-Day Shipping,No,No,25,Debit Card,Weekly,,2024-01-01 00:00:00,2262,
2273,29.0,Male,Jacket,Outerwear,38,Maine,L,Charcoal,Spring,4.0,No,Venmo,Standard,No,No,44,PayPal,Monthly,,2024-01-01 00:00:00,2263,
586,69.0,Male,Socks,Clothing,23,South Carolina,M,Gray,Fall,2.8,Yes,Credit Card,Next Day Air,Yes,Yes,5,Cash,Every 3 Months,,2024-01-01 00:00:00,2264,
1350,21.0,Male,Socks,Clothing,36,South Carolina,XL,Black,Spring,3.2,No,Bank Transfer,Next Day Air,Yes,Yes,23,Cash,Bi-Weekly,,2024-01-01 00:00:00,2265,
1008,58.0,Male,Gloves,Accessories,62,,XL,Turquoise,Spring,4.8,Yes,Venmo,Standard,Yes,Yes,2,Credit Card,Annually,,2024-01-01 00:00:00,2266,
675,48.0,Male,Jewelry,Accessories,33,Washington,XL,Beige,Winter,4.7,Yes,Venmo,Store Pickup,Yes,Yes,36,Bank Transfer,Annually,,2024-01-01 00:00:00,2267,
448,60.0,Male,Shorts,Clothing,82,Washington,S,Turquoise,Spring,3.6,Yes,Venmo,Standard,Yes,Yes,7,Bank Transfer,Every 3 Months,,2024-01-01 00:00:00,2268,
2291,37.0,Male,Boots,Footwear,48,Kansas,L,Magenta,Winter,3.3,No,Venmo,Standard,No,No,23,PayPal,Quarterly,,2024-01-01 00:00:00,2269,
3008,23.0,Female,Sunglasses,Accessories,60,,L,Lavender,Winter,3.0,No,Debit Card,Next Day Air,No,No,31,Venmo,Weekly,,2024-01-01 00:00:00,2270,
2065,31.0,Male,Shoes,Footwear,99,Arkansas,M,Green,Summer,4.0,No,Bank Transfer,2-Day Shipping,No,No,5,Bank Transfer,Monthly,,2024-01-01 00:00:00,2271,
1865,19.0,Male,Backpack,Accessories,72,Wyoming,S,Cyan,Fall,3.2,No,Bank Transfer,2-Day Shipping,No,No,21,Venmo,Quarterly,,2024-01-01 00:00:00,2272,
2513,50.0,Male,Socks,Clothing,63,North Dakota,M,Green,Summer,4.9,No,Credit Card,Free Shipping,No,No,20,Credit Card,Monthly,,2024-01-01 00:00:00,2273,
1691,40.0,Male,Coat,Outerwear,30,Nevada,M,Black,Summer,3.2,No,Cash,Free Shipping,No,No,1,Cash,Annually,,2024-01-01 00:00:00,2274,
3822,20.0,Female,Sneakers,Footwear,48,Oregon,M,Gold,Summer,4.6,No,PayPal,Free Shipping,No,No,34,Credit Card,Every 3 Months,,2024-01-01 00:00:00,2275,
1248,65.0,Male,T-shirt,Clothing,99,Virginia,M,Charcoal,Spring,3.5,No,Bank Transfer,Express,Yes,Yes,18,Venmo,Bi-Weekly,,2024-01-01 00:00:00,2276,
1986,23.0,Male,Gloves,Accessories,97,Tennessee,M,Gold,Spring,3.9,No,Cash,2-Day Shipping,No,No,6,Credit Card,Fortnightly,,2024-01-01 00:00:00,2277,
295,70.0,Male,Skirt,Clothing,20,New Jersey,M,Gold,Spring,4.6,Yes,Cash,Store Pickup,Yes,Yes,19,Credit Card,Every 3 Months,,2024-01-01 00:00:00,2278,
1548,46.0,Male,Hat,Accessories,46,South Carolina,L,Teal,Summer,3.5,No,PayPal,Standard,Yes,Yes,40,Cash,Quarterly,,2024-01-01 00:00:00,2279,
2013,48.0,Male,Jeans,Clothing,53,Nevada,L,Green,Fall,3.2,No,Bank Transfer,Store Pickup,No,No,5,Cash,Fortnightly,,2024-01-01 00:00:00,2280,
589,47.0,Male,Boots,Footwear,60,South Dakota,M,Violet,Fall,3.0,Yes,Debit Card,Standard,Yes,Yes,9,Debit Card,Quarterly,,2024-01-01 00:00:00,2281,
2130,40.0,Male,Skirt,Clothing,57,Minnesota,L,Orange,Fall,2.8,No,Credit Card,Store Pickup,No,No,12,PayPal,Every 3 Months,,2024-01-01 00:00:00,2282,
3076,,FEMALE,Shorts,Clothing,90,Utah,XL,Beige,Winter,3.6,No,Credit Card,Standard,No,No,21,PayPal,Every 3 Months,,2024-01-01 00:00:00,2283,
426,40.0,male,Jeans,Clothing,87,North Dakota,S,Teal,Winter,3.3,Yes,Debit Card,Store Pickup,Yes,Yes,4,Credit Card,Quarterly,,2024-01-01 00:00:00,2284,
1055,18.0,Male,Shorts,Clothing,96,Arkansas,L,Cyan,Winter,4.9,No,Debit Card,Express,,Yes,48,PayPal,Quarterly,,2024-01-01 00:00:00,2285,
3336,44.0,FEMALE,Hat,Accessories,94,Texas,XL,Cyan,Winter,3.5,No,Credit Card,Express,No,No,48,Bank Transfer,Quarterly,,2024-01-01 00:00:00,2286,
557,40.0,Male,Coat,Outerwear,90,Montana,L,Indigo,Winter,5.0,Yes,Credit Card,Store Pickup,Yes,Yes,21,Cash,Fortnightly,,2024-01-01 00:00:00,2287,
3031,43.0,Female,Sneakers,Footwear,24,Maryland,XL,Purple,Spring,2.6,No,PayPal,2-Day Shipping,No,No,23,Credit Card,Weekly,,2024-01-01 00:00:00,2288,
2589,44.0,,Backpack,Accessories,49,Delaware,M,Peach,Summer,3.2,No,Venmo,Free Shipping,No,No,38,Venmo,Bi-Weekly,,2024-01-01 00:00:00,2289,
3011,70.0,Female,Belt,Accessories,45,Ohio,M,Violet,Winter,3.3,No,Bank Transfer,Free Shipping,No,No,15,Credit Card,Annually,,2024-01-01 00:00:00,2290,
3554,62.0,Female,Shoes,Footwear,99,Minnesota,M,Charcoal,Spring,4.9,No,Cash,Free Shipping,,No,32,Bank Transfer,Weekly,,2024-01-01 00:00:00,2291,
2895,35.0,Female,Jewelry,Accessories,32,Kentucky,S,Brown,Spring,3.5,No,Cash,,No,No,41,Venmo,Annually,,2024-01-01 00:00:00,2292,
1194,40.0,Male,Jacket,Outerwear,55,Alaska,L,Pink,Fall,5.0,No,Venmo,2-Day Shipping,Yes,Yes,18,Credit Card,Fortnightly,,2024-01-01 00:00:00,2293,
1717,,Male,Blouse,Clothing,47,,M,Cyan,Winter,4.7,No,Venmo,Standard,No,No,30,Cash,Every 3 Months,,2024-01-01 00:00:00,2294,
2717,,FEMALE,Shoes,Footwear,40,Colorado,L,Black,Spring,2.7,No,Debit Card,Store Pickup,No,No,21,Debit Card,Weekly,,2024-01-01 00:00:00,2295,
3620,44.0,FEMALE,Scarf,Accessories,75,North Carolina,S,Magenta,Winter,4.9,No,Cash,2-Day Shipping,No,No,50,Venmo,Weekly,,2024-01-01 00:00:00,2296,
3578,,Female,Belt,Accessories,35,Missouri,S,Yellow,Winter,2.6,No,PayPal,Standard,No,No,13,Bank Transfer,Weekly,,2024-01-01 00:00:00,2297,
3289,67.0,Female,Handbag,Accessories,61,South Carolina,XL,White,Spring,4.9,No,Debit Card,Next Day Air,No,No,19,Credit Card,Bi-Weekly,,2024-01-01 00:00:00,2298,
1286,64.0,Male,Gloves,Accessories,99,North Carolina,M,Charcoal,Fall,3.5,No,Venmo,Next Day Air,Yes,Yes,45,Bank Transfer,Fortnightly,,2024-01-01 00:00:00,2299,
2504,69.0,Male,Boots,Footwear,77,Ohio,M,Violet,Summer,2.5,No,PayPal,Store Pickup,No,No,5,Debit Card,Bi-Weekly,,2024-01-01 00:00:00,2300,
2529,52.0,Male,Jewelry,Accessories,47,Alabama,S,Peach,Fall,4.7,No,Bank Transfer,2-Day Shipping,No,No,31,Debit Card,Monthly,,2024-01-01 00:00:00,2301,
3099,66.0,Female,Pants,Clothing,64,New Mexico,L,Cyan,Summer,,No,Bank Transfer,Next Day Air,No,No,50,Bank Transfer,Quarterly,,2024-01-01 00:00:00,2302,
2088,54.0,male,Hat,Accessories,91,Wisconsin,M,Blue,Summer,4.7,No,Credit Card,Standard,No,No,1,Credit Card,Weekly,,2024-01-01 00:00:00,2303,
1890,59.0,Male,Skirt,Clothing,57,North Carolina,L,Peach,Spring,2.5,No,Debit Card,Next Day Air,,No,27,Bank Transfer,Weekly,,2024-01-01 00:00:00,2304,
1592,18.0,Male,Skirt,Clothing,100,South Dakota,L,Gold,Winter,2.9,No,Bank Transfer,Next Day Air,,Yes,24,PayPal,Annually,,2024-01-01 00:00:00,2305,
3540,29.0,Female,Jewelry,Accessories,56,New York,S,Green,Spring,3.2,No,Venmo,Express,No,No,17,Credit Card,Bi-Weekly,,2024-01-01 00:00:00,2306,
2163,60.0,Male,Shorts,Clothing,48,Oregon,S,Black,Summer,2.7,No,Credit Card,Free Shipping,No,No,32,PayPal,Weekly,,2024-01-01 00:00:00,2307,
2408,52.0,Male,Shorts,Clothing,38,Illinois,M,Beige,Summer,3.0,No,Credit Card,Express,No,No,11,Credit Card,Bi-Weekly,,2024-01-01 00:00:00,2308,
2272,29.0,Male,Dress,Clothing,99,Alaska,M,Green,Summer,3.4,,Cash,Free Shipping,No,No,49,PayPal,Quarterly,,2024-01-01 00:00:00,2309,
3231,49.0,FEMALE,Sneakers,Footwear,49,Kansas,M,Olive,Summer,2.5,No,Venmo,Next Day Air,No,No,38,Debit Card,Annually,,2024-01-01 00:00:00,2310,
1138,46.0,male,Shirt,Clothing,91,New Mexico,XL,Pink,Winter,2.8,,Credit Card,2-Day Shipping,Yes,Yes,16,Bank Transfer,Every 3 Months,,2024-01-01 00:00:00,2311,
3507,18.0,Female,Shirt,Clothing,57,Illinois,L,Olive,Winter,,No,Venmo,2-Day Shipping,,No,12,Cash,Fortnightly,,2024-01-01 00:00:00,2312,
3776,41.0,Female,Belt,Accessories,63,South Dakota,S,Pink,Spring,,No,Debit Card,2-Day Shipping,No,No,45,Cash,Quarterly,,2024-01-01 00:00:00,2313,
3796,45.0,FEMALE,Gloves,Accessories,92,Arkansas,M,Charcoal,Spring,2.5,No,Bank Transfer,Express,No,No,3,Cash,Weekly,,2024-01-01 00:00:00,2314,
1712,21.0,Male,T-shirt,Clothing,93,North Carolina,M,Lavender,Spring,4.7,No,Debit Card,Express,No,No,19,Credit Card,Monthly,,2024-01-01 00:00:00,2315,
3314,55.0,Female,Hat,Accessories,30,Kansas,XL,Black,Fall,3.9,No,Cash,Express,,No,45,Credit Card,Monthly,,2024-01-01 00:00:00,2316,
454,54.0,Male,Jewelry,Accessories,56,Nebraska,XL,Peach,Winter,2.8,Yes,Cash,Next Day Air,Yes,Yes,22,Credit Card,Weekly,,2024-01-01 00:00:00,2317,
914,37.0,Male,Sneakers,Footwear,47,Utah,M,Yellow,Fall,2.6,Yes,Bank Transfer,Next Day Air,Yes,Yes,29,Cash,Every 3 Months,,2024-01-01 00:00:00,2318,
2683,59.0,FEMALE,Sneakers,Footwear,65,North Carolina,L,Maroon,Winter,3.9,No,Venmo,,No,No,5,Venmo,Every 3 Months,,2024-01-01 00:00:00,2319,
1200,49.0,Male,Sandals,Footwear,89,Maryland,M,Indigo,Fall,4.5,No,Credit Card,Free Shipping,Yes,Yes,3,Debit Card,Weekly,,2024-01-01 00:00:00,2320,
1275,54.0,Male,Hat,Accessories,73,Missouri,M,Olive,Spring,3.1,No,Cash,2-Day Shipping,Yes,Yes,37,PayPal,Quarterly,,2024-01-01 00:00:00,2321,
38,35.0,Male,Jeans,Clothing,45,Indiana,S,Cyan,Summer,2.8,Yes,Debit Card,Store Pickup,Yes,Yes,10,PayPal,Weekly,,2024-01-01 00:00:00,2322,
975,69.0,male,Skirt,Clothing,90,North Carolina,M,Beige,Spring,3.6,Yes,Credit Card,2-Day Shipping,Yes,Yes,23,Bank Transfer,Monthly,,2024-01-01 00:00:00,2323,
984,24.0,Male,Hat,Accessories,45,New Mexico,L,Indigo,Winter,3.5,Yes,Credit Card,Free Shipping,Yes,Yes,40,Venmo,Bi-Weekly,,2024-01-01 00:00:00,2324,
3777,19.0,Female,Sneakers,Footwear,25,Alaska,L,Olive,Spring,4.1,No,Debit Card,Standard,No,No,10,Credit Card,Fortnightly,,2024-01-01 00:00:00,2325,
1419,18.0,Male,Shirt,Clothing,75,Alabama,M,Violet,Summer,4.1,No,Bank Transfer,2-Day Shipping,Yes,Yes,23,Venmo,Every 3 Months,,2024-01-01 00:00:00,2326,
1561,,Male,Hat,Accessories,84,Oregon,M,Teal,Winter,3.8,No,Venmo,Free Shipping,Yes,Yes,3,Debit Card,Weekly,,2024-01-01 00:00:00,2327,
40,70.0,Male,Pants,Clothing,60,,S,Turquoise,Summer,,Yes,Bank Transfer,Express,Yes,Yes,18,Credit Card,Monthly,,2024-01-01 00:00:00,2328,
1487,25.0,male,Sneakers,Footwear,73,Idaho,S,Yellow,Spring,5.0,No,Cash,Free Shipping,Yes,Yes,23,Venmo,Every 3 Months,,2024-01-01 00:00:00,2329,
2556,24.0,,Pants,Clothing,74,Idaho,M,Gray,Fall,3.5,No,PayPal,Standard,No,No,23,Credit Card,Weekly,,2024-01-01 00:00:00,2330,
170,27.0,Male,Jacket,Outerwear,30,Nevada,S,Gold,Summer,3.3,,Credit Card,,Yes,Yes,3,PayPal,Every 3 Months,,2024-01-01 00:00:00,2331,
1356,59.0,Male,Shorts,Clothing,91,Florida,M,Blue,Summer,3.0,No,Venmo,2-Day Shipping,Yes,Yes,50,PayPal,Bi-Weekly,,2024-01-01 00:00:00,2332,
2400,55.0,Male,Dress,Clothing,44,New Hampshire,L,Beige,Spring,,No,Debit Card,Store Pickup,No,No,31,Cash,Monthly,,2024-01-01 00:00:00,2333,
3609,24.0,Female,Gloves,Accessories,56,Tennessee,M,Cyan,Fall,4.3,No,Bank Transfer,Next Day Air,No,No,2,Cash,Every 3 Months,,2024-01-01 00:00:00,2334,
2628,66.0,Male,Shirt,Clothing,26,Missouri,L,Silver,Fall,,No,PayPal,Next Day Air,,No,40,Bank Transfer,Quarterly,,2024-01-01 00:00:00,2335,
2640,18.0,Male,Blouse,Clothing,35,New Hampshire,XL,Pink,Winter,2.6,No,Debit Card,Free Shipping,No,No,33,Debit Card,Quarterly,,2024-01-01 00:00:00,2336,
1641,65.0,Male,Scarf,Accessories,51,Tennessee,S,Magenta,Spring,4.0,No,Debit Card,2-Day Shipping,Yes,Yes,13,PayPal,Weekly,,2024-01-01 00:00:00,2337,
1291,67.0,Male,Skirt,Clothing,35,Maryland,M,Indigo,Spring,3.4,No,Cash,Free Shipping,Yes,Yes,3,PayPal,Annually,,2024-01-01 00:00:00,2338,
1381,51.0,Male,Sneakers,Footwear,35,,S,Beige,Winter,4.6,No,Bank Transfer,Standard,,Yes,41,Cash,Fortnightly,,2024-01-01 00:00:00,2339,
1934,48.0,Male,Sandals,Footwear,67,Montana,L,Violet,Summer,4.1,No,Cash,Next Day Air,,No,28,Venmo,Annually,,2024-01-01 00:00:00,2340,
580,58.0,Male,Sandals,Footwear,41,California,M,Violet,Winter,3.7,Yes,Debit Card,Free Shipping,Yes,Yes,48,Credit Card,Annually,,2024-01-01 00:00:00,2341,
2031,66.0,Male,Sunglasses,Accessories,67,New Mexico,S,Green,Summer,2.8,No,Venmo,Standard,No,No,38,Credit Card,Monthly,,2024-01-01 00:00:00,2342,
893,31.0,male,Shorts,Clothing,64,New Mexico,L,Gray,Summer,,Yes,Venmo,Free Shipping,Yes,Yes,43,Debit Card,Monthly,,2024-01-01 00:00:00,2343,
781,34.0,Male,Shoes,Footwear,26,New York,M,Turquoise,Spring,3.6,Yes,Venmo,Free Shipping,Yes,Yes,38,Cash,Quarterly,,2024-01-01 00:00:00,2344,
160,58.0,Male,Gloves,Accessories,27,New Hampshire,M,Charcoal,Fall,3.8,Yes,Debit Card,Store Pickup,Yes,Yes,39,Bank Transfer,Every 3 Months,,2024-01-01 00:00:00,2345,
3,50.0,Male,Jeans,Clothing,73,,S,Maroon,Spring,3.1,Yes,Cash,Free Shipping,Yes,Yes,23,Credit Card,Weekly,,2024-01-01 00:00:00,2346,
2737,999.0,Female,Hoodie,Clothing,25,Montana,M,Pink,Spring,4.8,No,PayPal,Store Pickup,,No,45,Credit Card,Annually,,2024-01-01 00:00:00,2347,
3306,34.0,FEMALE,Hoodie,Clothing,41,,L,Cyan,Summer,4.9,No,Bank Transfer,Standard,No,No,31,PayPal,Bi-Weekly,,2024-01-01 00:00:00,2348,
850,,Male,Jeans,Clothing,61,,S,Charcoal,Spring,4.3,Yes,Debit Card,Express,,Yes,24,PayPal,Quarterly,,2024-01-01 00:00:00,2349,
2414,69.0,Male,Shorts,Clothing,95,Pennsylvania,XL,Violet,Fall,2.7,No,Bank Transfer,2-Day Shipping,No,No,30,Bank Transfer,Weekly,,2024-01-01 00:00:00,2350,
1597,42.0,Male,Jewelry,Accessories,30,Mississippi,S,Pink,Fall,4.7,No,Bank Transfer,Store Pickup,Yes,Yes,15,Debit Card,Monthly,,2024-01-01 00:00:00,2351,
1777,56.0,Male,Jacket,Outerwear,64,Arizona,L,Cyan,Summer,3.4,No,Bank Transfer,Free Shipping,No,No,10,Venmo,Every 3 Months,,2024-01-01 00:00:00,2352,
1914,49.0,Male,Skirt,Clothing,48,Kentucky,M,Peach,Winter,3.6,No,Venmo,Express,No,No,29,Cash,Annually,,2024-01-01 00:00:00,2353,
1044,28.0,male,Jeans,Clothing,76,,M,Green,Spring,3.3,Yes,Bank Transfer,2-Day Shipping,Yes,Yes,28,Debit Card,Fortnightly,,2024-01-01 00:00:00,2354,
1545,30.0,Male,Jewelry,Accessories,24,,M,Maroon,Spring,3.9,No,PayPal,Standard,Yes,Yes,17,Debit Card,Bi-Weekly,,2024-01-01 00:00:00,2355,
3591,27.0,Female,Dress,Clothing,87,South Dakota,M,Gray,Fall,2.9,No,PayPal,2-Day Shipping,No,No,19,Venmo,Every 3 Months,,2024-01-01 00:00:00,2356,
54,29.0,Male,Skirt,Clothing,24,Mississippi,S,Peach,Winter,3.9,Yes,Debit Card,Next Day Air,Yes,Yes,35,Credit Card,Weekly,,2024-01-01 00:00:00,2357,
3869,18.0,Female,Dress,Clothing,29,Maryland,XL,Magenta,Winter,,No,PayPal,2-Day Shipping,No,No,9,Cash,Annually,,2024-01-01 00:00:00,2358,
1912,65.0,Male,Jewelry,Accessories,81,Arizona,M,Gray,Spring,4.9,,Credit Card,Express,No,No,32,Debit Card,Bi-Weekly,,2024-01-01 00:00:00,2359,
2836,,Female,T-shirt,Clothing,84,Vermont,S,Pink,Winter,4.9,No,Credit Card,Free Shipping,No,No,7,Venmo,Annually,,2024-01-01 00:00:00,2360,
2687,40.0,Female,Socks,Clothing,72,Georgia,M,Black,Winter,3.8,No,Venmo,2-Day Shipping,No,No,33,Cash,Fortnightly,,2024-01-01 00:00:00,2361,
2715,53.0,FEMALE,Sweater,Clothing,45,Iowa,S,Olive,Winter,3.6,No,Debit Card,Store Pickup,No,No,16,Credit Card,Bi-Weekly,,2024-01-01 00:00:00,2362,
825,61.0,Male,Blouse,Clothing,94,Georgia,M,White,Spring,3.0,Yes,Venmo,Store Pickup,Yes,Yes,48,Cash,Quarterly,,2024-01-01 00:00:00,2363,
3589,23.0,Female,Sunglasses,Accessories,55,Michigan,M,Magenta,Spring,3.5,No,Bank Transfer,,No,No,40,Cash,Annually,,2024-01-01 00:00:00,2364,
1390,,Male,Scarf,Accessories,72,Illinois,L,Orange,Fall,,No,Debit Card,Store Pickup,Yes,Yes,8,Debit Card,Fortnightly,,2024-01-01 00:00:00,2365,
3285,70.0,Female,Scarf,Accessories,79,Kentucky,L,White,Spring,4.5,No,Debit Card,2-Day Shipping,No,No,20,Venmo,Annually,,2024-01-01 00:00:00,2366,
2510,19.0,Male,Socks,Clothing,48,Washington,M,Black,Spring,4.4,No,PayPal,,No,No,9,Bank Transfer,Quarterly,,2024-01-01 00:00:00,2367,
1608,49.0,Male,Shorts,Clothing,72,Vermont,S,Gray,Fall,2.7,No,Venmo,Free Shipping,Yes,Yes,43,Debit Card,Quarterly,,2024-01-01 00:00:00,2368,
1595,40.0,male,Handbag,Accessories,41,Colorado,XL,Charcoal,Summer,3.7,No,Bank Transfer,Store Pickup,Yes,Yes,3,Cash,Fortnightly,,2024-01-01 00:00:00,2369,
772,22.0,male,Sweater,Clothing,68,Hawaii,L,Cyan,Fall,2.6,Yes,Credit Card,Next Day Air,Yes,Yes,34,Bank Transfer,Fortnightly,,2024-01-01 00:00:00,2370,
2274,55.0,Male,Coat,Outerwear,96,New Mexico,L,Silver,Winter,4.8,No,Credit Card,Express,No,No,13,PayPal,Bi-Weekly,,2024-01-01 00:00:00,2371,
1869,23.0,Male,Gloves,Accessories,58,Indiana,M,Silver,Spring,4.7,No,Bank Transfer,Next Day Air,No,No,44,Cash,Fortnightly,,2024-01-01 00:00:00,2372,
1086,25.0,Male,Jewelry,Accessories,85,Utah,M,Turquoise,Winter,3.0,No,PayPal,Store Pickup,Yes,Yes,23,Venmo,Fortnightly,,2024-01-01 00:00:00,2373,
3336,44.0,Female,Hat,Accessories,94,Texas,XL,Cyan,Winter,3.5,No,Credit Card,Express,No,No,48,Bank Transfer,Quarterly,,2024-01-01 00:00:00,2374,
1326,28.0,Male,Backpack,Accessories,73,Oregon,L,Gold,Summer,3.5,No,Venmo,Express,Yes,Yes,1,Cash,Monthly,,2024-01-01 00:00:00,2375,
1464,54.0,Male,Jewelry,Accessories,49,,M,Beige,Summer,4.9,No,Credit Card,Store Pickup,Yes,Yes,1,Bank Transfer,Monthly,,2024-01-01 00:00:00,2376,
807,56.0,Male,Jeans,Clothing,56,Florida,L,Charcoal,Summer,2.7,Yes,Credit Card,Standard,Yes,Yes,46,PayPal,Quarterly,,2024-01-01 00:00:00,2377,
2464,60.0,Male,Blouse,Clothing,21,Mississippi,XL,Indigo,Summer,3.3,No,Bank Transfer,Standard,No,No,25,Cash,Bi-Weekly,,2024-01-01 00:00:00,2378,
2488,57.0,Male,Boots,Footwear,21,Montana,L,Violet,Spring,3.0,No,PayPal,Next Day Air,No,No,16,PayPal,Bi-Weekly,,2024-01-01 00:00:00,2379,
2109,54.0,Male,Hoodie,Clothing,46,North Dakota,XL,Beige,Winter,4.2,No,Debit Card,Express,,No,4,Credit Card,Quarterly,,2024-01-01 00:00:00,2380,
3376,51.0,Female,Boots,Footwear,98,,XL,Yellow,Fall,4.9,No,Debit Card,Express,No,No,8,Credit Card,Annually,,2024-01-01 00:00:00,2381,
1399,30.0,Male,Dress,Clothing,45,Texas,M,Cyan,Summer,2.5,No,Bank Transfer,Free Shipping,Yes,Yes,25,Credit Card,Weekly,,2024-01-01 00:00:00,2382,
2235,35.0,male,Boots,Footwear,66,New Hampshire,S,Yellow,Winter,4.0,No,Cash,Express,No,No,26,Cash,Weekly,,2024-01-01 00:00:00,2383,
964,21.0,Male,Boots,Footwear,63,South Carolina,L,Green,Spring,2.5,Yes,Cash,2-Day Shipping,Yes,Yes,14,Credit Card,Weekly,,2024-01-01 00:00:00,2384,
399,20.0,Male,Boots,Footwear,67,Montana,S,Silver,Winter,4.6,Yes,PayPal,Free Shipping,Yes,Yes,25,Debit Card,Every 3 Months,,2024-01-01 00:00:00,2385,
3762,60.0,FEMALE,Backpack,Accessories,30,Nevada,M,Green,Summer,2.8,No,Venmo,Next Day Air,No,No,3,Venmo,Every 3 Months,,2024-01-01 00:00:00,2386,
705,34.0,male,Hoodie,Clothing,66,Idaho,S,Black,Spring,,Yes,Venmo,Express,Yes,Yes,18,PayPal,Annually,,2024-01-01 00:00:00,2387,
432,43.0,Male,Hat,Accessories,-1,New Hampshire,L,Cyan,Winter,3.4,Yes,Credit Card,Store Pickup,Yes,Yes,33,Cash,Fortnightly,,2024-01-01 00:00:00,2388,
293,60.0,Male,Shoes,Footwear,99,Utah,M,Green,Spring,4.7,Yes,Credit Card,Free Shipping,Yes,Yes,24,Cash,Quarterly,,2024-01-01 00:00:00,2389,
3791,27.0,Female,Handbag,Accessories,45,Alaska,XL,Beige,Summer,4.4,No,Venmo,Standard,No,No,31,Credit Card,Weekly,,2024-01-01 00:00:00,2390,
146,24.0,Male,Jewelry,Accessories,95,Missouri,M,Teal,Fall,4.5,Yes,Venmo,Standard,Yes,Yes,44,Debit Card,Quarterly,,2024-01-01 00:00:00,2391,
3538,57.0,Female,Handbag,Accessories,92,Georgia,M,Gray,Spring,3.5,No,Venmo,Standard,No,No,40,Credit Card,Every 3 Months,,2024-01-01 00:00:00,2392,
2034,57.0,Male,Jeans,Clothing,55,Illinois,L,Olive,Summer,,No,Cash,Express,No,No,33,Venmo,Annually,,2024-01-01 00:00:00,2393,
3384,27.0,FEMALE,Coat,Outerwear,43,Delaware,M,Pink,Fall,2.6,No,Credit Card,Next Day Air,No,No,39,Venmo,Bi-Weekly,,2024-01-01 00:00:00,2394,
1166,51.0,Male,T-shirt,Clothing,64,Wisconsin,M,Silver,Winter,2.9,No,Cash,Next Day Air,Yes,Yes,21,Venmo,Every 3 Months,,2024-01-01 00:00:00,2395,
2051,35.0,Male,Hat,Accessories,96,Mississippi,M,Teal,Summer,3.4,No,Credit Card,Store Pickup,No,No,10,Debit Card,Annually,,2024-01-01 00:00:00,2396,
3065,,Female,Belt,Accessories,76,Idaho,S,Cyan,Winter,3.6,No,Debit Card,Express,No,No,49,Bank Transfer,Quarterly,,2024-01-01 00:00:00,2397,
340,40.0,Male,Shorts,Clothing,33,Pennsylvania,M,Teal,Spring,3.8,Yes,Credit Card,2-Day Shipping,,Yes,21,Credit Card,Every 3 Months,,2024-01-01 00:00:00,2398,
2427,70.0,male,Jacket,Outerwear,42,Florida,M,Olive,Fall,4.6,No,Venmo,Free Shipping,No,No,26,Debit Card,Every 3 Months,,2024-01-01 00:00:00,2399,
266,32.0,male,Backpack,Accessories,59,Michigan,M,Gray,Spring,3.2,Yes,Venmo,2-Day Shipping,Yes,Yes,17,Bank Transfer,Bi-Weekly,,2024-01-01 00:00:00,2400,
3118,43.0,FEMALE,Hoodie,Clothing,50,Florida,M,Olive,Fall,3.0,No,Credit Card,Free Shipping,No,No,4,PayPal,Bi-Weekly,,2024-01-01 00:00:00,2401,
1772,46.0,Male,Shirt,Clothing,82,Indiana,XL,Turquoise,Fall,4.7,No,Credit Card,Store Pickup,No,No,9,Credit Card,Annually,,2024-01-01 00:00:00,2402,
272,65.0,Male,Sunglasses,Accessories,69,Maryland,XL,Yellow,Summer,4.6,Yes,Credit Card,Express,Yes,Yes,42,Credit Card,Fortnightly,,2024-01-01 00:00:00,2403,
697,44.0,Male,Belt,Accessories,42,Utah,L,Green,Fall,2.8,Yes,Bank Transfer,Standard,Yes,Yes,49,Cash,Monthly,,2024-01-01 00:00:00,2404,
1188,56.0,Male,Hat,Accessories,89,Iowa,L,Maroon,Fall,,No,Cash,Express,Yes,Yes,37,Credit Card,Every 3 Months,,2024-01-01 00:00:00,2405,
245,53.0,Male,Belt,Accessories,42,Oregon,S,Indigo,Spring,4.9,Yes,Debit Card,2-Day Shipping,Yes,Yes,39,PayPal,Weekly,,2024-01-01 00:00:00,2406,
3768,59.0,Female,Shorts,Clothing,51,New York,XL,Black,Summer,3.1,No,Venmo,Free Shipping,No,No,10,Bank Transfer,Fortnightly,,2024-01-01 00:00:00,2407,
477,21.0,Male,Scarf,Accessories,90,Connecticut,M,Magenta,Spring,3.5,,Venmo,Free Shipping,Yes,Yes,2,Debit Card,Fortnightly,,2024-01-01 00:00:00,2408,
2033,46.0,Male,Blouse,Clothing,36,South Carolina,M,Maroon,Winter,4.2,No,Credit Card,Next Day Air,No,No,13,Cash,Annually,,2024-01-01 00:00:00,2409,
3407,57.0,Female,Sweater,Clothing,79,Nebraska,M,Red,Spring,4.0,No,Venmo,Store Pickup,No,No,24,Venmo,Quarterly,,2024-01-01 00:00:00,2410,
2986,46.0,Female,Belt,Accessories,36,Hawaii,S,Teal,Summer,3.0,No,Venmo,Express,No,No,21,Cash,Bi-Weekly,,2024-01-01 00:00:00,2411,
814,54.0,Male,Handbag,Accessories,45,,S,Olive,Summer,2.9,Yes,Credit Card,Store Pickup,Yes,Yes,14,Debit Card,Annually,,2024-01-01 00:00:00,2412,
1915,,Male,Shorts,Clothing,97,Alaska,L,Green,Fall,3.4,No,Venmo,Standard,No,No,40,Credit Card,Fortnightly,,2024-01-01 00:00:00,2413,
3382,57.0,Female,Hat,Accessories,66,Minnesota,L,Turquoise,Winter,4.7,No,Bank Transfer,Standard,No,No,27,Credit Card,Quarterly,,2024-01-01 00:00:00,2414,
1511,55.0,Male,Blouse,Clothing,30,Maryland,XL,Gray,Fall,3.0,No,Credit Card,Free Shipping,Yes,Yes,31,Venmo,Annually,,2024-01-01 00:00:00,2415,
1805,30.0,male,Sweater,Clothing,42,Louisiana,L,Peach,Winter,4.4,No,Debit Card,Next Day Air,No,No,39,Credit Card,Weekly,,2024-01-01 00:00:00,2416,
2884,,Female,Socks,Clothing,48,Rhode Island,XL,Silver,Spring,3.2,No,Debit Card,Standard,No,No,10,PayPal,Weekly,,2024-01-01 00:00:00,2417,
251,,Male,Skirt,Clothing,25,Mississippi,L,Black,Fall,4.0,,Debit Card,Express,Yes,Yes,9,Bank Transfer,Weekly,,2024-01-01 00:00:00,2418,
546,33.0,Male,Coat,Outerwear,32,Alabama,L,Magenta,Summer,3.5,Yes,Bank Transfer,2-Day Shipping,Yes,Yes,48,Debit Card,Annually,,2024-01-01 00:00:00,2419,
739,56.0,Male,Sunglasses,Accessories,31,Minnesota,L,Orange,Winter,3.5,Yes,Credit Card,2-Day Shipping,Yes,Yes,27,Venmo,Quarterly,,2024-01-01 00:00:00,2420,
311,,Male,Pants,Clothing,85,Montana,M,Charcoal,Winter,4.6,,Debit Card,Standard,Yes,Yes,50,Cash,Fortnightly,,2024-01-01 00:00:00,2421,
1132,67.0,Male,Shirt,Clothing,73,Illinois,M,Black,Spring,3.7,No,Credit Card,Express,Yes,Yes,20,Bank Transfer,Monthly,,2024-01-01 00:00:00,2422,
1450,18.0,Male,Socks,Clothing,41,New York,L,Lavender,Winter,2.5,No,Debit Card,Store Pickup,Yes,Yes,20,Cash,Every 3 Months,,2024-01-01 00:00:00,2423,
3890,57.0,,Dress,Clothing,65,Alaska,S,Yellow,Spring,,No,Debit Card,Express,No,No,49,Bank Transfer,Annually,,2024-01-01 00:00:00,2424,
16,64.0,Male,Skirt,Clothing,81,Rhode Island,M,Teal,Winter,2.8,Yes,Credit Card,Store Pickup,Yes,Yes,8,PayPal,Monthly,,2024-01-01 00:00:00,2425,
3517,34.0,Female,Boots,Footwear,56,South Carolina,S,White,Summer,,No,Venmo,Free Shipping,No,No,38,PayPal,Bi-Weekly,,2024-01-01 00:00:00,2426,
2803,22.0,Female,Coat,Outerwear,100,Hawaii,L,Red,Fall,3.1,No,Bank Transfer,Store Pickup,No,No,42,Credit Card,Fortnightly,,2024-01-01 00:00:00,2427,
3219,37.0,Female,Skirt,Clothing,34,Florida,M,Teal,Fall,3.9,No,Venmo,Express,No,No,49,PayPal,Monthly,,2024-01-01 00:00:00,2428,
364,55.0,male,Shorts,Clothing,88,Florida,L,Yellow,Winter,3.1,Yes,Cash,Free Shipping,Yes,Yes,42,Bank Transfer,Fortnightly,,2024-01-01 00:00:00,2429,
183,38.0,Male,Gloves,Accessories,96,Alabama,XL,Purple,Summer,2.8,Yes,Venmo,Store Pickup,Yes,Yes,10,Debit Card,Annually,,2024-01-01 00:00:00,2430,
1195,50.0,Male,Hoodie,Clothing,46,,S,Teal,Winter,,No,Debit Card,2-Day Shipping,Yes,Yes,6,Credit Card,Fortnightly,,2024-01-01 00:00:00,2431,
3875,70.0,Female,Sweater,Clothing,54,Nevada,XL,Beige,Summer,3.9,No,Cash,2-Day Shipping,No,No,33,Credit Card,Bi-Weekly,,2024-01-01 00:00:00,2432,
1122,63.0,Male,T-shirt,Clothing,58,Florida,XL,Peach,Fall,3.2,No,Cash,Express,Yes,Yes,25,Cash,Quarterly,,2024-01-01 00:00:00,2433,
3892,36.0,Female,Dress,Clothing,30,Colorado,L,Peach,Winter,4.7,No,Cash,Free Shipping,No,No,6,Bank Transfer,Quarterly,,2024-01-01 00:00:00,2434,
1183,37.0,male,Jewelry,Accessories,21,,M,Maroon,Spring,3.8,No,Debit Card,Express,Yes,Yes,45,PayPal,Quarterly,,2024-01-01 00:00:00,2435,
2928,45.0,Female,Shirt,Clothing,24,Missouri,M,Black,Summer,2.7,No,Debit Card,Express,No,No,15,Venmo,Bi-Weekly,,2024-01-01 00:00:00,2436,
615,68.0,Male,Jewelry,Accessories,85,Idaho,M,Lavender,Winter,4.0,Yes,Cash,Standard,Yes,Yes,21,Credit Card,Bi-Weekly,,2024-01-01 00:00:00,2437,
1467,58.0,Male,Shorts,Clothing,71,Alabama,M,Green,Summer,4.5,No,PayPal,Store Pickup,Yes,Yes,3,PayPal,Annually,,2024-01-01 00:00:00,2438,
402,43.0,Male,T-shirt,Clothing,91,Oklahoma,L,Orange,Fall,4.8,Yes,Bank Transfer,Standard,Yes,Yes,21,Cash,Quarterly,,2024-01-01 00:00:00,2439,
935,45.0,Male,Jeans,Clothing,47,Oregon,S,Yellow,Spring,3.7,Yes,Bank Transfer,Express,Yes,Yes,21,Bank Transfer,Monthly,,2024-01-01 00:00:00,2440,
2420,26.0,Male,Sweater,Clothing,40,North Carolina,M,Blue,Fall,,No,Venmo,Next Day Air,No,No,11,Credit Card,Every 3 Months,,2024-01-01 00:00:00,2441,
2908,19.0,FEMALE,Sunglasses,Accessories,82,Maryland,XL,Lavender,Summer,3.7,No,Cash,Next Day Air,No,No,50,PayPal,Bi-Weekly,,2024-01-01 00:00:00,2442,
2635,26.0,Male,Sandals,Footwear,58,North Carolina,S,Black,Summer,3.2,No,Cash,Store Pickup,No,No,20,PayPal,Every 3 Months,,2024-01-01 00:00:00,2443,
727,32.0,Male,Shorts,Clothing,78,North Dakota,L,Yellow,Summer,3.6,Yes,PayPal,Next Day Air,Yes,Yes,20,Bank Transfer,Every 3 Months,,2024-01-01 00:00:00,2444,
827,54.0,Male,Dress,Clothing,94,Massachusetts,M,Purple,Winter,3.6,Yes,Credit Card,Standard,Yes,Yes,36,PayPal,Weekly,,2024-01-01 00:00:00,2445,
1522,29.0,Male,Backpack,Accessories,59,Washington,M,White,Summer,2.7,No,Credit Card,2-Day Shipping,Yes,Yes,50,Bank Transfer,Weekly,,2024-01-01 00:00:00,2446,
137,39.0,Male,Blouse,Clothing,86,South Carolina,M,White,Winter,3.3,Yes,Credit Card,Free Shipping,Yes,Yes,4,Debit Card,Quarterly,,2024-01-01 00:00:00,2447,
629,69.0,male,Sweater,Clothing,85,Massachusetts,M,White,Fall,,Yes,Venmo,2-Day Shipping,Yes,Yes,29,Credit Card,Monthly,,2024-01-01 00:00:00,2448,
335,41.0,Male,Blouse,Clothing,46,Kansas,M,Lavender,Fall,2.6,Yes,PayPal,Next Day Air,Yes,Yes,30,Credit Card,Annually,,2024-01-01 00:00:00,2449,
391,25.0,Male,Gloves,Accessories,71,Indiana,M,Indigo,Winter,,,Debit Card,2-Day Shipping,Yes,Yes,19,PayPal,Annually,,2024-01-01 00:00:00,2450,
2400,55.0,Male,Dress,Clothing,44,,L,Beige,Spring,3.2,No,Debit Card,Store Pickup,No,No,31,Cash,Monthly,,2024-01-01 00:00:00,2451,
1818,32.0,,T-shirt,Clothing,27,Delaware,M,White,Summer,4.7,No,Credit Card,Free Shipping,No,No,20,Cash,Weekly,,2024-01-01 00:00:00,2452,
3608,50.0,Female,Hat,Accessories,93,,L,Charcoal,Fall,3.3,No,Debit Card,Standard,No,No,20,Venmo,Bi-Weekly,,2024-01-01 00:00:00,2453,
711,22.0,male,Scarf,Accessories,91,Virginia,L,Turquoise,Spring,4.1,Yes,Bank Transfer,Standard,,Yes,26,PayPal,Fortnightly,,2024-01-01 00:00:00,2454,
1040,29.0,Male,Belt,Accessories,46,Michigan,M,Magenta,Fall,4.8,Yes,PayPal,Standard,Yes,Yes,39,Venmo,Monthly,,2024-01-01 00:00:00,2455,
2619,70.0,Male,Handbag,Accessories,77,Louisiana,L,Brown,Fall,4.1,,Credit Card,Express,No,No,12,Venmo,Monthly,,2024-01-01 00:00:00,2456,
3464,27.0,,Jewelry,Accessories,27,Maine,M,Yellow,Fall,2.8,No,Debit Card,2-Day Shipping,No,No,45,PayPal,Fortnightly,,2024-01-01 00:00:00,2457,
1562,50.0,male,Scarf,Accessories,38,Mississippi,M,Indigo,Summer,3.8,No,Credit Card,Standard,Yes,Yes,2,Bank Transfer,Quarterly,,2024-01-01 00:00:00,2458,
3684,30.0,Female,Socks,Clothing,77,Mississippi,M,Purple,Winter,3.0,No,Bank Transfer,Free Shipping,No,No,17,Venmo,Fortnightly,,2024-01-01 00:00:00,2459,
3536,68.0,Female,Shorts,Clothing,51,Mississippi,M,Red,Summer,5.0,No,Bank Transfer,Express,No,No,20,Debit Card,Monthly,,2024-01-01 00:00:00,2460,
1113,69.0,Male,Hoodie,Clothing,67,Washington,XL,Pink,Spring,4.6,No,Credit Card,Free Shipping,Yes,Yes,32,PayPal,Quarterly,,2024-01-01 00:00:00,2461,
1224,69.0,Male,Pants,Clothing,24,Kansas,L,Red,Winter,3.9,No,Credit Card,,Yes,Yes,21,Bank Transfer,Weekly,,2024-01-01 00:00:00,2462,
2667,49.0,Female,Sandals,Footwear,95,Ohio,S,Brown,Winter,4.1,No,Bank Transfer,Store Pickup,No,No,14,Venmo,Fortnightly,,2024-01-01 00:00:00,2463,
2422,37.0,Male,Sneakers,Footwear,46,Minnesota,L,Pink,Spring,4.6,No,PayPal,Standard,No,No,2,Debit Card,Every 3 Months,,2024-01-01 00:00:00,2464,
1509,35.0,,Blouse,Clothing,84,Colorado,L,Beige,Spring,4.4,No,Credit Card,Store Pickup,Yes,Yes,3,Cash,Every 3 Months,,2024-01-01 00:00:00,2465,
1751,31.0,,Sunglasses,Accessories,85,Missouri,M,White,Fall,,No,Credit Card,Express,No,No,38,Venmo,Every 3 Months,,2024-01-01 00:00:00,2466,
3592,,,Jacket,Outerwear,89,South Dakota,M,Gold,Winter,3.2,No,Cash,2-Day Shipping,No,No,38,Bank Transfer,Quarterly,,2024-01-01 00:00:00,2467,
339,69.0,Male,Hoodie,Clothing,79,Massachusetts,M,Silver,Winter,3.5,,Venmo,Express,Yes,Yes,16,Cash,Weekly,,2024-01-01 00:00:00,2468,
216,62.0,Male,Scarf,Accessories,64,New Jersey,S,Orange,Spring,2.8,Yes,Bank Transfer,2-Day Shipping,Yes,Yes,24,PayPal,Bi-Weekly,,2024-01-01 00:00:00,2469,
1342,26.0,Male,Hoodie,Clothing,27,Rhode Island,XL,Yellow,Fall,2.9,No,Debit Card,Standard,Yes,Yes,31,Bank Transfer,Quarterly,,2024-01-01 00:00:00,2470,
3354,31.0,Female,Dress,Clothing,66,Ohio,L,Teal,Fall,4.6,No,Debit Card,Free Shipping,,No,19,Credit Card,Every 3 Months,,2024-01-01 00:00:00,2471,
394,33.0,Male,Shoes,Footwear,65,Vermont,L,Maroon,Fall,4.2,Yes,Credit Card,Standard,Yes,Yes,6,PayPal,Fortnightly,,2024-01-01 00:00:00,2472,
2588,55.0,Male,Scarf,Accessories,29,Connecticut,M,Purple,Winter,3.7,No,PayPal,Express,No,No,29,PayPal,Every 3 Months,,2024-01-01 00:00:00,2473,
3815,45.0,Female,Dress,Clothing,95,Michigan,M,Orange,Winter,4.2,No,Credit Card,Free Shipping,No,No,26,Bank Transfer,Every 3 Months,,2024-01-01 00:00:00,2474,
2700,25.0,Female,Boots,Footwear,96,Utah,M,Violet,Fall,3.6,No,Venmo,2-Day Shipping,No,No,49,Debit Card,Annually,,2024-01-01 00:00:00,2475,
2323,39.0,Male,Coat,Outerwear,84,Connecticut,S,Lavender,Spring,4.5,No,Cash,Store Pickup,No,No,21,Venmo,Fortnightly,,2024-01-01 00:00:00,2476,
102,27.0,Male,Coat,Outerwear,85,North Dakota,XL,White,Spring,4.6,Yes,Venmo,Express,Yes,Yes,50,Credit Card,Bi-Weekly,,2024-01-01 00:00:00,2477,
2858,44.0,Female,Dress,Clothing,93,Utah,S,Maroon,Spring,3.8,No,Venmo,Next Day Air,No,No,35,Debit Card,Monthly,,2024-01-01 00:00:00,2478,
172,29.0,Male,Shorts,Clothing,35,Virginia,M,Blue,Summer,3.6,Yes,Debit Card,Store Pickup,Yes,Yes,4,Credit Card,Weekly,,2024-01-01 00:00:00,2479,
108,28.0,male,Sneakers,Footwear,67,Maryland,L,Olive,Winter,,Yes,Cash,Next Day Air,Yes,Yes,46,PayPal,Fortnightly,,2024-01-01 00:00:00,2480,
2801,70.0,Female,Shirt,Clothing,76,,L,Violet,Fall,3.4,No,PayPal,Free Shipping,,No,14,Cash,Bi-Weekly,,2024-01-01 00:00:00,2481,
3798,68.0,Female,Sunglasses,Accessories,44,California,M,Gray,Summer,2.5,No,Venmo,Next Day Air,,No,20,Cash,Quarterly,,2024-01-01 00:00:00,2482,
2930,31.0,Female,Socks,Clothing,53,Maine,XL,White,Winter,4.5,No,Debit Card,Next Day Air,No,No,42,Venmo,Fortnightly,,2024-01-01 00:00:00,2483,
2670,39.0,Female,Belt,Accessories,28,Illinois,L,Teal,Spring,2.8,No,PayPal,Free Shipping,No,No,31,Credit Card,Weekly,,2024-01-01 00:00:00,2484,
2544,27.0,male,Scarf,Accessories,56,West Virginia,L,Peach,Spring,2.7,No,Debit Card,Next Day Air,No,No,30,PayPal,Bi-Weekly,,2024-01-01 00:00:00,2485,
2712,30.0,Female,Sunglasses,Accessories,22,Nebraska,L,Red,Spring,,No,Credit Card,Standard,No,No,50,Venmo,Monthly,,2024-01-01 00:00:00,2486,
2677,43.0,Female,Backpack,Accessories,77,Kentucky,M,Maroon,Spring,3.6,No,Venmo,Free Shipping,No,No,3,Cash,Fortnightly,,2024-01-01 00:00:00,2487,
2999,31.0,Female,Hoodie,Clothing,53,Alaska,M,Red,Summer,4.7,No,Venmo,Express,No,No,30,Debit Card,Quarterly,,2024-01-01 00:00:00,2488,
3889,45.0,Female,Sneakers,Footwear,69,Virginia,M,Violet,Spring,3.4,No,Bank Transfer,Standard,No,No,14,Venmo,Bi-Weekly,,2024-01-01 00:00:00,2489,
3439,26.0,FEMALE,Shirt,Clothing,71,Kentucky,M,Violet,Fall,3.0,No,Debit Card,Store Pickup,No,No,33,Credit Card,Monthly,,2024-01-01 00:00:00,2490,
1041,68.0,Male,Jeans,Clothing,22,North Carolina,S,Magenta,Fall,4.0,Yes,Venmo,Next Day Air,Yes,Yes,7,Cash,Fortnightly,,2024-01-01 00:00:00,2491,
2937,31.0,Female,Skirt,Clothing,34,Washington,M,White,Spring,3.6,,Debit Card,Express,No,No,46,PayPal,Weekly,,2024-01-01 00:00:00,2492,
2121,53.0,Male,Scarf,Accessories,98,Missouri,S,Red,Fall,,No,Venmo,Next Day Air,No,No,38,PayPal,Quarterly,,2024-01-01 00:00:00,2493,
1525,22.0,Male,Socks,Clothing,76,Massachusetts,L,Pink,Summer,4.4,No,Debit Card,Free Shipping,Yes,Yes,6,Cash,Bi-Weekly,,2024-01-01 00:00:00,2494,
3419,53.0,,Jacket,Outerwear,30,South Carolina,M,Beige,Summer,2.8,No,Cash,Free Shipping,No,No,35,Debit Card,Annually,,2024-01-01 00:00:00,2495,
2249,63.0,Male,T-shirt,Clothing,66,Rhode Island,M,Violet,Winter,3.4,No,Cash,Free Shipping,No,No,19,PayPal,Fortnightly,,2024-01-01 00:00:00,2496,
482,46.0,Male,Hat,Accessories,88,Wisconsin,L,Peach,Fall,3.2,Yes,PayPal,2-Day Shipping,Yes,Yes,10,PayPal,Fortnightly,,2024-01-01 00:00:00,2497,
2837,51.0,Female,Pants,Clothing,50,Wyoming,M,Charcoal,Winter,5.0,No,Venmo,2-Day Shipping,No,No,21,Cash,Bi-Weekly,,2024-01-01 00:00:00,2498,
2952,47.0,FEMALE,Scarf,Accessories,99,Arkansas,L,Maroon,Fall,4.6,No,Credit Card,Free Shipping,No,No,14,Cash,Weekly,,2024-01-01 00:00:00,2499,
1763,36.0,Male,Sandals,Footwear,42,Idaho,M,Brown,Summer,3.1,No,Credit Card,Express,No,No,41,Bank Transfer,Fortnightly,,2024-01-01 00:00:00,2500,
3261,39.0,Female,Scarf,Accessories,36,Wisconsin,M,Violet,Summer,4.5,No,Bank Transfer,2-Day Shipping,No,No,7,Credit Card,Annually,,2024-01-01 00:00:00,2501,
3391,32.0,Female,Socks,Clothing,70,Oregon,S,Red,Summer,3.0,No,Credit Card,Next Day Air,No,No,38,PayPal,Annually,,2024-01-01 00:00:00,2502,
2760,68.0,Female,Shoes,Footwear,59,Washington,M,Turquoise,Summer,3.9,No,Credit Card,Free Shipping,No,No,42,Cash,Every 3 Months,,2024-01-01 00:00:00,2503,
2727,33.0,Female,Belt,Accessories,92,Michigan,L,Blue,Winter,3.3,No,Debit Card,Free Shipping,No,No,11,PayPal,Bi-Weekly,,2024-01-01 00:00:00,2504,
406,41.0,Male,Jeans,Clothing,74,South Carolina,S,Silver,Summer,3.8,Yes,Debit Card,Standard,Yes,Yes,15,Cash,Annually,,2024-01-01 00:00:00,2505,
758,41.0,Male,Hoodie,Clothing,32,Minnesota,M,Red,Fall,3.8,Yes,Debit Card,Store Pickup,Yes,Yes,18,Debit Card,Quarterly,,2024-01-01 00:00:00,2506,
3542,59.0,Female,Blouse,Clothing,66,Virginia,M,Olive,Winter,,No,Cash,Next Day Air,No,No,22,PayPal,Annually,,2024-01-01 00:00:00,2507,
98,21.0,Male,Shoes,Footwear,92,,M,Teal,Winter,4.8,Yes,PayPal,Store Pickup,Yes,Yes,37,Cash,Annually,,2024-01-01 00:00:00,2508,
1334,29.0,Male,Pants,Clothing,69,Idaho,M,Lavender,Winter,,,Cash,Next Day Air,Yes,Yes,9,Bank Transfer,Quarterly,,2024-01-01 00:00:00,2509,
3179,66.0,Female,Sandals,Footwear,34,Washington,L,Beige,Spring,2.7,No,Cash,Free Shipping,,No,28,Credit Card,Annually,,2024-01-01 00:00:00,2510,
3702,46.0,Female,Sandals,Footwear,66,New Mexico,M,Charcoal,Spring,4.5,No,Cash,Store Pickup,No,No,36,Cash,Annually,,2024-01-01 00:00:00,2511,
3255,21.0,Female,Sweater,Clothing,31,Indiana,S,Magenta,Winter,4.9,No,Venmo,Store Pickup,No,No,11,Bank Transfer,Every 3 Months,,2024-01-01 00:00:00,2512,
2059,29.0,male,Shirt,Clothing,98,Washington,M,Brown,Winter,3.3,No,Debit Card,Store Pickup,No,No,17,Bank Transfer,Quarterly,,2024-01-01 00:00:00,2513,
2805,65.0,Female,Hoodie,Clothing,76,South Carolina,M,Cyan,Spring,2.8,No,Credit Card,Standard,No,No,48,Bank Transfer,Every 3 Months,,2024-01-01 00:00:00,2514,
149,37.0,Male,Gloves,Accessories,90,Wyoming,M,Gray,Fall,2.6,Yes,PayPal,Store Pickup,Yes,Yes,47,Debit Card,Annually,,2024-01-01 00:00:00,2515,
29,,Male,Handbag,Accessories,94,North Carolina,M,Gray,Fall,,Yes,Debit Card,Free Shipping,Yes,Yes,41,PayPal,Every 3 Months,,2024-01-01 00:00:00,2516,
2729,26.0,Female,Skirt,Clothing,28,Florida,M,Pink,Winter,,No,Credit Card,Express,No,No,17,Debit Card,Weekly,,2024-01-01 00:00:00,2517,
2631,29.0,Male,Skirt,Clothing,82,Maine,S,Pink,Spring,4.2,No,Bank Transfer,Free Shipping,No,No,20,Cash,Quarterly,,2024-01-01 00:00:00,2518,
693,35.0,male,Sunglasses,Accessories,95,North Dakota,M,Cyan,Spring,4.0,Yes,Venmo,2-Day Shipping,Yes,Yes,40,Debit Card,Every 3 Months,,2024-01-01 00:00:00,2519,
1387,68.0,Male,Jacket,Outerwear,56,Oregon,M,Silver,Fall,4.0,No,Bank Transfer,Next Day Air,Yes,Yes,4,Debit Card,Quarterly,,2024-01-01 00:00:00,2520,
1846,51.0,Male,Sandals,Footwear,78,Delaware,M,Orange,Winter,2.8,No,Debit Card,2-Day Shipping,No,No,39,Bank Transfer,Quarterly,,2024-01-01 00:00:00,2521,
2733,21.0,FEMALE,Socks,Clothing,75,Delaware,L,Orange,Winter,4.2,No,Credit Card,Store Pickup,No,No,27,Debit Card,Every 3 Months,,2024-01-01 00:00:00,2522,
1600,48.0,Male,Shirt,Clothing,54,Delaware,M,Orange,Winter,2.8,No,Venmo,2-Day Shipping,Yes,Yes,22,Debit Card,Bi-Weekly,,2024-01-01 00:00:00,2523,
702,51.0,Male,Boots,Footwear,90,Idaho,L,Red,Fall,3.3,Yes,Cash,Next Day Air,Yes,Yes,5,Debit Card,Every 3 Months,,2024-01-01 00:00:00,2524,
1709,35.0,Male,Boots,Footwear,58,Florida,L,Cyan,Spring,3.2,No,Bank Transfer,Express,No,No,1,Credit Card,Quarterly,,2024-01-01 00:00:00,2525,
455,37.0,Male,Jacket,Outerwear,97,New Jersey,S,Gold,Summer,3.2,,Debit Card,Next Day Air,Yes,Yes,14,Cash,Bi-Weekly,,2024-01-01 00:00:00,2526,
2041,69.0,Male,Jewelry,Accessories,25,South Carolina,XL,Gray,Spring,2.9,,Debit Card,Free Shipping,No,No,42,Venmo,Quarterly,,2024-01-01 00:00:00,2527,
3823,,Female,Hat,Accessories,41,Kansas,S,Gold,Spring,3.2,No,Cash,Free Shipping,,No,17,PayPal,Every 3 Months,,2024-01-01 00:00:00,2528,
2316,69.0,male,Socks,Clothing,79,Vermont,M,Indigo,Winter,3.5,No,Cash,,No,No,49,Debit Card,Quarterly,,2024-01-01 00:00:00,2529,
610,51.0,male,Sweater,Clothing,54,,L,Purple,Fall,4.6,Yes,Cash,Next Day Air,Yes,Yes,49,Credit Card,Fortnightly,,2024-01-01 00:00:00,2530,
168,33.0,male,Gloves,Accessories,27,Arkansas,M,Green,Fall,4.0,Yes,Venmo,Express,Yes,Yes,14,Credit Card,Every 3 Months,,2024-01-01 00:00:00,2531,
731,48.0,Male,Boots,Footwear,25,Massachusetts,M,Indigo,Summer,3.9,Yes,Venmo,Standard,Yes,Yes,28,Venmo,Fortnightly,,2024-01-01 00:00:00,2532,
3623,,Female,Dress,Clothing,41,Wisconsin,M,Purple,Fall,4.3,No,Bank Transfer,Store Pickup,No,No,12,Credit Card,Annually,,2024-01-01 00:00:00,2533,
3590,31.0,Female,Belt,Accessories,73,New Hampshire,M,Blue,Spring,4.8,No,Cash,Next Day Air,No,No,38,Cash,Every 3 Months,,2024-01-01 00:00:00,2534,
2652,51.0,Male,Sneakers,Footwear,43,Tennessee,M,Cyan,Summer,4.6,,Venmo,Store Pickup,No,No,27,PayPal,Quarterly,,2024-01-01 00:00:00,2535,
1623,31.0,Male,Shorts,Clothing,43,Missouri,S,Brown,Winter,,No,PayPal,Store Pickup,Yes,Yes,37,Bank Transfer,Every 3 Months,,2024-01-01 00:00:00,2536,
588,29.0,Male,Socks,Clothing,86,Washington,S,Maroon,Fall,4.2,Yes,PayPal,Express,Yes,Yes,48,Debit Card,Every 3 Months,,2024-01-01 00:00:00,2537,
1402,23.0,Male,Sandals,Footwear,59,Indiana,M,Blue,Fall,3.5,No,Cash,2-Day Shipping,Yes,Yes,1,PayPal,Weekly,,2024-01-01 00:00:00,2538,
1701,62.0,Male,Hoodie,Clothing,70,West Virginia,L,Black,Fall,4.1,No,Credit Card,Express,,No,36,Bank Transfer,Monthly,,2024-01-01 00:00:00,2539,
2911,32.0,FEMALE,Belt,Accessories,32,Mississippi,M,Blue,Summer,,No,Bank Transfer,Store Pickup,No,No,41,Credit Card,Monthly,,2024-01-01 00:00:00,2540,
3150,18.0,Female,Belt,Accessories,40,North Carolina,M,Lavender,Winter,4.6,No,Debit Card,Free Shipping,No,No,9,Venmo,Annually,,2024-01-01 00:00:00,2541,
1380,21.0,male,T-shirt,Clothing,64,Minnesota,L,Purple,Fall,2.8,No,Venmo,2-Day Shipping,Yes,Yes,38,Venmo,Bi-Weekly,,2024-01-01 00:00:00,2542,
2090,37.0,Male,Jacket,Outerwear,57,Maryland,L,Gold,Spring,3.6,No,Cash,Free Shipping,No,No,41,Credit Card,Every 3 Months,,2024-01-01 00:00:00,2543,
2176,68.0,Male,Dress,Clothing,50,Nebraska,M,Silver,Spring,3.3,No,Bank Transfer,Free Shipping,,No,48,Credit Card,Fortnightly,,2024-01-01 00:00:00,2544,
2873,63.0,Female,Jewelry,Accessories,48,Connecticut,L,Olive,Fall,2.6,No,Venmo,Next Day Air,No,No,5,Cash,Annually,,2024-01-01 00:00:00,2545,
3390,38.0,Female,Pants,Clothing,57,North Carolina,L,Maroon,Fall,3.8,No,Credit Card,Free Shipping,No,No,39,Venmo,Annually,,2024-01-01 00:00:00,2546,
3845,30.0,FEMALE,Shorts,Clothing,87,Montana,S,Cyan,Fall,5.0,No,Credit Card,Next Day Air,No,No,40,Venmo,Quarterly,,2024-01-01 00:00:00,2547,
442,43.0,Male,Hoodie,Clothing,81,Florida,M,Maroon,Winter,4.2,Yes,Bank Transfer,Standard,Yes,Yes,32,Credit Card,Annually,,2024-01-01 00:00:00,2548,
2052,65.0,Male,T-shirt,Clothing,94,Massachusetts,L,Black,Spring,3.8,No,Cash,Free Shipping,No,No,14,Credit Card,Monthly,,2024-01-01 00:00:00,2549,
2542,33.0,Male,Scarf,Accessories,58,Washington,M,Silver,Spring,2.7,No,Venmo,Next Day Air,No,No,13,Venmo,Every 3 Months,,2024-01-01 00:00:00,2550,
1302,42.0,Male,Shirt,Clothing,54,Maine,M,Orange,Fall,5.0,No,Venmo,Express,Yes,Yes,21,Debit Card,Weekly,,2024-01-01 00:00:00,2551,
3389,35.0,Female,Sweater,Clothing,61,South Dakota,M,Cyan,Spring,4.5,No,Venmo,Store Pickup,No,No,21,Credit Card,Weekly,,2024-01-01 00:00:00,2552,
1305,64.0,male,Backpack,Accessories,63,Montana,S,Orange,Spring,4.0,No,Bank Transfer,2-Day Shipping,Yes,Yes,18,PayPal,Every 3 Months,,2024-01-01 00:00:00,2553,
237,38.0,Male,Coat,Outerwear,68,North Dakota,L,Green,Winter,,Yes,Debit Card,Next Day Air,Yes,Yes,39,PayPal,Fortnightly,,2024-01-01 00:00:00,2554,
521,51.0,Male,Sunglasses,Accessories,84,South Carolina,M,White,Spring,,Yes,Bank Transfer,Free Shipping,Yes,Yes,20,Debit Card,Quarterly,,2024-01-01 00:00:00,2555,
736,61.0,Male,Sunglasses,Accessories,48,Montana,M,Orange,Fall,3.6,Yes,Venmo,2-Day Shipping,Yes,Yes,48,Cash,Bi-Weekly,,2024-01-01 00:00:00,2556,
3546,48.0,Female,Sandals,Footwear,28,Connecticut,M,Yellow,Spring,,No,Venmo,2-Day Shipping,No,No,22,Debit Card,Annually,,2024-01-01 00:00:00,2557,
2107,60.0,Male,Jewelry,Accessories,34,Vermont,M,Gray,Fall,4.4,No,Cash,Standard,,No,40,Credit Card,Every 3 Months,,2024-01-01 00:00:00,2558,
593,60.0,Male,Boots,Footwear,29,North Dakota,M,Brown,Fall,3.2,Yes,Venmo,Free Shipping,Yes,Yes,42,Venmo,Every 3 Months,,2024-01-01 00:00:00,2559,
1304,34.0,Male,Blouse,Clothing,32,New York,L,Silver,Summer,3.1,No,Venmo,Next Day Air,,Yes,10,Credit Card,Annually,,2024-01-01 00:00:00,2560,
1388,21.0,Male,Blouse,Clothing,85,Maryland,M,Gold,Winter,3.8,No,Credit Card,Standard,Yes,Yes,20,Credit Card,Monthly,,2024-01-01 00:00:00,2561,
2597,63.0,male,Shirt,Clothing,78,Louisiana,L,Black,Spring,3.0,No,Venmo,Next Day Air,No,No,35,Credit Card,Monthly,,2024-01-01 00:00:00,2562,
2964,52.0,Female,Boots,Footwear,97,Maine,M,Brown,Spring,3.6,No,Debit Card,Free Shipping,No,No,28,Credit Card,Weekly,,2024-01-01 00:00:00,2563,
3729,62.0,Female,Jacket,Outerwear,31,Vermont,L,Red,Winter,3.0,No,Credit Card,Standard,No,No,1,Debit Card,Annually,,2024-01-01 00:00:00,2564,
905,69.0,Male,T-shirt,Clothing,99,Alaska,L,Magenta,Spring,2.9,Yes,Credit Card,Free Shipping,,Yes,46,PayPal,Every 3 Months,,2024-01-01 00:00:00,2565,
3394,60.0,Female,Dress,Clothing,90,Arizona,M,Gold,Fall,3.1,No,PayPal,Next Day Air,No,No,50,Debit Card,Monthly,,2024-01-01 00:00:00,2566,
1280,63.0,Male,Hoodie,Clothing,56,Maryland,L,Charcoal,Fall,3.7,No,PayPal,Express,Yes,Yes,18,Debit Card,Annually,,2024-01-01 00:00:00,2567,
3195,43.0,Female,Sneakers,Footwear,52,Maryland,L,Gold,Summer,4.6,,Debit Card,Standard,No,No,10,Credit Card,Bi-Weekly,,2024-01-01 00:00:00,2568,
3852,50.0,FEMALE,Scarf,Accessories,83,Montana,M,Pink,Summer,3.9,No,Credit Card,Free Shipping,No,No,24,Debit Card,Annually,,2024-01-01 00:00:00,2569,
2309,49.0,Male,Sunglasses,Accessories,81,North Dakota,M,Teal,Winter,,No,Bank Transfer,2-Day Shipping,No,No,22,Bank Transfer,Quarterly,,2024-01-01 00:00:00,2570,
3177,36.0,Female,Sandals,Footwear,37,Arkansas,XL,Turquoise,Spring,4.6,No,Cash,2-Day Shipping,No,No,39,Credit Card,Monthly,,2024-01-01 00:00:00,2571,
3282,27.0,Female,Pants,Clothing,69,Oregon,L,Gold,Winter,3.1,No,Debit Card,Free Shipping,No,No,41,Bank Transfer,Annually,,2024-01-01 00:00:00,2572,
3170,35.0,Female,T-shirt,Clothing,59,Georgia,M,White,Fall,3.8,,Venmo,Free Shipping,No,No,3,Venmo,Weekly,,2024-01-01 00:00:00,2573,
707,46.0,Male,Jeans,Clothing,47,Iowa,L,Turquoise,Summer,4.8,Yes,Venmo,Express,Yes,Yes,27,Debit Card,Weekly,,2024-01-01 00:00:00,2574,
3530,55.0,Female,T-shirt,Clothing,20,Montana,S,Maroon,Winter,3.9,No,Credit Card,Next Day Air,No,No,43,Bank Transfer,Weekly,,2024-01-01 00:00:00,2575,
746,46.0,Male,T-shirt,Clothing,92,Michigan,L,Orange,Fall,4.7,Yes,Credit Card,Standard,Yes,Yes,4,Venmo,Monthly,,2024-01-01 00:00:00,2576,
1940,66.0,Male,Gloves,Accessories,57,Ohio,L,Magenta,Winter,3.7,No,Bank Transfer,Store Pickup,No,No,20,PayPal,Every 3 Months,,2024-01-01 00:00:00,2577,
2794,37.0,Female,Boots,Footwear,57,Massachusetts,M,Silver,Spring,3.1,No,Bank Transfer,Standard,No,No,27,Debit Card,Bi-Weekly,,2024-01-01 00:00:00,2578,
514,22.0,male,Scarf,Accessories,65,New Mexico,M,Peach,Fall,3.6,Yes,PayPal,Store Pickup,Yes,Yes,45,Venmo,Annually,,2024-01-01 00:00:00,2579,
82,67.0,Male,Shoes,Footwear,96,Virginia,L,Maroon,Summer,2.6,Yes,PayPal,Express,Yes,Yes,36,Credit Card,Every 3 Months,,2024-01-01 00:00:00,2580,
1309,59.0,Male,Dress,Clothing,38,Rhode Island,L,Red,Summer,4.4,No,Credit Card,Next Day Air,Yes,Yes,14,Credit Card,Every 3 Months,,2024-01-01 00:00:00,2581,
3321,66.0,Female,Blouse,Clothing,44,Illinois,XL,Silver,Fall,4.2,No,Cash,2-Day Shipping,No,No,45,Cash,Every 3 Months,,2024-01-01 00:00:00,2582,
915,43.0,Male,Dress,Clothing,67,Washington,L,Purple,Summer,4.1,Yes,PayPal,Standard,Yes,Yes,27,Venmo,Every 3 Months,,2024-01-01 00:00:00,2583,
3689,52.0,Female,Sunglasses,Accessories,91,West Virginia,L,White,Spring,3.0,No,Venmo,Next Day Air,No,No,8,Cash,Monthly,,2024-01-01 00:00:00,2584,
3673,51.0,Female,Sandals,Footwear,81,New York,S,Pink,Fall,4.5,No,Venmo,Free Shipping,No,No,7,PayPal,Monthly,,2024-01-01 00:00:00,2585,
775,42.0,Male,Hat,Accessories,46,Nevada,M,Yellow,Summer,3.5,Yes,Credit Card,Standard,Yes,Yes,11,Credit Card,Quarterly,,2024-01-01 00:00:00,2586,
330,70.0,Male,Socks,Clothing,31,Nevada,S,White,Summer,2.9,Yes,Debit Card,2-Day Shipping,Yes,Yes,34,Bank Transfer,Monthly,,2024-01-01 00:00:00,2587,
2055,65.0,Male,Sweater,Clothing,56,New Jersey,XL,Gold,Spring,2.9,No,PayPal,Express,No,No,14,PayPal,Annually,,2024-01-01 00:00:00,2588,
2002,51.0,Male,Sunglasses,Accessories,90,Wyoming,S,Purple,Winter,2.6,,Debit Card,Free Shipping,No,No,2,Debit Card,Fortnightly,,2024-01-01 00:00:00,2589,
944,32.0,Male,Hat,Accessories,63,Oklahoma,L,Cyan,Winter,3.8,Yes,PayPal,Next Day Air,Yes,Yes,13,Venmo,Fortnightly,,2024-01-01 00:00:00,2590,
823,35.0,Male,Shirt,Clothing,59,Mississippi,L,Magenta,Winter,3.4,Yes,Cash,Standard,Yes,Yes,23,Bank Transfer,Annually,,2024-01-01 00:00:00,2591,
910,61.0,male,Belt,Accessories,56,Louisiana,L,Silver,Fall,2.7,Yes,Debit Card,Express,Yes,Yes,36,PayPal,Weekly,,2024-01-01 00:00:00,2592,
2517,46.0,Male,Shorts,Clothing,73,Utah,XL,Brown,Spring,4.6,No,Bank Transfer,Standard,No,No,36,Debit Card,Quarterly,,2024-01-01 00:00:00,2593,
182,32.0,Male,Pants,Clothing,61,Massachusetts,M,Beige,Summer,4.7,Yes,Venmo,Next Day Air,Yes,Yes,4,Bank Transfer,Weekly,,2024-01-01 00:00:00,2594,
165,59.0,Male,Handbag,Accessories,65,Delaware,S,Purple,Spring,2.6,,Debit Card,Free Shipping,Yes,Yes,5,Credit Card,Fortnightly,,2024-01-01 00:00:00,2595,
1524,54.0,Male,Socks,Clothing,88,Georgia,M,White,Summer,,No,Venmo,2-Day Shipping,Yes,Yes,35,Debit Card,Annually,,2024-01-01 00:00:00,2596,
452,66.0,Male,Jewelry,Accessories,31,Virginia,M,Pink,Summer,4.3,Yes,Cash,Express,Yes,Yes,26,Credit Card,Fortnightly,,2024-01-01 00:00:00,2597,
2539,18.0,Male,Scarf,Accessories,32,New Jersey,M,Silver,Summer,4.2,No,Venmo,Next Day Air,No,No,33,Credit Card,Bi-Weekly,,2024-01-01 00:00:00,2598,
1312,32.0,Male,Shoes,Footwear,87,Tennessee,M,Maroon,Fall,4.2,No,Credit Card,Express,Yes,Yes,12,Venmo,Annually,,2024-01-01 00:00:00,2599,
1112,22.0,Male,Shoes,Footwear,66,New York,S,Olive,Summer,4.1,No,Bank Transfer,Next Day Air,Yes,Yes,4,Credit Card,Bi-Weekly,,2024-01-01 00:00:00,2600,
3318,21.0,Female,Hat,Accessories,67,North Carolina,XL,Pink,Summer,4.7,No,Debit Card,Standard,No,No,30,Cash,Quarterly,,2024-01-01 00:00:00,2601,
1288,24.0,Male,Jeans,Clothing,28,Utah,XL,Blue,Winter,3.4,,Venmo,Standard,Yes,Yes,20,PayPal,Monthly,,2024-01-01 00:00:00,2602,
328,61.0,Male,Coat,Outerwear,42,Iowa,M,Teal,Summer,3.1,Yes,PayPal,Free Shipping,Yes,Yes,36,PayPal,Weekly,,2024-01-01 00:00:00,2603,
1791,,Male,Gloves,Accessories,26,North Carolina,S,Violet,Summer,3.7,No,Credit Card,Store Pickup,No,No,31,PayPal,Bi-Weekly,,2024-01-01 00:00:00,2604,
2491,52.0,Male,Blouse,Clothing,78,Montana,M,Gray,Spring,4.0,No,PayPal,Free Shipping,No,No,5,Cash,Every 3 Months,,2024-01-01 00:00:00,2605,
3550,,Female,T-shirt,Clothing,34,Oregon,M,Cyan,Summer,3.4,No,Credit Card,2-Day Shipping,No,No,11,Bank Transfer,Fortnightly,,2024-01-01 00:00:00,2606,
2008,26.0,Male,Shirt,Clothing,25,Virginia,M,Silver,Summer,3.2,No,Cash,2-Day Shipping,No,No,8,PayPal,Quarterly,,2024-01-01 00:00:00,2607,
1859,22.0,male,Scarf,Accessories,69,Maine,S,Peach,Spring,4.9,No,Venmo,2-Day Shipping,No,No,8,Debit Card,Annually,,2024-01-01 00:00:00,2608,
313,38.0,male,Pants,Clothing,89,Massachusetts,L,Green,Spring,3.4,Yes,Bank Transfer,Next Day Air,Yes,Yes,6,PayPal,Annually,,2024-01-01 00:00:00,2609,
833,58.0,Male,Jacket,Outerwear,80,California,L,Blue,Fall,2.5,Yes,Credit Card,Express,Yes,Yes,28,Cash,Bi-Weekly,,2024-01-01 00:00:00,2610,
1202,,Male,Shoes,Footwear,61,Illinois,XL,Black,Summer,3.1,No,Cash,2-Day Shipping,Yes,Yes,46,Venmo,Fortnightly,,2024-01-01 00:00:00,2611,
3079,32.0,FEMALE,Belt,Accessories,95,Alaska,M,Blue,Spring,2.5,No,Bank Transfer,2-Day Shipping,No,No,24,Bank Transfer,Bi-Weekly,,2024-01-01 00:00:00,2612,
2621,27.0,Male,Blouse,Clothing,23,Ohio,S,Lavender,Winter,3.0,No,Venmo,Standard,No,No,28,Debit Card,Annually,,2024-01-01 00:00:00,2613,
2135,55.0,Male,Sandals,Footwear,41,Virginia,XL,Maroon,Winter,2.9,No,Venmo,Standard,No,No,35,Credit Card,Fortnightly,,2024-01-01 00:00:00,2614,
2210,42.0,Male,Sandals,Footwear,20,Utah,XL,Beige,Summer,4.5,No,Credit Card,2-Day Shipping,No,No,44,Bank Transfer,Quarterly,,2024-01-01 00:00:00,2615,
3377,22.0,Female,Hat,Accessories,46,Ohio,M,Green,Winter,4.1,No,Credit Card,Store Pickup,No,No,24,Cash,Quarterly,,2024-01-01 00:00:00,2616,
1482,64.0,Male,Skirt,Clothing,33,Maryland,S,Gray,Spring,3.3,No,Credit Card,Standard,Yes,Yes,31,PayPal,Quarterly,,2024-01-01 00:00:00,2617,
778,55.0,Male,Socks,Clothing,32,Wyoming,XL,Silver,Spring,2.5,Yes,Credit Card,Express,Yes,Yes,37,Venmo,Weekly,,2024-01-01 00:00:00,2618,
800,55.0,Male,Belt,Accessories,55,Nevada,L,Brown,Summer,3.3,Yes,Venmo,Free Shipping,Yes,Yes,31,PayPal,Annually,,2024-01-01 00:00:00,2619,
55,47.0,Male,Coat,Outerwear,94,New Mexico,M,Brown,Summer,4.2,Yes,Bank Transfer,Next Day Air,Yes,Yes,35,Debit Card,Bi-Weekly,,2024-01-01 00:00:00,2620,
1921,51.0,Male,Blouse,Clothing,84,Connecticut,M,Purple,Spring,2.8,No,Bank Transfer,Standard,No,No,40,Cash,Every 3 Months,,2024-01-01 00:00:00,2621,
3451,20.0,Female,Shorts,Clothing,78,Vermont,M,Pink,Spring,3.6,No,PayPal,Store Pickup,No,No,31,PayPal,Monthly,,2024-01-01 00:00:00,2622,
2865,58.0,Female,Sweater,Clothing,43,Illinois,S,Maroon,Fall,3.6,No,Debit Card,Store Pickup,No,No,31,Venmo,Weekly,,2024-01-01 00:00:00,2623,
1702,69.0,Male,Handbag,Accessories,41,,XL,Blue,Winter,3.8,No,PayPal,Next Day Air,No,No,44,Debit Card,Every 3 Months,,2024-01-01 00:00:00,2624,
2162,23.0,Male,Dress,Clothing,69,Washington,S,Peach,Summer,3.8,No,Credit Card,Express,No,No,5,Debit Card,Fortnightly,,2024-01-01 00:00:00,2625,
3756,64.0,Female,Skirt,Clothing,93,Pennsylvania,M,Peach,Fall,3.4,No,Bank Transfer,Free Shipping,No,No,26,Credit Card,Monthly,,2024-01-01 00:00:00,2626,
988,62.0,male,Handbag,Accessories,47,West Virginia,M,Charcoal,Summer,2.8,Yes,PayPal,Express,Yes,Yes,48,PayPal,Weekly,,2024-01-01 00:00:00,2627,
3333,27.0,FEMALE,T-shirt,Clothing,23,Washington,M,Silver,Summer,3.1,No,PayPal,2-Day Shipping,No,No,1,PayPal,Bi-Weekly,,2024-01-01 00:00:00,2628,
2862,66.0,Female,Coat,Outerwear,54,Maryland,M,Teal,Fall,3.4,No,Debit Card,Free Shipping,,No,27,Credit Card,Monthly,,2024-01-01 00:00:00,2629,
1395,26.0,male,Coat,Outerwear,43,,L,Magenta,Fall,4.7,No,PayPal,Next Day Air,Yes,Yes,39,Cash,Weekly,,2024-01-01 00:00:00,2630,
769,64.0,male,Backpack,Accessories,95,Illinois,XL,Red,Spring,2.6,Yes,PayPal,Express,Yes,Yes,45,Venmo,Weekly,,2024-01-01 00:00:00,2631,
3545,,,Socks,Clothing,55,Wisconsin,XL,Charcoal,Fall,3.6,No,PayPal,2-Day Shipping,No,No,42,Cash,Every 3 Months,,2024-01-01 00:00:00,2632,
286,29.0,Male,Handbag,Accessories,39,Kentucky,XL,Yellow,Summer,4.8,Yes,Credit Card,Express,Yes,Yes,3,Debit Card,Bi-Weekly,,2024-01-01 00:00:00,2633,
3523,27.0,Female,Pants,Clothing,85,New Jersey,M,Yellow,Spring,3.2,No,Bank Transfer,Store Pickup,No,No,13,Cash,Quarterly,,2024-01-01 00:00:00,2634,
429,21.0,Male,Coat,Outerwear,64,Wyoming,XL,Gold,Winter,2.9,Yes,Venmo,Free Shipping,Yes,Yes,2,Debit Card,Fortnightly,,2024-01-01 00:00:00,2635,
2333,36.0,Male,Scarf,Accessories,53,South Carolina,XL,Olive,Fall,2.6,No,Credit Card,,No,No,10,Venmo,Monthly,,2024-01-01 00:00:00,2636,
2080,32.0,Male,Jeans,Clothing,24,Montana,L,Violet,Summer,3.1,No,Debit Card,Next Day Air,No,No,16,PayPal,Quarterly,,2024-01-01 00:00:00,2637,
723,27.0,Male,Sweater,Clothing,32,Wyoming,S,Blue,Summer,4.3,Yes,PayPal,Store Pickup,Yes,Yes,50,Cash,Bi-Weekly,,2024-01-01 00:00:00,2638,
952,47.0,Male,Dress,Clothing,51,Alaska,M,Cyan,Summer,2.9,,Venmo,Express,Yes,Yes,34,Bank Transfer,Monthly,,2024-01-01 00:00:00,2639,
3043,53.0,,Coat,Outerwear,27,South Dakota,L,Turquoise,Winter,2.9,No,Credit Card,Next Day Air,No,No,14,PayPal,Every 3 Months,,2024-01-01 00:00:00,2640,
2263,53.0,Male,Backpack,Accessories,22,Arizona,M,Green,Winter,3.1,No,Venmo,2-Day Shipping,No,No,50,PayPal,Monthly,,2024-01-01 00:00:00,2641,
990,70.0,male,Shoes,Footwear,31,Texas,M,Beige,Spring,3.1,Yes,Bank Transfer,Store Pickup,Yes,Yes,2,Bank Transfer,Monthly,,2024-01-01 00:00:00,2642,
3735,38.0,Female,Hoodie,Clothing,88,California,M,Beige,Spring,3.4,No,Venmo,Next Day Air,No,No,33,Debit Card,Every 3 Months,,2024-01-01 00:00:00,2643,
2701,,FEMALE,T-shirt,Clothing,68,California,XL,Olive,Winter,3.2,No,Bank Transfer,Standard,No,No,36,Cash,Weekly,,2024-01-01 00:00:00,2644,
327,62.0,Male,Scarf,Accessories,41,New Jersey,M,White,Fall,3.2,Yes,Cash,Store Pickup,Yes,Yes,48,Bank Transfer,Weekly,,2024-01-01 00:00:00,2645,
2609,42.0,Male,Jacket,Outerwear,68,Mississippi,L,Orange,Fall,4.2,No,PayPal,2-Day Shipping,No,No,48,Credit Card,Fortnightly,,2024-01-01 00:00:00,2646,
1384,36.0,Male,Scarf,Accessories,58,Wisconsin,M,Beige,Spring,3.3,No,Bank Transfer,Express,Yes,Yes,4,Venmo,Monthly,,2024-01-01 00:00:00,2647,
1725,42.0,Male,Shoes,Footwear,72,Delaware,S,Teal,Winter,3.3,No,PayPal,Free Shipping,No,No,21,PayPal,Weekly,,2024-01-01 00:00:00,2648,
1087,53.0,Male,Sunglasses,Accessories,62,Alaska,M,Olive,Winter,3.0,No,PayPal,,Yes,Yes,27,PayPal,Bi-Weekly,,2024-01-01 00:00:00,2649,
3211,30.0,Female,Socks,Clothing,67,,M,Magenta,Summer,2.9,No,Debit Card,Express,,No,43,Venmo,Bi-Weekly,,2024-01-01 00:00:00,2650,
342,20.0,Male,Hat,Accessories,20,Utah,S,Blue,Summer,4.6,Yes,Credit Card,Store Pickup,Yes,Yes,40,Debit Card,Bi-Weekly,,2024-01-01 00:00:00,2651,
148,63.0,Male,Shoes,Footwear,64,Idaho,M,Purple,Summer,3.5,Yes,Bank Transfer,2-Day Shipping,Yes,Yes,31,Bank Transfer,Fortnightly,,2024-01-01 00:00:00,2652,
3110,60.0,Female,Jacket,Outerwear,92,Illinois,M,Gray,Winter,4.3,No,Credit Card,Free Shipping,,No,47,Bank Transfer,Fortnightly,,2024-01-01 00:00:00,2653,
1108,69.0,Male,Sneakers,Footwear,62,Texas,M,Peach,Fall,2.8,No,Venmo,Store Pickup,Yes,Yes,26,Bank Transfer,Weekly,,2024-01-01 00:00:00,2654,
849,48.0,Male,Sandals,Footwear,73,Delaware,M,Lavender,Fall,3.6,Yes,PayPal,Store Pickup,Yes,Yes,33,Credit Card,Bi-Weekly,,2024-01-01 00:00:00,2655,
967,58.0,Male,Dress,Clothing,55,Kentucky,M,Brown,Spring,,Yes,Cash,,Yes,Yes,19,Cash,Annually,,2024-01-01 00:00:00,2656,
3278,59.0,FEMALE,Skirt,Clothing,86,Texas,M,Blue,Spring,4.9,No,Cash,Store Pickup,No,No,3,Credit Card,Monthly,,2024-01-01 00:00:00,2657,
2204,53.0,Male,Dress,Clothing,79,,M,Indigo,Winter,3.1,No,Venmo,,No,No,32,Cash,Quarterly,,2024-01-01 00:00:00,2658,
662,57.0,Male,Shirt,Clothing,68,Iowa,XL,Green,Fall,4.1,Yes,Cash,Store Pickup,Yes,Yes,39,Credit Card,Quarterly,,2024-01-01 00:00:00,2659,
1003,55.0,Male,Shoes,Footwear,59,,M,White,Spring,3.5,Yes,Credit Card,Store Pickup,Yes,Yes,3,Bank Transfer,Bi-Weekly,,2024-01-01 00:00:00,2660,
3114,46.0,Female,Shirt,Clothing,93,Nebraska,L,Green,Summer,2.6,No,PayPal,Express,No,No,2,Debit Card,Weekly,,2024-01-01 00:00:00,2661,
3356,40.0,Female,Blouse,Clothing,28,Delaware,M,Peach,Spring,2.6,No,Debit Card,Store Pickup,No,No,3,Bank Transfer,Bi-Weekly,,2024-01-01 00:00:00,2662,
3117,50.0,Female,Coat,Outerwear,66,Montana,L,Gray,Spring,3.7,No,Debit Card,Store Pickup,No,No,1,Venmo,Weekly,,2024-01-01 00:00:00,2663,
3549,63.0,FEMALE,Blouse,Clothing,37,Utah,M,Red,Fall,3.0,No,Venmo,Standard,No,No,47,Debit Card,Fortnightly,,2024-01-01 00:00:00,2664,
1880,56.0,Male,T-shirt,Clothing,33,Tennessee,L,Charcoal,Spring,3.5,No,Debit Card,Express,No,No,46,Cash,Bi-Weekly,,2024-01-01 00:00:00,2665,
3772,21.0,Female,T-shirt,Clothing,86,Oklahoma,M,Red,Winter,2.6,No,Bank Transfer,Express,No,No,28,Venmo,Bi-Weekly,,2024-01-01 00:00:00,2666,
1204,40.0,Male,Sneakers,Footwear,82,Minnesota,M,Orange,Winter,3.7,No,Bank Transfer,Free Shipping,Yes,Yes,23,Bank Transfer,Annually,,2024-01-01 00:00:00,2667,
1991,32.0,Male,Backpack,Accessories,95,Connecticut,L,White,Spring,,No,Debit Card,2-Day Shipping,No,No,15,PayPal,Annually,,2024-01-01 00:00:00,2668,
25,18.0,Male,Jacket,Outerwear,22,Florida,M,Green,Fall,2.9,Yes,Cash,Store Pickup,Yes,Yes,16,Debit Card,Weekly,,2024-01-01 00:00:00,2669,
3826,49.0,Female,Shorts,Clothing,35,Hawaii,L,Green,Fall,4.1,No,Bank Transfer,Express,No,No,47,Debit Card,Fortnightly,,2024-01-01 00:00:00,2670,
2697,57.0,Female,Coat,Outerwear,20,South Dakota,M,White,Spring,4.7,No,Credit Card,Free Shipping,No,No,12,Debit Card,Monthly,,2024-01-01 00:00:00,2671,
2765,63.0,Female,Sweater,Clothing,41,Arizona,XL,White,Spring,,No,Credit Card,Next Day Air,No,No,2,Debit Card,Weekly,,2024-01-01 00:00:00,2672,
3654,67.0,Female,Coat,Outerwear,20,Minnesota,M,Blue,Spring,3.9,No,Debit Card,Next Day Air,,No,39,Credit Card,Fortnightly,,2024-01-01 00:00:00,2673,
876,37.0,male,Sandals,Footwear,39,North Dakota,L,Gray,Summer,4.1,Yes,Venmo,Free Shipping,Yes,Yes,7,Bank Transfer,Every 3 Months,,2024-01-01 00:00:00,2674,
3603,58.0,Female,Skirt,Clothing,36,Wyoming,S,Magenta,Summer,3.3,No,Bank Transfer,Store Pickup,No,No,40,Debit Card,Quarterly,,2024-01-01 00:00:00,2675,
939,36.0,Male,Blouse,Clothing,97,Wisconsin,S,Teal,Fall,4.8,Yes,Bank Transfer,,Yes,Yes,21,Debit Card,Fortnightly,,2024-01-01 00:00:00,2676,
2395,40.0,Male,Sandals,Footwear,47,Connecticut,L,Peach,Fall,2.9,No,Cash,2-Day Shipping,No,No,23,Debit Card,Fortnightly,,2024-01-01 00:00:00,2677,
3340,20.0,Female,Gloves,Accessories,99,Nebraska,M,Cyan,Fall,3.6,No,Debit Card,,No,No,35,Cash,Fortnightly,,2024-01-01 00:00:00,2678,
2867,54.0,Female,Blouse,Clothing,75,Connecticut,S,Violet,Summer,3.1,No,Venmo,Free Shipping,No,No,19,Cash,Annually,,2024-01-01 00:00:00,2679,
386,67.0,Male,Shorts,Clothing,93,West Virginia,S,Yellow,Fall,2.7,Yes,Credit Card,Next Day Air,Yes,Yes,12,Credit Card,Bi-Weekly,,2024-01-01 00:00:00,2680,
3054,32.0,,Shoes,Footwear,91,Maine,L,Brown,Winter,3.2,No,Credit Card,Next Day Air,,No,22,Bank Transfer,Monthly,,2024-01-01 00:00:00,2681,
3342,,FEMALE,Jacket,Outerwear,50,Connecticut,XL,Olive,Summer,4.5,No,Venmo,Standard,,No,35,Credit Card,Monthly,,2024-01-01 00:00:00,2682,
2923,45.0,Female,Sunglasses,Accessories,68,Kentucky,L,Beige,Winter,3.5,No,Venmo,Express,No,No,16,PayPal,Quarterly,,2024-01-01 00:00:00,2683,
2292,28.0,,Coat,Outerwear,30,,M,Indigo,Spring,5.0,No,PayPal,2-Day Shipping,No,No,13,Credit Card,Quarterly,,2024-01-01 00:00:00,2684,
3284,,Female,Jacket,Outerwear,24,North Carolina,L,Purple,Spring,2.9,No,Credit Card,Express,No,No,10,Debit Card,Every 3 Months,,2024-01-01 00:00:00,2685,
937,31.0,Male,Shoes,Footwear,84,Maine,M,Pink,Summer,2.7,Yes,Debit Card,Free Shipping,Yes,Yes,28,Cash,Weekly,,2024-01-01 00:00:00,2686,
3569,29.0,Female,Sandals,Footwear,71,Arkansas,M,Purple,Spring,4.8,No,Cash,Next Day Air,No,No,14,PayPal,Quarterly,,2024-01-01 00:00:00,2687,
2361,49.0,male,Handbag,Accessories,80,New York,L,Silver,Fall,4.7,No,Debit Card,2-Day Shipping,No,No,27,Venmo,Every 3 Months,,2024-01-01 00:00:00,2688,
3498,35.0,Female,Handbag,Accessories,48,Colorado,M,Red,Spring,4.3,No,PayPal,Store Pickup,No,No,16,Venmo,Every 3 Months,,2024-01-01 00:00:00,2689,
1333,66.0,Male,Hoodie,Clothing,60,Alaska,S,Gold,Spring,4.3,No,Bank Transfer,Store Pickup,Yes,Yes,16,Bank Transfer,Quarterly,,2024-01-01 00:00:00,2690,
1935,34.0,Male,Jacket,Outerwear,43,Michigan,L,Gold,Winter,2.7,No,Debit Card,Free Shipping,No,No,23,Bank Transfer,Annually,,2024-01-01 00:00:00,2691,
936,,Male,Hoodie,Clothing,51,Ohio,L,White,Fall,2.6,Yes,Credit Card,,Yes,Yes,2,Bank Transfer,Fortnightly,,2024-01-01 00:00:00,2692,
2419,22.0,male,Pants,Clothing,69,Michigan,S,Indigo,Fall,4.0,No,Bank Transfer,Next Day Air,No,No,47,Cash,Every 3 Months,,2024-01-01 00:00:00,2693,
567,55.0,Male,Sneakers,Footwear,93,Alabama,M,Indigo,Spring,3.6,Yes,PayPal,Store Pickup,Yes,Yes,1,Debit Card,Fortnightly,,2024-01-01 00:00:00,2694,
1855,25.0,Male,Sweater,Clothing,61,Kentucky,M,Teal,Spring,3.8,No,Credit Card,Express,No,No,49,Credit Card,Annually,,2024-01-01 00:00:00,2695,
3224,68.0,Female,Shirt,Clothing,65,Montana,S,Gray,Spring,3.9,No,PayPal,Standard,No,No,36,Venmo,Bi-Weekly,,2024-01-01 00:00:00,2696,
2468,27.0,Male,Shorts,Clothing,72,New Jersey,M,Lavender,Spring,3.6,No,Debit Card,Express,No,No,28,Credit Card,Annually,,2024-01-01 00:00:00,2697,
1646,53.0,Male,Scarf,Accessories,36,Ohio,L,Green,Summer,2.8,No,Bank Transfer,Standard,Yes,Yes,36,Venmo,Every 3 Months,,2024-01-01 00:00:00,2698,
2822,35.0,Female,Shoes,Footwear,72,Georgia,L,Olive,Summer,4.5,No,Credit Card,Standard,No,No,37,Venmo,Monthly,,2024-01-01 00:00:00,2699,
1793,38.0,Male,Sneakers,Footwear,59,Iowa,M,Peach,Fall,3.0,No,Bank Transfer,Express,No,No,22,Debit Card,Every 3 Months,,2024-01-01 00:00:00,2700,
1431,48.0,Male,Sandals,Footwear,30,Michigan,S,Orange,Summer,4.9,No,PayPal,Free Shipping,Yes,Yes,3,Credit Card,Fortnightly,,2024-01-01 00:00:00,2701,
3086,24.0,Female,Sweater,Clothing,50,Nevada,L,Gray,Winter,2.8,No,Credit Card,Store Pickup,No,No,10,Venmo,Every 3 Months,,2024-01-01 00:00:00,2702,
1014,,Male,Belt,Accessories,69,South Carolina,XL,Green,Summer,3.8,Yes,Bank Transfer,2-Day Shipping,Yes,Yes,31,Venmo,Bi-Weekly,,2024-01-01 00:00:00,2703,
1929,25.0,Male,Sunglasses,Accessories,92,Mississippi,S,Lavender,Summer,,No,PayPal,Standard,No,No,10,PayPal,Weekly,,2024-01-01 00:00:00,2704,
2995,69.0,Female,Sweater,Clothing,100,Nevada,S,White,Winter,3.5,No,Cash,Store Pickup,No,No,14,Bank Transfer,Quarterly,,2024-01-01 00:00:00,2705,
127,43.0,Male,Shorts,Clothing,36,Mississippi,L,Pink,Spring,3.9,Yes,Bank Transfer,Store Pickup,Yes,Yes,48,Cash,Every 3 Months,,2024-01-01 00:00:00,2706,
3050,40.0,Female,Handbag,Accessories,60,Utah,L,Red,Summer,3.0,No,Debit Card,Next Day Air,No,No,41,Bank Transfer,Bi-Weekly,,2024-01-01 00:00:00,2707,
1348,,Male,Sweater,Clothing,95,,M,Cyan,Summer,3.9,No,Venmo,2-Day Shipping,Yes,Yes,47,Bank Transfer,Monthly,,2024-01-01 00:00:00,2708,
356,37.0,Male,Jewelry,Accessories,42,Oregon,XL,Magenta,Fall,4.1,Yes,Credit Card,2-Day Shipping,Yes,Yes,1,PayPal,Every 3 Months,,2024-01-01 00:00:00,2709,
828,31.0,Male,Shoes,Footwear,51,Colorado,S,Green,Fall,4.1,Yes,Credit Card,Free Shipping,Yes,Yes,33,Bank Transfer,Fortnightly,,2024-01-01 00:00:00,2710,
1640,41.0,Male,Gloves,Accessories,65,,L,Blue,Summer,3.3,,Bank Transfer,Free Shipping,Yes,Yes,50,PayPal,Annually,,2024-01-01 00:00:00,2711,
985,26.0,Male,Shoes,Footwear,78,Utah,M,Green,Summer,3.4,Yes,Cash,Free Shipping,,Yes,8,Credit Card,Bi-Weekly,,2024-01-01 00:00:00,2712,
2189,41.0,Male,Coat,Outerwear,54,California,M,Brown,Winter,4.7,,PayPal,Next Day Air,No,No,9,Credit Card,Weekly,,2024-01-01 00:00:00,2713,
3402,,FEMALE,Backpack,Accessories,71,Nevada,L,Peach,Winter,3.4,No,Venmo,Standard,No,No,39,Credit Card,Weekly,,2024-01-01 00:00:00,2714,
2444,24.0,,Backpack,Accessories,30,South Dakota,M,Green,Spring,3.4,No,Venmo,2-Day Shipping,,No,24,Bank Transfer,Bi-Weekly,,2024-01-01 00:00:00,2715,
363,53.0,Male,Sneakers,Footwear,64,Texas,M,Charcoal,Fall,3.4,Yes,Cash,Free Shipping,Yes,Yes,1,Venmo,Fortnightly,,2024-01-01 00:00:00,2716,
2350,65.0,Male,Blouse,Clothing,34,New York,M,Orange,Fall,3.9,No,Venmo,Standard,No,No,40,Credit Card,Every 3 Months,,2024-01-01 00:00:00,2717,
346,48.0,Male,Shoes,Footwear,59,Wyoming,S,Olive,Winter,4.4,Yes,Cash,Next Day Air,Yes,Yes,27,Bank Transfer,Annually,,2024-01-01 00:00:00,2718,
2904,,Female,Scarf,Accessories,39,Delaware,S,Teal,Spring,3.5,No,Venmo,2-Day Shipping,No,No,24,Credit Card,Every 3 Months,,2024-01-01 00:00:00,2719,
3392,47.0,Female,Hoodie,Clothing,57,Montana,M,Silver,Fall,,No,Cash,2-Day Shipping,No,No,6,Debit Card,Every 3 Months,,2024-01-01 00:00:00,2720,
712,64.0,Male,Boots,Footwear,60,New Hampshire,M,Maroon,Spring,3.5,Yes,PayPal,2-Day Shipping,Yes,Yes,13,Bank Transfer,Bi-Weekly,,2024-01-01 00:00:00,2721,
2753,48.0,FEMALE,Sweater,Clothing,64,Colorado,S,Peach,Winter,4.0,No,Cash,Free Shipping,No,No,30,Venmo,Bi-Weekly,,2024-01-01 00:00:00,2722,
2743,27.0,Female,Shoes,Footwear,86,Texas,M,Black,Spring,3.9,No,PayPal,Free Shipping,No,No,47,Debit Card,Annually,,2024-01-01 00:00:00,2723,
11,53.0,male,Shoes,Footwear,34,Arkansas,L,Purple,Fall,4.1,Yes,Credit Card,Store Pickup,Yes,Yes,26,Bank Transfer,Bi-Weekly,,2024-01-01 00:00:00,2724,
3212,53.0,Female,Pants,Clothing,65,Rhode Island,L,Turquoise,Winter,4.9,No,Credit Card,Standard,No,No,12,Cash,Monthly,,2024-01-01 00:00:00,2725,
2117,67.0,Male,Jacket,Outerwear,23,,M,Teal,Summer,2.9,No,PayPal,Express,No,No,50,Debit Card,Bi-Weekly,,2024-01-01 00:00:00,2726,
1835,49.0,Male,Skirt,Clothing,35,Indiana,M,Charcoal,Summer,4.1,No,Venmo,2-Day Shipping,No,No,39,Venmo,Fortnightly,,2024-01-01 00:00:00,2727,
794,24.0,male,Pants,Clothing,35,Alabama,L,Maroon,Summer,3.8,Yes,Cash,Free Shipping,Yes,Yes,16,Credit Card,Monthly,,2024-01-01 00:00:00,2728,
3694,66.0,Female,Blouse,Clothing,46,South Dakota,M,Violet,Summer,4.7,No,Debit Card,2-Day Shipping,No,No,10,Venmo,Weekly,,2024-01-01 00:00:00,2729,
2675,40.0,Female,Hat,Accessories,41,Florida,S,Charcoal,Fall,,No,Debit Card,Express,No,No,15,Cash,Every 3 Months,,2024-01-01 00:00:00,2730,
95,58.0,Male,Skirt,Clothing,76,Nevada,S,Silver,Spring,4.6,Yes,Bank Transfer,Free Shipping,Yes,Yes,28,Credit Card,Weekly,,2024-01-01 00:00:00,2731,
130,24.0,male,Dress,Clothing,67,Pennsylvania,XL,Olive,Summer,4.2,Yes,Cash,2-Day Shipping,Yes,Yes,49,PayPal,Bi-Weekly,,2024-01-01 00:00:00,2732,
2372,67.0,Male,Socks,Clothing,25,Indiana,M,Charcoal,Winter,3.7,No,PayPal,Next Day Air,No,No,28,Debit Card,Annually,,2024-01-01 00:00:00,2733,
2979,53.0,FEMALE,Shorts,Clothing,56,Idaho,S,Cyan,Spring,3.9,No,Credit Card,Free Shipping,No,No,49,Bank Transfer,Fortnightly,,2024-01-01 00:00:00,2734,
3887,37.0,Female,Jewelry,Accessories,92,Iowa,S,Brown,Summer,3.9,No,Bank Transfer,Express,No,No,40,Debit Card,Quarterly,,2024-01-01 00:00:00,2735,
2264,44.0,Male,Scarf,Accessories,40,Indiana,XL,Green,Winter,3.5,No,PayPal,Store Pickup,No,No,42,Cash,Quarterly,,2024-01-01 00:00:00,2736,
1901,65.0,Male,Jewelry,Accessories,85,Iowa,S,Blue,Summer,,No,Debit Card,Free Shipping,No,No,34,Cash,Quarterly,,2024-01-01 00:00:00,2737,
2914,43.0,Female,Coat,Outerwear,83,Wyoming,L,Cyan,Winter,3.5,No,Debit Card,Express,No,No,12,Cash,Every 3 Months,,2024-01-01 00:00:00,2738,
3187,38.0,Female,Jewelry,Accessories,93,Virginia,S,Cyan,Winter,4.8,No,PayPal,Store Pickup,No,No,43,Venmo,Annually,,2024-01-01 00:00:00,2739,
1933,42.0,Male,Hoodie,Clothing,36,Maryland,M,White,Spring,5.0,No,Cash,Free Shipping,No,No,47,Credit Card,Every 3 Months,,2024-01-01 00:00:00,2740,
2853,40.0,,Belt,Accessories,71,New York,M,Magenta,Spring,3.0,No,Credit Card,Store Pickup,No,No,30,Venmo,Weekly,,2024-01-01 00:00:00,2741,
1866,56.0,Male,Pants,Clothing,62,Missouri,S,Silver,Summer,3.8,No,Venmo,Store Pickup,No,No,12,Bank Transfer,Monthly,,2024-01-01 00:00:00,2742,
1659,32.0,male,Jewelry,Accessories,66,Alaska,S,Pink,Spring,4.1,No,Debit Card,Store Pickup,Yes,Yes,47,Cash,Weekly,,2024-01-01 00:00:00,2743,
517,34.0,male,Hoodie,Clothing,41,West Virginia,L,Indigo,Fall,2.8,Yes,Cash,2-Day Shipping,Yes,Yes,19,Debit Card,Bi-Weekly,,2024-01-01 00:00:00,2744,
1858,51.0,male,T-shirt,Clothing,85,Colorado,L,Maroon,Summer,4.0,No,Cash,Next Day Air,No,No,33,Cash,Monthly,,2024-01-01 00:00:00,2745,
2646,23.0,Male,Scarf,Accessories,81,Louisiana,L,Olive,Spring,4.0,No,Bank Transfer,Store Pickup,No,No,24,Bank Transfer,Bi-Weekly,,2024-01-01 00:00:00,2746,
2244,56.0,Male,Shirt,Clothing,21,Massachusetts,M,Teal,Winter,3.7,No,Cash,2-Day Shipping,No,No,13,Debit Card,Annually,,2024-01-01 00:00:00,2747,
1278,19.0,Male,Blouse,Clothing,97,Rhode Island,L,Green,Spring,5.0,No,Debit Card,Express,Yes,Yes,5,Venmo,Quarterly,,2024-01-01 00:00:00,2748,
3871,61.0,Female,Sandals,Footwear,46,Ohio,L,Lavender,Fall,3.2,No,Bank Transfer,Next Day Air,No,No,19,Cash,Every 3 Months,,2024-01-01 00:00:00,2749,
951,54.0,male,Backpack,Accessories,37,New Mexico,XL,Turquoise,Winter,4.1,Yes,Cash,Free Shipping,Yes,Yes,30,PayPal,Quarterly,,2024-01-01 00:00:00,2750,
1121,22.0,Male,Sneakers,Footwear,84,Pennsylvania,M,Magenta,Winter,4.0,No,Venmo,Next Day Air,,Yes,40,Debit Card,Monthly,,2024-01-01 00:00:00,2751,
2598,60.0,Male,Jewelry,Accessories,25,Alabama,XL,Teal,Summer,4.4,No,Bank Transfer,Store Pickup,No,No,13,Venmo,Bi-Weekly,,2024-01-01 00:00:00,2752,
2205,20.0,,Jeans,Clothing,41,Oregon,S,Lavender,Winter,3.4,No,Venmo,2-Day Shipping,No,No,6,Debit Card,Monthly,,2024-01-01 00:00:00,2753,
420,53.0,Male,Shorts,Clothing,91,Utah,S,Teal,Winter,3.5,Yes,Credit Card,Free Shipping,Yes,Yes,14,Credit Card,Every 3 Months,,2024-01-01 00:00:00,2754,
923,63.0,Male,Sneakers,Footwear,60,Georgia,M,Cyan,Fall,4.2,Yes,Venmo,Standard,Yes,Yes,13,Credit Card,Monthly,,2024-01-01 00:00:00,2755,
3585,39.0,Female,Sneakers,Footwear,52,Florida,L,Indigo,Fall,4.8,No,Debit Card,Express,No,No,48,Debit Card,Monthly,,2024-01-01 00:00:00,2756,
478,42.0,Male,Sweater,Clothing,56,North Dakota,M,Green,Summer,3.7,Yes,Credit Card,Free Shipping,Yes,Yes,49,Debit Card,Weekly,,2024-01-01 00:00:00,2757,
2036,53.0,Male,T-shirt,Clothing,70,Oklahoma,S,Yellow,Summer,4.1,No,Venmo,Express,No,No,43,Bank Transfer,Weekly,,2024-01-01 00:00:00,2758,
3347,30.0,Female,Jeans,Clothing,99,Oklahoma,M,Black,Summer,3.4,No,PayPal,Express,No,No,30,Venmo,Quarterly,,2024-01-01 00:00:00,2759,
1693,56.0,Male,Handbag,Accessories,75,Utah,M,Beige,Winter,2.6,No,Debit Card,Standard,No,No,33,Cash,Bi-Weekly,,2024-01-01 00:00:00,2760,
2944,,Female,Shirt,Clothing,44,Virginia,M,Orange,Spring,3.4,,Debit Card,Standard,No,No,37,Credit Card,Monthly,,2024-01-01 00:00:00,2761,
1472,31.0,Male,Jewelry,Accessories,71,Alaska,S,Gray,Spring,,No,PayPal,2-Day Shipping,Yes,Yes,48,Venmo,Every 3 Months,,2024-01-01 00:00:00,2762,
2602,61.0,Male,Dress,Clothing,33,Mississippi,L,Orange,Winter,2.9,No,PayPal,Store Pickup,No,No,43,Cash,Monthly,,2024-01-01 00:00:00,2763,
1203,48.0,Male,Scarf,Accessories,29,Maryland,S,Olive,Spring,2.9,No,Bank Transfer,Standard,Yes,Yes,14,Venmo,Every 3 Months,,2024-01-01 00:00:00,2764,
2439,32.0,male,Jeans,Clothing,20,Delaware,S,Cyan,Winter,3.4,No,Cash,Express,No,No,30,Venmo,Weekly,,2024-01-01 00:00:00,2765,
2627,50.0,Male,Jacket,Outerwear,46,Rhode Island,XL,Silver,Fall,4.2,No,Bank Transfer,Express,,No,30,Credit Card,Every 3 Months,,2024-01-01 00:00:00,2766,
1670,42.0,Male,T-shirt,Clothing,59,,L,Maroon,Winter,2.7,No,PayPal,Store Pickup,Yes,Yes,22,Bank Transfer,Quarterly,,2024-01-01 00:00:00,2767,
3711,60.0,Female,Jewelry,Accessories,40,Hawaii,M,Yellow,Summer,3.6,No,PayPal,,No,No,32,Bank Transfer,Fortnightly,,2024-01-01 00:00:00,2768,
1971,28.0,Male,Belt,Accessories,94,Maryland,M,Indigo,Spring,2.9,No,Debit Card,Next Day Air,No,No,4,Credit Card,Bi-Weekly,,2024-01-01 00:00:00,2769,
2152,70.0,Male,Jeans,Clothing,58,,L,Brown,Fall,2.6,No,Venmo,2-Day Shipping,No,No,18,Venmo,Monthly,,2024-01-01 00:00:00,2770,
821,56.0,Male,Sneakers,Footwear,39,Louisiana,M,Turquoise,Spring,2.5,Yes,Cash,2-Day Shipping,Yes,Yes,27,Debit Card,Monthly,,2024-01-01 00:00:00,2771,
1998,42.0,Male,Backpack,Accessories,25,Connecticut,M,Purple,Fall,4.7,No,PayPal,Express,No,No,10,Debit Card,Bi-Weekly,,2024-01-01 00:00:00,2772,
3838,45.0,Female,Hoodie,Clothing,100,New Mexico,M,Green,Spring,4.8,No,Debit Card,Free Shipping,No,No,33,Bank Transfer,Fortnightly,,2024-01-01 00:00:00,2773,
1249,62.0,Male,Hat,Accessories,37,Wisconsin,XL,Red,Winter,3.0,No,Credit Card,Free Shipping,Yes,Yes,8,Credit Card,Annually,,2024-01-01 00:00:00,2774,
2922,20.0,Female,Handbag,Accessories,24,Wisconsin,M,Cyan,Fall,4.6,No,Venmo,Standard,No,No,11,Cash,Fortnightly,,2024-01-01 00:00:00,2775,
2713,,Female,Jacket,Outerwear,95,North Dakota,L,Brown,Fall,4.6,No,Credit Card,Standard,No,No,7,Debit Card,Quarterly,,2024-01-01 00:00:00,2776,
3556,25.0,Female,Blouse,Clothing,23,Delaware,L,Silver,Spring,4.6,No,PayPal,Next Day Air,No,No,45,Cash,Quarterly,,2024-01-01 00:00:00,2777,
2191,42.0,male,Belt,Accessories,75,Alaska,S,Maroon,Spring,4.6,No,Debit Card,Express,No,No,33,Credit Card,Annually,,2024-01-01 00:00:00,2778,
3492,22.0,FEMALE,Pants,Clothing,28,Maine,M,Orange,Winter,4.3,No,Bank Transfer,Express,No,No,15,Cash,Monthly,,2024-01-01 00:00:00,2779,
1047,,Male,Sneakers,Footwear,22,Illinois,M,Magenta,Winter,4.2,Yes,Credit Card,Standard,Yes,Yes,12,Venmo,Annually,,2024-01-01 00:00:00,2780,
1889,62.0,Male,Hoodie,Clothing,89,South Dakota,XL,Turquoise,Winter,3.4,,Bank Transfer,Free Shipping,No,No,48,Credit Card,Weekly,,2024-01-01 00:00:00,2781,
2470,68.0,Male,Sandals,Footwear,92,Maryland,M,Yellow,Fall,5.0,No,Cash,Standard,No,No,27,PayPal,Annually,,2024-01-01 00:00:00,2782,
616,67.0,Male,Sandals,Footwear,100,Maryland,L,Olive,Summer,,Yes,Debit Card,Next Day Air,Yes,Yes,23,Venmo,Annually,,2024-01-01 00:00:00,2783,
1319,52.0,Male,Shorts,Clothing,93,Connecticut,M,Maroon,Spring,2.7,No,Venmo,Express,Yes,Yes,19,Credit Card,Bi-Weekly,,2024-01-01 00:00:00,2784,
3861,57.0,Female,Sunglasses,Accessories,64,Pennsylvania,M,Turquoise,Summer,4.4,No,Credit Card,Next Day Air,No,No,44,Cash,Annually,,2024-01-01 00:00:00,2785,
1718,29.0,Male,Hoodie,Clothing,50,Hawaii,L,Orange,Summer,2.9,No,Cash,Express,No,No,16,Debit Card,Bi-Weekly,,2024-01-01 00:00:00,2786,
15,64.0,Male,Coat,Outerwear,53,New York,L,Teal,Winter,4.7,Yes,PayPal,Free Shipping,Yes,Yes,34,Debit Card,Weekly,,2024-01-01 00:00:00,2787,
2137,47.0,Male,Sunglasses,Accessories,93,New York,M,Red,Summer,2.8,No,Bank Transfer,Standard,No,No,25,Bank Transfer,Fortnightly,,2024-01-01 00:00:00,2788,
3272,35.0,FEMALE,Socks,Clothing,55,Nevada,XL,Magenta,Spring,4.4,No,Debit Card,Standard,No,No,30,Credit Card,Weekly,,2024-01-01 00:00:00,2789,
1773,58.0,Male,Shoes,Footwear,34,Hawaii,M,Gold,Summer,3.1,No,PayPal,2-Day Shipping,No,No,1,Bank Transfer,Annually,,2024-01-01 00:00:00,2790,
786,46.0,male,Shorts,Clothing,62,Louisiana,S,Purple,Spring,4.0,Yes,Bank Transfer,Next Day Air,Yes,Yes,37,PayPal,Fortnightly,,2024-01-01 00:00:00,2791,
132,28.0,,Skirt,Clothing,29,Maine,L,Indigo,Summer,3.9,,PayPal,Standard,Yes,Yes,46,Credit Card,Weekly,,2024-01-01 00:00:00,2792,
3649,31.0,Female,Skirt,Clothing,67,New York,M,White,Winter,5.0,No,Cash,Free Shipping,No,No,45,Cash,Bi-Weekly,,2024-01-01 00:00:00,2793,
78,22.0,Male,Dress,Clothing,53,Delaware,L,Gold,Summer,,Yes,Debit Card,Next Day Air,Yes,Yes,36,Debit Card,Fortnightly,,2024-01-01 00:00:00,2794,
2053,45.0,Male,Backpack,Accessories,48,New Hampshire,M,Gray,Winter,,No,PayPal,2-Day Shipping,No,No,30,Bank Transfer,Annually,,2024-01-01 00:00:00,2795,
725,37.0,male,T-shirt,Clothing,79,New Hampshire,XL,Green,Fall,4.7,Yes,Cash,Store Pickup,Yes,Yes,36,Venmo,Every 3 Months,,2024-01-01 00:00:00,2796,
1315,42.0,Male,Boots,Footwear,67,Missouri,S,Magenta,Summer,3.4,No,Venmo,Free Shipping,Yes,Yes,49,Debit Card,Annually,,2024-01-01 00:00:00,2797,
1852,28.0,Male,Skirt,Clothing,80,Delaware,S,Lavender,Fall,3.1,No,Venmo,Free Shipping,No,No,4,Bank Transfer,Fortnightly,,2024-01-01 00:00:00,2798,
2601,21.0,Male,Belt,Accessories,83,New York,M,Gray,Fall,3.9,No,Debit Card,Express,No,No,6,Bank Transfer,Bi-Weekly,,2024-01-01 00:00:00,2799,
3057,69.0,Female,Gloves,Accessories,59,New Jersey,M,Beige,Spring,3.8,No,Credit Card,Standard,No,No,15,Cash,Bi-Weekly,,2024-01-01 00:00:00,2800,
3430,27.0,Female,Skirt,Clothing,96,Alaska,S,Purple,Winter,4.6,No,Debit Card,Express,No,No,34,Debit Card,Weekly,,2024-01-01 00:00:00,2801,
1373,64.0,Male,Blouse,Clothing,61,Michigan,M,Gray,Fall,4.0,No,Credit Card,,Yes,Yes,44,PayPal,Bi-Weekly,,2024-01-01 00:00:00,2802,
1856,60.0,Male,Shirt,Clothing,76,Rhode Island,XL,Teal,Spring,4.7,No,Bank Transfer,Standard,No,No,9,Cash,Annually,,2024-01-01 00:00:00,2803,
1320,65.0,Male,Sunglasses,Accessories,24,Oklahoma,M,Magenta,Spring,4.0,No,Credit Card,Standard,Yes,Yes,48,Bank Transfer,Weekly,,2024-01-01 00:00:00,2804,
2561,58.0,Male,Boots,Footwear,62,California,M,Violet,Spring,2.7,No,Debit Card,Next Day Air,No,No,17,Debit Card,Bi-Weekly,,2024-01-01 00:00:00,2805,
3847,57.0,Female,Blouse,Clothing,58,Pennsylvania,L,Orange,Summer,4.0,No,Credit Card,Express,No,No,40,PayPal,Every 3 Months,,2024-01-01 00:00:00,2806,
3260,57.0,Female,Hat,Accessories,95,Oklahoma,XL,Indigo,Fall,3.7,No,PayPal,2-Day Shipping,No,No,5,Debit Card,Every 3 Months,,2024-01-01 00:00:00,2807,
2885,55.0,Female,Boots,Footwear,50,Arkansas,M,Purple,Summer,3.4,No,Bank Transfer,2-Day Shipping,No,No,47,Credit Card,Every 3 Months,,2024-01-01 00:00:00,2808,
376,59.0,Male,Sunglasses,Accessories,32,Oklahoma,M,Olive,Summer,4.4,Yes,Debit Card,Standard,Yes,Yes,6,Debit Card,Quarterly,,2024-01-01 00:00:00,2809,
1909,18.0,Male,Scarf,Accessories,71,Georgia,XL,Charcoal,Winter,2.7,No,Credit Card,Next Day Air,No,No,19,Debit Card,Bi-Weekly,,2024-01-01 00:00:00,2810,
334,39.0,Male,Sweater,Clothing,64,Alaska,M,Teal,Winter,4.5,Yes,Cash,Standard,Yes,Yes,15,Bank Transfer,Bi-Weekly,,2024-01-01 00:00:00,2811,
3760,44.0,Female,Sneakers,Footwear,61,Missouri,M,Pink,Spring,3.5,No,Credit Card,,No,No,30,Venmo,Quarterly,,2024-01-01 00:00:00,2812,
3866,25.0,Female,Shorts,Clothing,42,Nebraska,M,Olive,Spring,4.2,No,Cash,Store Pickup,,No,28,Cash,Every 3 Months,,2024-01-01 00:00:00,2813,
2366,52.0,male,Sneakers,Footwear,91,,S,Peach,Winter,2.5,No,Cash,Next Day Air,No,No,32,Venmo,Monthly,,2024-01-01 00:00:00,2814,
1605,18.0,Male,Sweater,Clothing,92,Maine,M,White,Summer,4.8,No,Venmo,2-Day Shipping,Yes,Yes,25,Credit Card,Every 3 Months,,2024-01-01 00:00:00,2815,
1119,49.0,Male,Belt,Accessories,65,Indiana,M,Purple,Summer,4.9,No,Debit Card,Standard,Yes,Yes,11,PayPal,Every 3 Months,,2024-01-01 00:00:00,2816,
3787,,FEMALE,Boots,Footwear,47,Tennessee,L,Yellow,Fall,3.6,No,Venmo,2-Day Shipping,No,No,22,Venmo,Weekly,,2024-01-01 00:00:00,2817,
1944,,Male,Socks,Clothing,53,Wisconsin,L,Violet,Summer,3.8,No,Debit Card,Next Day Air,No,No,45,Cash,Annually,,2024-01-01 00:00:00,2818,
3011,70.0,Female,Belt,Accessories,45,Ohio,M,Violet,Winter,3.3,No,Bank Transfer,Free Shipping,No,No,15,Credit Card,Annually,,2024-01-01 00:00:00,2819,
2377,21.0,Male,Gloves,Accessories,94,Tennessee,XL,Cyan,Spring,4.1,No,Venmo,Express,No,No,5,Cash,Weekly,,2024-01-01 00:00:00,2820,
3361,22.0,Female,Jacket,Outerwear,81,Minnesota,M,Maroon,Spring,3.3,No,Venmo,2-Day Shipping,No,No,47,Cash,Every 3 Months,,2024-01-01 00:00:00,2821,
1343,57.0,Male,Sunglasses,Accessories,43,Arizona,XL,Yellow,Summer,3.4,No,Cash,2-Day Shipping,Yes,Yes,11,Bank Transfer,Monthly,,2024-01-01 00:00:00,2822,
321,66.0,Male,Jewelry,Accessories,72,Kansas,L,White,Summer,4.9,Yes,PayPal,Standard,Yes,Yes,28,Debit Card,Quarterly,,2024-01-01 00:00:00,2823,
1620,57.0,Male,Handbag,Accessories,78,Hawaii,L,Beige,Winter,3.5,No,Cash,Store Pickup,Yes,Yes,50,Venmo,Bi-Weekly,,2024-01-01 00:00:00,2824,
3251,23.0,Female,Coat,Outerwear,90,,M,Teal,Spring,2.9,No,Cash,2-Day Shipping,No,No,15,Venmo,Weekly,,2024-01-01 00:00:00,2825,
2061,21.0,Male,Belt,Accessories,63,Wisconsin,M,Blue,Fall,3.2,No,Debit Card,Next Day Air,No,No,23,Bank Transfer,Quarterly,,2024-01-01 00:00:00,2826,
2220,33.0,male,Blouse,Clothing,91,Minnesota,S,Purple,Fall,2.8,No,PayPal,Store Pickup,No,No,16,Bank Transfer,Fortnightly,,2024-01-01 00:00:00,2827,
1674,21.0,male,Blouse,Clothing,62,,M,Violet,Fall,3.4,No,Debit Card,Next Day Air,Yes,Yes,49,Venmo,Bi-Weekly,,2024-01-01 00:00:00,2828,
1943,,Male,Pants,Clothing,28,Alabama,M,Cyan,Fall,3.4,,Credit Card,Express,No,No,22,PayPal,Monthly,,2024-01-01 00:00:00,2829,
261,38.0,male,Hat,Accessories,57,Montana,S,Red,Winter,3.2,Yes,Bank Transfer,2-Day Shipping,Yes,Yes,11,Credit Card,Every 3 Months,,2024-01-01 00:00:00,2830,
3128,55.0,Female,Gloves,Accessories,94,Louisiana,M,Beige,Winter,3.4,,Credit Card,Free Shipping,No,No,43,Credit Card,Every 3 Months,,2024-01-01 00:00:00,2831,
2040,35.0,,T-shirt,Clothing,51,Minnesota,M,Olive,Spring,,No,Cash,Next Day Air,No,No,31,Debit Card,Bi-Weekly,,2024-01-01 00:00:00,2832,
690,19.0,Male,Hoodie,Clothing,91,Pennsylvania,M,Orange,Summer,4.7,Yes,Cash,Express,Yes,Yes,35,Credit Card,Every 3 Months,,2024-01-01 00:00:00,2833,
902,60.0,Male,Scarf,Accessories,68,Missouri,L,Violet,Summer,4.7,Yes,Debit Card,2-Day Shipping,Yes,Yes,34,Cash,Monthly,,2024-01-01 00:00:00,2834,
2307,27.0,Male,Gloves,Accessories,78,Florida,L,Silver,Winter,3.4,No,Cash,Standard,No,No,8,Cash,Bi-Weekly,,2024-01-01 00:00:00,2835,
2027,37.0,Male,Scarf,Accessories,35,Maine,M,Orange,Winter,3.6,No,Bank Transfer,,No,No,45,Bank Transfer,Every 3 Months,,2024-01-01 00:00:00,2836,
139,,Male,Skirt,Clothing,29,Georgia,M,Maroon,Winter,,Yes,Cash,Store Pickup,,Yes,42,Bank Transfer,Weekly,,2024-01-01 00:00:00,2837,
1918,38.0,Male,Skirt,Clothing,71,Hawaii,L,Black,Winter,3.4,No,Venmo,Free Shipping,No,No,35,PayPal,Bi-Weekly,,2024-01-01 00:00:00,2838,
1829,33.0,Male,Coat,Outerwear,80,New Hampshire,L,Gray,Spring,3.9,No,Debit Card,Express,No,No,45,Cash,Every 3 Months,,2024-01-01 00:00:00,2839,
1574,36.0,Male,T-shirt,Clothing,31,North Dakota,L,Indigo,Summer,4.3,No,Debit Card,2-Day Shipping,Yes,Yes,25,Debit Card,Weekly,,2024-01-01 00:00:00,2840,
320,47.0,Male,Shorts,Clothing,74,Maine,XL,White,Spring,2.6,Yes,Venmo,Standard,Yes,Yes,1,Cash,Every 3 Months,,2024-01-01 00:00:00,2841,
654,20.0,Male,Scarf,Accessories,68,North Dakota,M,Olive,Winter,3.6,Yes,Credit Card,2-Day Shipping,Yes,Yes,45,Cash,Fortnightly,,2024-01-01 00:00:00,2842,
2138,27.0,Male,Socks,Clothing,51,Indiana,XL,Purple,Winter,,No,Bank Transfer,2-Day Shipping,No,No,20,Credit Card,Every 3 Months,,2024-01-01 00:00:00,2843,
3087,47.0,FEMALE,Handbag,Accessories,73,Utah,M,Lavender,Summer,3.5,No,Debit Card,Next Day Air,No,No,26,Venmo,Every 3 Months,,2024-01-01 00:00:00,2844,
559,50.0,male,Sneakers,Footwear,77,Iowa,L,Teal,Fall,3.2,Yes,Venmo,Express,Yes,Yes,43,Debit Card,Every 3 Months,,2024-01-01 00:00:00,2845,
2188,37.0,Male,Blouse,Clothing,78,Idaho,M,Violet,Spring,,No,Venmo,Free Shipping,,No,20,PayPal,Annually,,2024-01-01 00:00:00,2846,
113,37.0,Male,Gloves,Accessories,65,,M,Red,Spring,4.3,Yes,Credit Card,Free Shipping,Yes,Yes,28,PayPal,Bi-Weekly,,2024-01-01 00:00:00,2847,
532,50.0,Male,Sandals,Footwear,-1,Vermont,L,Purple,Fall,3.4,,Bank Transfer,Next Day Air,Yes,Yes,42,Cash,Weekly,,2024-01-01 00:00:00,2848,
225,63.0,male,Socks,Clothing,83,South Dakota,S,Beige,Summer,2.9,Yes,PayPal,Free Shipping,Yes,Yes,12,Cash,Every 3 Months,,2024-01-01 00:00:00,2849,
724,35.0,Male,Jewelry,Accessories,53,Missouri,L,Cyan,Fall,3.5,Yes,Cash,Express,Yes,Yes,43,PayPal,Monthly,,2024-01-01 00:00:00,2850,
3227,57.0,Female,Sneakers,Footwear,71,Minnesota,XL,Beige,Spring,3.3,No,Debit Card,Next Day Air,No,No,38,Bank Transfer,Fortnightly,,2024-01-01 00:00:00,2851,
3433,36.0,Female,Boots,Footwear,44,Connecticut,M,Gray,Summer,4.8,No,Credit Card,2-Day Shipping,No,No,46,PayPal,Every 3 Months,,2024-01-01 00:00:00,2852,
1434,70.0,Male,Hoodie,Clothing,60,Minnesota,L,Yellow,Winter,3.2,No,Venmo,Next Day Air,Yes,Yes,45,Debit Card,Weekly,,2024-01-01 00:00:00,2853,
2374,37.0,Male,Hoodie,Clothing,20,Michigan,M,Gray,Spring,4.9,No,Bank Transfer,Express,No,No,21,Debit Card,Every 3 Months,,2024-01-01 00:00:00,2854,
3098,48.0,Female,Shoes,Footwear,33,Delaware,M,Silver,Fall,3.7,No,Debit Card,,No,No,39,Bank Transfer,Quarterly,,2024-01-01 00:00:00,2855,
3189,42.0,Female,Blouse,Clothing,59,Vermont,M,Lavender,Winter,3.5,No,Venmo,Standard,No,No,39,Bank Transfer,Monthly,,2024-01-01 00:00:00,2856,
1459,,Male,Sweater,Clothing,28,,M,Peach,Spring,2.9,No,Debit Card,2-Day Shipping,Yes,Yes,34,Venmo,Weekly,,2024-01-01 00:00:00,2857,
3611,,Female,Jacket,Outerwear,86,Texas,XL,Green,Fall,4.8,No,Credit Card,2-Day Shipping,No,No,23,Bank Transfer,Fortnightly,,2024-01-01 00:00:00,2858,
2763,58.0,Female,T-shirt,Clothing,41,Georgia,M,Charcoal,Fall,3.8,No,Bank Transfer,Store Pickup,No,No,10,Debit Card,Every 3 Months,,2024-01-01 00:00:00,2859,
847,49.0,Male,Boots,Footwear,72,Kentucky,M,Pink,Spring,3.7,Yes,Bank Transfer,,Yes,Yes,42,Debit Card,Quarterly,,2024-01-01 00:00:00,2860,
194,36.0,Male,Belt,Accessories,100,North Dakota,S,Silver,Fall,3.0,Yes,PayPal,Standard,Yes,Yes,29,Venmo,Annually,,2024-01-01 00:00:00,2861,
1465,33.0,Male,Belt,Accessories,92,Montana,M,Peach,Winter,4.6,No,Bank Transfer,2-Day Shipping,Yes,Yes,23,Bank Transfer,Quarterly,,2024-01-01 00:00:00,2862,
2622,48.0,Male,Shoes,Footwear,46,Maine,M,Beige,Winter,3.0,No,PayPal,Express,No,No,21,Bank Transfer,Annually,,2024-01-01 00:00:00,2863,
947,46.0,male,Coat,Outerwear,24,Pennsylvania,XL,Blue,Spring,2.8,Yes,PayPal,Next Day Air,Yes,Yes,4,PayPal,Quarterly,,2024-01-01 00:00:00,2864,
2022,62.0,Male,Handbag,Accessories,33,Maine,M,Green,Winter,4.4,No,Debit Card,Standard,No,No,48,Venmo,Quarterly,,2024-01-01 00:00:00,2865,
2552,29.0,male,Shoes,Footwear,32,Minnesota,M,Maroon,Winter,4.1,No,Cash,Next Day Air,No,No,40,Debit Card,Annually,,2024-01-01 00:00:00,2866,
1630,35.0,Male,Blouse,Clothing,88,North Dakota,S,Silver,Spring,3.3,No,Credit Card,Next Day Air,Yes,Yes,13,Venmo,Quarterly,,2024-01-01 00:00:00,2867,
118,50.0,Male,Sandals,Footwear,32,South Dakota,L,Yellow,Summer,4.6,Yes,Bank Transfer,Express,Yes,Yes,29,Cash,Fortnightly,,2024-01-01 00:00:00,2868,
646,62.0,Male,Hoodie,Clothing,42,Oklahoma,S,Purple,Summer,4.2,Yes,Credit Card,Express,Yes,Yes,15,Venmo,Bi-Weekly,,2024-01-01 00:00:00,2869,
1871,43.0,Male,Blouse,Clothing,99,Wyoming,L,Violet,Spring,4.3,No,Debit Card,,No,No,27,Debit Card,Fortnightly,,2024-01-01 00:00:00,2870,
4,21.0,Male,Sandals,Footwear,90,Rhode Island,M,Maroon,Spring,3.5,Yes,PayPal,Next Day Air,Yes,Yes,49,PayPal,Weekly,,2024-01-01 00:00:00,2871,
75,49.0,Male,Gloves,Accessories,58,Indiana,L,Violet,Spring,4.5,Yes,PayPal,Express,Yes,Yes,3,Cash,Monthly,,2024-01-01 00:00:00,2872,
1756,56.0,Male,Belt,Accessories,20,Delaware,XL,Charcoal,Spring,4.6,No,Cash,Next Day Air,,No,45,Cash,Monthly,,2024-01-01 00:00:00,2873,
468,19.0,Male,Backpack,Accessories,51,Nebraska,S,Orange,Spring,4.5,Yes,Credit Card,2-Day Shipping,Yes,Yes,37,Debit Card,Every 3 Months,,2024-01-01 00:00:00,2874,
6,46.0,Male,Sneakers,Footwear,20,Wyoming,M,White,Summer,2.9,Yes,Venmo,Standard,Yes,Yes,14,Venmo,Weekly,,2024-01-01 00:00:00,2875,
1247,27.0,,Hoodie,Clothing,60,Louisiana,M,Charcoal,Winter,2.7,No,Credit Card,Standard,Yes,Yes,27,Cash,Monthly,,2024-01-01 00:00:00,2876,
920,41.0,Male,Shirt,Clothing,82,Massachusetts,L,Green,Winter,2.6,Yes,PayPal,2-Day Shipping,Yes,Yes,17,Debit Card,Bi-Weekly,,2024-01-01 00:00:00,2877,
2596,29.0,Male,Blouse,Clothing,56,Iowa,XL,Maroon,Summer,3.2,,Credit Card,Free Shipping,No,No,3,Bank Transfer,Bi-Weekly,,2024-01-01 00:00:00,2878,
229,18.0,Male,Socks,Clothing,79,New Hampshire,M,White,Spring,2.9,Yes,Credit Card,Store Pickup,,Yes,11,Credit Card,Annually,,2024-01-01 00:00:00,2879,
1064,62.0,Male,Hoodie,Clothing,29,Alabama,S,Indigo,Summer,,No,Bank Transfer,Free Shipping,Yes,Yes,35,Cash,Monthly,,2024-01-01 00:00:00,2880,
2591,57.0,Male,Gloves,Accessories,66,California,M,Turquoise,Summer,5.0,No,PayPal,Free Shipping,No,No,35,Venmo,Annually,,2024-01-01 00:00:00,2881,
243,55.0,male,Coat,Outerwear,85,New York,L,Gray,Summer,4.3,Yes,Credit Card,Store Pickup,Yes,Yes,40,Debit Card,Every 3 Months,,2024-01-01 00:00:00,2882,
3033,26.0,Female,Backpack,Accessories,58,California,XL,Green,Summer,3.5,No,Debit Card,Next Day Air,No,No,24,Credit Card,Quarterly,,2024-01-01 00:00:00,2883,
1161,37.0,Male,Scarf,Accessories,42,North Dakota,S,Blue,Summer,3.2,No,Cash,Next Day Air,Yes,Yes,9,Venmo,Bi-Weekly,,2024-01-01 00:00:00,2884,
3103,51.0,Female,Jacket,Outerwear,85,South Dakota,M,Green,Summer,,,Bank Transfer,Standard,No,No,29,Cash,Bi-Weekly,,2024-01-01 00:00:00,2885,
3353,55.0,FEMALE,Belt,Accessories,96,Washington,M,Teal,Summer,2.9,No,Credit Card,Next Day Air,No,No,7,Bank Transfer,Bi-Weekly,,2024-01-01 00:00:00,2886,
2974,25.0,Female,Boots,Footwear,65,Indiana,M,Blue,Summer,2.7,No,PayPal,Store Pickup,,No,3,Bank Transfer,Fortnightly,,2024-01-01 00:00:00,2887,
2564,69.0,Male,Backpack,Accessories,81,Massachusetts,XL,Gray,Winter,,No,PayPal,Standard,No,No,1,Venmo,Every 3 Months,,2024-01-01 00:00:00,2888,
2672,37.0,,Sandals,Footwear,64,Alabama,XL,Gray,Winter,4.8,,Cash,2-Day Shipping,No,No,41,PayPal,Every 3 Months,,2024-01-01 00:00:00,2889,
1527,41.0,male,Jacket,Outerwear,22,Oklahoma,L,White,Summer,3.1,No,PayPal,Next Day Air,Yes,Yes,27,PayPal,Monthly,,2024-01-01 00:00:00,2890,
1606,70.0,Male,Belt,Accessories,46,Connecticut,M,Lavender,Winter,3.4,No,Bank Transfer,Next Day Air,Yes,Yes,15,Credit Card,Bi-Weekly,,2024-01-01 00:00:00,2891,
3725,30.0,FEMALE,Gloves,Accessories,71,Colorado,L,Green,Winter,3.1,No,PayPal,Express,No,No,18,Bank Transfer,Annually,,2024-01-01 00:00:00,2892,
1002,61.0,male,Dress,Clothing,60,Washington,M,Orange,Fall,3.6,Yes,Credit Card,Standard,Yes,Yes,4,Debit Card,Fortnightly,,2024-01-01 00:00:00,2893,
2710,35.0,Female,Shirt,Clothing,54,Illinois,S,Cyan,Winter,2.9,No,Debit Card,Standard,No,No,9,Credit Card,Bi-Weekly,,2024-01-01 00:00:00,2894,
3095,22.0,Female,Sandals,Footwear,59,,M,Gray,Summer,2.7,No,Bank Transfer,Store Pickup,No,No,9,Cash,Weekly,,2024-01-01 00:00:00,2895,
3396,44.0,Female,Dress,Clothing,43,Colorado,M,Silver,Winter,3.1,No,Debit Card,Free Shipping,No,No,15,Debit Card,Every 3 Months,,2024-01-01 00:00:00,2896,
1990,35.0,male,Jewelry,Accessories,42,Maryland,S,Charcoal,Spring,4.0,No,Cash,Express,No,No,39,PayPal,Bi-Weekly,,2024-01-01 00:00:00,2897,
3732,54.0,Female,Hat,Accessories,62,West Virginia,M,Lavender,Spring,3.1,No,Credit Card,,No,No,45,PayPal,Quarterly,,2024-01-01 00:00:00,2898,
2363,,Male,Jeans,Clothing,41,Virginia,M,Brown,Fall,2.7,,Venmo,Standard,No,No,24,Credit Card,Monthly,,2024-01-01 00:00:00,2899,
1976,53.0,Male,Jacket,Outerwear,77,Illinois,L,Turquoise,Fall,2.9,No,Credit Card,Express,No,No,4,Cash,Quarterly,,2024-01-01 00:00:00,2900,
1762,21.0,male,Hoodie,Clothing,95,Hawaii,S,Green,Fall,4.9,No,PayPal,2-Day Shipping,No,No,24,Cash,Weekly,,2024-01-01 00:00:00,2901,
1306,,Male,Pants,Clothing,56,Mississippi,XL,Peach,Spring,4.5,No,Venmo,Express,,Yes,2,PayPal,Every 3 Months,,2024-01-01 00:00:00,2902,
2740,33.0,Female,Shirt,Clothing,80,Alaska,XL,Blue,Winter,2.5,No,Venmo,Store Pickup,No,No,39,Credit Card,Every 3 Months,,2024-01-01 00:00:00,2903,
1542,24.0,,Handbag,Accessories,77,Illinois,S,Indigo,Winter,,No,Cash,Store Pickup,Yes,Yes,35,Cash,Bi-Weekly,,2024-01-01 00:00:00,2904,
3478,53.0,,Handbag,Accessories,85,Kentucky,S,Teal,Spring,3.8,No,PayPal,Store Pickup,No,No,38,Debit Card,Bi-Weekly,,2024-01-01 00:00:00,2905,
2473,24.0,Male,Shirt,Clothing,73,Utah,M,Peach,Summer,4.1,No,Bank Transfer,Standard,No,No,31,Credit Card,Annually,,2024-01-01 00:00:00,2906,
2643,39.0,male,Belt,Accessories,87,Iowa,L,Peach,Summer,4.0,No,Debit Card,Store Pickup,,No,48,Bank Transfer,Annually,,2024-01-01 00:00:00,2907,
2796,33.0,Female,Scarf,Accessories,35,Nebraska,M,Magenta,Winter,,No,Bank Transfer,Store Pickup,No,No,49,PayPal,Annually,,2024-01-01 00:00:00,2908,
623,69.0,Male,Socks,Clothing,63,Georgia,S,Peach,Spring,4.0,Yes,Credit Card,Next Day Air,Yes,Yes,44,Bank Transfer,Fortnightly,,2024-01-01 00:00:00,2909,
3078,60.0,Female,Sweater,Clothing,88,Illinois,S,Red,Spring,3.0,No,Venmo,Store Pickup,No,No,33,Debit Card,Bi-Weekly,,2024-01-01 00:00:00,2910,
1494,,Male,Belt,Accessories,44,North Dakota,S,Gold,Fall,2.7,No,Venmo,,Yes,Yes,44,Credit Card,Quarterly,,2024-01-01 00:00:00,2911,
111,56.0,Male,Backpack,Accessories,26,New York,M,Black,Summer,4.0,Yes,Bank Transfer,Standard,Yes,Yes,26,Venmo,Fortnightly,,2024-01-01 00:00:00,2912,
2276,29.0,Male,Shorts,Clothing,24,Oklahoma,M,Gray,Winter,4.4,No,PayPal,Standard,No,No,10,Debit Card,Weekly,,2024-01-01 00:00:00,2913,
3015,24.0,Female,T-shirt,Clothing,65,Utah,M,Maroon,Spring,4.5,No,Credit Card,Express,No,No,38,PayPal,Every 3 Months,,2024-01-01 00:00:00,2914,
1170,25.0,Male,Backpack,Accessories,94,Wyoming,S,Gray,Fall,4.5,No,Venmo,2-Day Shipping,Yes,Yes,3,Cash,Annually,,2024-01-01 00:00:00,2915,
3704,30.0,Female,Sandals,Footwear,83,Michigan,S,Teal,Fall,2.9,No,Bank Transfer,Standard,No,No,23,PayPal,Every 3 Months,,2024-01-01 00:00:00,2916,
233,54.0,Male,Jewelry,Accessories,27,Hawaii,L,Purple,Winter,4.2,Yes,Bank Transfer,Express,Yes,Yes,32,Bank Transfer,Bi-Weekly,,2024-01-01 00:00:00,2917,
67,31.0,Male,Blouse,Clothing,94,Pennsylvania,S,Magenta,Winter,4.7,Yes,Bank Transfer,2-Day Shipping,Yes,Yes,3,Venmo,Every 3 Months,,2024-01-01 00:00:00,2918,
3618,48.0,Female,Belt,Accessories,47,Kentucky,M,Lavender,Fall,4.3,No,Debit Card,Express,No,No,29,Debit Card,Monthly,,2024-01-01 00:00:00,2919,
2073,39.0,Male,Backpack,Accessories,66,Massachusetts,M,Beige,Winter,3.9,No,Credit Card,Next Day Air,No,No,22,Bank Transfer,Weekly,,2024-01-01 00:00:00,2920,
2193,41.0,Male,Scarf,Accessories,35,Virginia,L,Yellow,Winter,3.2,No,Bank Transfer,Next Day Air,No,No,9,Credit Card,Monthly,,2024-01-01 00:00:00,2921,
537,44.0,Male,Jacket,Outerwear,84,Illinois,S,Maroon,Fall,4.4,,Debit Card,Store Pickup,Yes,Yes,16,Debit Card,Every 3 Months,,2024-01-01 00:00:00,2922,
2860,31.0,Female,Shorts,Clothing,32,,L,Yellow,Fall,3.4,No,Venmo,,No,No,29,Bank Transfer,Annually,,2024-01-01 00:00:00,2923,
126,49.0,Male,Shorts,Clothing,54,California,M,Indigo,Winter,3.6,Yes,Cash,Next Day Air,Yes,Yes,45,Venmo,Every 3 Months,,2024-01-01 00:00:00,2924,
2134,21.0,Male,Hat,Accessories,34,Maine,M,Olive,Summer,3.8,No,PayPal,Standard,No,No,13,Bank Transfer,Annually,,2024-01-01 00:00:00,2925,
1255,54.0,Male,Sneakers,Footwear,56,California,XL,Black,Spring,,No,Cash,2-Day Shipping,Yes,Yes,2,Credit Card,Bi-Weekly,,2024-01-01 00:00:00,2926,
3307,63.0,Female,Jacket,Outerwear,39,Colorado,L,Orange,Summer,3.6,No,Cash,Store Pickup,No,No,6,Venmo,Fortnightly,,2024-01-01 00:00:00,2927,
1977,32.0,male,Handbag,Accessories,51,Wyoming,M,Pink,Spring,3.2,No,Debit Card,Next Day Air,No,No,43,PayPal,Fortnightly,,2024-01-01 00:00:00,2928,
3274,58.0,Female,Belt,Accessories,45,Nevada,S,Orange,Summer,2.6,No,Credit Card,Free Shipping,No,No,34,PayPal,Every 3 Months,,2024-01-01 00:00:00,2929,
3092,68.0,Female,Dress,Clothing,81,Nevada,L,Orange,Winter,3.4,No,Bank Transfer,2-Day Shipping,No,No,46,Credit Card,Annually,,2024-01-01 00:00:00,2930,
2076,46.0,Male,Sweater,Clothing,28,South Carolina,S,Turquoise,Fall,4.7,No,Bank Transfer,Express,No,No,49,Debit Card,Monthly,,2024-01-01 00:00:00,2931,
485,68.0,Male,Hat,Accessories,73,Missouri,L,Lavender,Summer,,Yes,Credit Card,Free Shipping,Yes,Yes,28,Bank Transfer,Quarterly,,2024-01-01 00:00:00,2932,
1655,43.0,Male,Belt,Accessories,25,Indiana,L,Gray,Spring,2.6,No,Venmo,Store Pickup,Yes,Yes,14,Credit Card,Quarterly,,2024-01-01 00:00:00,2933,
3577,29.0,Female,Boots,Footwear,24,Maine,L,Yellow,Spring,3.0,No,Cash,Express,No,No,12,Venmo,Bi-Weekly,,2024-01-01 00:00:00,2934,
3016,37.0,Female,Scarf,Accessories,21,Wyoming,XL,Lavender,Spring,2.8,No,Venmo,Express,No,No,27,Bank Transfer,Bi-Weekly,,2024-01-01 00:00:00,2935,
3323,52.0,Female,Sweater,Clothing,92,Indiana,XL,Orange,Winter,,No,Credit Card,Next Day Air,No,No,43,PayPal,Weekly,,2024-01-01 00:00:00,2936,
3049,69.0,Female,Jewelry,Accessories,93,Colorado,M,Olive,Summer,3.9,No,PayPal,Standard,No,No,47,Venmo,Fortnightly,,2024-01-01 00:00:00,2937,
3218,44.0,Female,Sunglasses,Accessories,58,Oregon,M,Silver,Fall,3.4,No,PayPal,Express,No,No,46,Venmo,Weekly,,2024-01-01 00:00:00,2938,
1775,,Male,Sweater,Clothing,78,New York,M,Lavender,Spring,3.7,No,Bank Transfer,Express,No,No,6,PayPal,Weekly,,2024-01-01 00:00:00,2939,
2411,48.0,Male,Shoes,Footwear,43,Wisconsin,M,Maroon,Summer,3.7,No,Venmo,Free Shipping,No,No,46,PayPal,Monthly,,2024-01-01 00:00:00,2940,
3599,999.0,Female,Hoodie,Clothing,76,Connecticut,XL,Purple,Spring,4.6,No,Bank Transfer,Store Pickup,No,No,19,Bank Transfer,Bi-Weekly,,2024-01-01 00:00:00,2941,
919,65.0,Male,Shorts,Clothing,42,North Carolina,M,Orange,Spring,4.3,Yes,Cash,2-Day Shipping,Yes,Yes,11,Cash,Fortnightly,,2024-01-01 00:00:00,2942,
1647,58.0,Male,Handbag,Accessories,77,Nebraska,S,Silver,Summer,3.7,No,Credit Card,Standard,,Yes,20,Bank Transfer,Every 3 Months,,2024-01-01 00:00:00,2943,
1027,49.0,Male,Handbag,Accessories,95,Virginia,L,Turquoise,Winter,3.0,,Venmo,Express,Yes,Yes,39,PayPal,Bi-Weekly,,2024-01-01 00:00:00,2944,
1031,58.0,Male,Coat,Outerwear,89,Kentucky,L,Blue,Winter,3.3,Yes,Credit Card,Next Day Air,Yes,Yes,37,Debit Card,Quarterly,,2024-01-01 00:00:00,2945,
883,50.0,Male,Boots,Footwear,35,,M,Cyan,Fall,3.8,Yes,Cash,,Yes,Yes,37,Cash,Every 3 Months,,2024-01-01 00:00:00,2946,
1336,56.0,male,Boots,Footwear,49,Nevada,M,Lavender,Fall,4.8,No,Credit Card,2-Day Shipping,Yes,Yes,26,Credit Card,Weekly,,2024-01-01 00:00:00,2947,
2747,39.0,Female,Hoodie,Clothing,25,Ohio,M,Orange,Fall,3.7,No,Bank Transfer,,No,No,21,PayPal,Every 3 Months,,2024-01-01 00:00:00,2948,
2956,42.0,Female,Boots,Footwear,67,Vermont,M,Silver,Winter,2.6,No,Venmo,Free Shipping,No,No,46,Credit Card,Annually,,2024-01-01 00:00:00,2949,
2714,19.0,Female,Coat,Outerwear,57,Mississippi,M,Magenta,Fall,3.8,No,PayPal,2-Day Shipping,No,No,20,Debit Card,Annually,,2024-01-01 00:00:00,2950,
365,62.0,Male,Shoes,Footwear,88,North Dakota,L,Charcoal,Summer,3.0,Yes,Debit Card,Free Shipping,Yes,Yes,7,Venmo,Every 3 Months,,2024-01-01 00:00:00,2951,
2126,57.0,,Coat,Outerwear,87,New Hampshire,M,Beige,Fall,4.8,No,Credit Card,Store Pickup,No,No,31,PayPal,Quarterly,,2024-01-01 00:00:00,2952,
28,56.0,Male,Shorts,Clothing,56,Kentucky,L,Cyan,Summer,5.0,Yes,Debit Card,Next Day Air,Yes,Yes,7,Bank Transfer,Every 3 Months,,2024-01-01 00:00:00,2953,
474,34.0,Male,Coat,Outerwear,42,West Virginia,L,Olive,Spring,3.9,Yes,Venmo,Store Pickup,Yes,Yes,29,PayPal,Every 3 Months,,2024-01-01 00:00:00,2954,
526,51.0,Male,Coat,Outerwear,37,Iowa,M,Cyan,Spring,,Yes,Credit Card,Next Day Air,Yes,Yes,41,Debit Card,Monthly,,2024-01-01 00:00:00,2955,
726,61.0,Male,Hat,Accessories,61,Texas,L,Silver,Winter,3.1,Yes,Cash,Standard,Yes,Yes,33,Debit Card,Fortnightly,,2024-01-01 00:00:00,2956,
56,40.0,Male,Jacket,Outerwear,28,South Carolina,M,Lavender,Winter,3.0,Yes,Venmo,2-Day Shipping,Yes,Yes,49,Credit Card,Annually,,2024-01-01 00:00:00,2957,
639,53.0,Male,Sandals,Footwear,20,Maryland,S,Blue,Summer,2.7,Yes,Venmo,Express,Yes,Yes,41,PayPal,Monthly,,2024-01-01 00:00:00,2958,
303,37.0,Male,Sweater,Clothing,44,Delaware,L,Olive,Summer,3.6,Yes,Venmo,Express,Yes,Yes,27,Bank Transfer,Every 3 Months,,2024-01-01 00:00:00,2959,
2767,66.0,Female,Dress,Clothing,91,Tennessee,M,Cyan,Winter,2.8,No,Venmo,Standard,No,No,47,Credit Card,Monthly,,2024-01-01 00:00:00,2960,
3484,19.0,Female,Hoodie,Clothing,37,Texas,L,White,Winter,3.9,No,Venmo,,No,No,21,Credit Card,Every 3 Months,,2024-01-01 00:00:00,2961,
1277,51.0,Male,Boots,Footwear,68,Wyoming,L,Turquoise,Spring,,No,PayPal,Next Day Air,Yes,Yes,37,Bank Transfer,Weekly,,2024-01-01 00:00:00,2962,
3519,50.0,FEMALE,Shirt,Clothing,97,Colorado,M,Black,Spring,4.2,No,Bank Transfer,Standard,No,No,30,PayPal,Quarterly,,2024-01-01 00:00:00,2963,
625,55.0,Male,Pants,Clothing,87,South Carolina,XL,Pink,Fall,3.4,Yes,Venmo,Express,Yes,Yes,21,PayPal,Annually,,2024-01-01 00:00:00,2964,
2056,28.0,Male,Handbag,Accessories,33,Texas,M,Silver,Fall,3.4,No,Debit Card,2-Day Shipping,No,No,28,Bank Transfer,Weekly,,2024-01-01 00:00:00,2965,
1281,30.0,Male,Pants,Clothing,78,Georgia,L,White,Winter,4.4,No,PayPal,2-Day Shipping,Yes,Yes,39,Venmo,Every 3 Months,,2024-01-01 00:00:00,2966,
2852,58.0,Female,Blouse,Clothing,73,Nevada,L,Teal,Summer,3.0,No,Bank Transfer,Store Pickup,No,No,42,Debit Card,Monthly,,2024-01-01 00:00:00,2967,
1050,45.0,Male,Sunglasses,Accessories,33,Virginia,S,Purple,Fall,2.8,Yes,Credit Card,Store Pickup,Yes,Yes,24,Cash,Quarterly,,2024-01-01 00:00:00,2968,
337,36.0,Male,Hat,Accessories,81,Rhode Island,S,Orange,Fall,4.4,Yes,Debit Card,Express,Yes,Yes,16,PayPal,Annually,,2024-01-01 00:00:00,2969,
48,55.0,Male,Jewelry,Accessories,54,Montana,M,Charcoal,Winter,4.5,Yes,Debit Card,Free Shipping,Yes,Yes,36,Cash,Weekly,,2024-01-01 00:00:00,2970,
2879,63.0,Female,Dress,Clothing,86,California,L,Turquoise,Summer,4.3,No,Venmo,,No,No,13,Bank Transfer,Annually,,2024-01-01 00:00:00,2971,
107,64.0,Male,Jacket,Outerwear,35,Minnesota,L,White,Summer,,Yes,Cash,Standard,Yes,Yes,31,Credit Card,Monthly,,2024-01-01 00:00:00,2972,
2398,37.0,Male,Sunglasses,Accessories,26,West Virginia,L,Black,Fall,2.9,No,Bank Transfer,Store Pickup,No,No,41,Venmo,Monthly,,2024-01-01 00:00:00,2973,
1080,18.0,male,Coat,Outerwear,33,Oklahoma,S,Blue,Summer,4.4,No,Bank Transfer,Free Shipping,Yes,Yes,48,Bank Transfer,Monthly,,2024-01-01 00:00:00,2974,
2287,,Male,Socks,Clothing,38,South Dakota,L,Blue,Spring,2.5,,PayPal,Store Pickup,No,No,35,Venmo,Quarterly,,2024-01-01 00:00:00,2975,
2262,58.0,Male,Backpack,Accessories,76,South Carolina,L,Gold,Spring,4.4,No,Cash,Standard,No,No,12,Bank Transfer,Fortnightly,,2024-01-01 00:00:00,2976,
1145,,Male,Jeans,Clothing,54,South Carolina,S,Indigo,Fall,4.4,No,PayPal,2-Day Shipping,Yes,Yes,25,Bank Transfer,Fortnightly,,2024-01-01 00:00:00,2977,
3528,25.0,Female,Blouse,Clothing,97,Washington,S,Charcoal,Spring,4.7,No,Cash,Free Shipping,No,No,1,Cash,Weekly,,2024-01-01 00:00:00,2978,
2297,46.0,Male,Gloves,Accessories,88,Washington,M,Green,Fall,2.5,No,PayPal,Next Day Air,,No,50,Venmo,Every 3 Months,,2024-01-01 00:00:00,2979,
2842,19.0,FEMALE,Dress,Clothing,33,Ohio,XL,Magenta,Winter,3.0,No,Credit Card,2-Day Shipping,No,No,31,Cash,Weekly,,2024-01-01 00:00:00,2980,
1837,66.0,Male,Pants,Clothing,52,,M,Teal,Fall,4.2,No,Cash,2-Day Shipping,No,No,35,Credit Card,Monthly,,2024-01-01 00:00:00,2981,
1754,25.0,Male,Skirt,Clothing,27,Colorado,L,Black,Fall,4.8,No,Venmo,Next Day Air,,No,23,Credit Card,Fortnightly,,2024-01-01 00:00:00,2982,
1102,30.0,Male,Gloves,Accessories,76,Delaware,XL,Silver,Fall,,No,Cash,,Yes,Yes,39,Cash,Fortnightly,,2024-01-01 00:00:00,2983,
1969,67.0,Male,Shirt,Clothing,70,Minnesota,S,Blue,Spring,4.2,No,Credit Card,Standard,No,No,25,Credit Card,Weekly,,2024-01-01 00:00:00,2984,
3022,65.0,Female,Sunglasses,Accessories,77,Pennsylvania,S,Blue,Summer,4.5,No,Debit Card,2-Day Shipping,No,No,47,Cash,Quarterly,,2024-01-01 00:00:00,2985,
3666,28.0,Female,Socks,Clothing,77,North Carolina,M,Peach,Fall,3.4,No,Credit Card,Next Day Air,No,No,11,Credit Card,Quarterly,,2024-01-01 00:00:00,2986,
524,46.0,Male,Sandals,Footwear,40,Delaware,M,Orange,Spring,4.9,Yes,Cash,Express,Yes,Yes,5,PayPal,Quarterly,,2024-01-01 00:00:00,2987,
2281,22.0,Male,Shoes,Footwear,21,Kentucky,M,Red,Summer,2.8,No,Bank Transfer,Standard,No,No,31,Credit Card,Fortnightly,,2024-01-01 00:00:00,2988,
2693,40.0,Female,Sneakers,Footwear,90,Washington,XL,Violet,Spring,4.2,No,Venmo,Free Shipping,No,No,18,Debit Card,Every 3 Months,,2024-01-01 00:00:00,2989,
2886,29.0,Female,Backpack,Accessories,82,,M,Yellow,Summer,,No,Bank Transfer,Next Day Air,No,No,14,Credit Card,Bi-Weekly,,2024-01-01 00:00:00,2990,
1429,20.0,Male,Blouse,Clothing,97,North Dakota,S,Green,Summer,4.9,No,Debit Card,Express,Yes,Yes,42,PayPal,Quarterly,,2024-01-01 00:00:00,2991,
2582,57.0,Male,Dress,Clothing,81,Wyoming,M,Gold,Winter,4.7,No,Bank Transfer,Express,No,No,48,Credit Card,Monthly,,2024-01-01 00:00:00,2992,
3483,66.0,Female,Gloves,Accessories,61,Hawaii,M,Gold,Winter,3.9,No,Venmo,Next Day Air,No,No,35,Debit Card,Weekly,,2024-01-01 00:00:00,2993,
604,31.0,Male,Handbag,Accessories,46,Massachusetts,L,Green,Winter,3.4,Yes,Debit Card,2-Day Shipping,Yes,Yes,26,PayPal,Every 3 Months,,2024-01-01 00:00:00,2994,
1490,24.0,,Jewelry,Accessories,26,Missouri,XL,Magenta,Summer,4.1,No,PayPal,Next Day Air,Yes,Yes,42,Venmo,Quarterly,,2024-01-01 00:00:00,2995,
3124,57.0,Female,Handbag,Accessories,77,Iowa,XL,Red,Fall,3.3,No,PayPal,,No,No,40,Venmo,Bi-Weekly,,2024-01-01 00:00:00,2996,
3246,63.0,,Pants,Clothing,76,Kansas,M,Purple,Fall,3.2,No,PayPal,Next Day Air,No,No,20,Cash,Weekly,,2024-01-01 00:00:00,2997,
61,50.0,Male,Sweater,Clothing,37,Idaho,L,Brown,Summer,4.0,Yes,Credit Card,Express,Yes,Yes,17,Cash,Weekly,,2024-01-01 00:00:00,2998,
3674,32.0,Female,Socks,Clothing,28,Rhode Island,M,Pink,Summer,4.2,No,Debit Card,2-Day Shipping,No,No,31,Bank Transfer,Fortnightly,,2024-01-01 00:00:00,2999,
672,38.0,Male,Jacket,Outerwear,30,Iowa,L,Black,Winter,,Yes,PayPal,Express,Yes,Yes,45,Cash,Weekly,,2024-01-01 00:00:00,3000,
93,61.0,Male,Jacket,Outerwear,87,Texas,M,Olive,Winter,4.4,Yes,Cash,2-Day Shipping,Yes,Yes,13,Venmo,Every 3 Months,,2024-01-01 00:00:00,3001,
667,35.0,Male,Hoodie,Clothing,26,Colorado,L,Turquoise,Winter,3.1,Yes,Cash,Free Shipping,Yes,Yes,30,Debit Card,Quarterly,,2024-01-01 00:00:00,3002,
1888,64.0,Male,Hoodie,Clothing,44,North Dakota,XL,Gold,Fall,3.5,No,Cash,Express,No,No,3,PayPal,Monthly,,2024-01-01 00:00:00,3003,
281,45.0,Male,Sandals,Footwear,69,Montana,S,Cyan,Fall,4.2,Yes,Debit Card,2-Day Shipping,Yes,Yes,21,Cash,Bi-Weekly,,2024-01-01 00:00:00,3004,
1720,45.0,Male,Sweater,Clothing,39,Maryland,M,White,Winter,3.2,No,Venmo,Free Shipping,No,No,8,Venmo,Quarterly,,2024-01-01 00:00:00,3005,
3029,62.0,Female,Dress,Clothing,100,California,L,Charcoal,Summer,3.0,No,PayPal,Free Shipping,,No,7,PayPal,Every 3 Months,,2024-01-01 00:00:00,3006,
360,,Male,Sneakers,Footwear,74,Georgia,M,Olive,Winter,3.0,Yes,Debit Card,Store Pickup,Yes,Yes,30,Credit Card,Every 3 Months,,2024-01-01 00:00:00,3007,
900,65.0,male,Sweater,Clothing,58,Rhode Island,M,Peach,Summer,4.0,Yes,Debit Card,Standard,Yes,Yes,20,PayPal,Annually,,2024-01-01 00:00:00,3008,
1936,19.0,Male,Blouse,Clothing,68,,XL,Violet,Spring,,No,Debit Card,Free Shipping,No,No,45,Cash,Fortnightly,,2024-01-01 00:00:00,3009,
1995,33.0,Male,Sunglasses,Accessories,66,Nevada,M,Brown,Fall,2.9,No,Bank Transfer,Next Day Air,,No,24,Credit Card,Weekly,,2024-01-01 00:00:00,3010,
3077,66.0,Female,Handbag,Accessories,46,New Hampshire,M,Blue,Summer,3.6,No,Credit Card,Express,No,No,13,Venmo,Bi-Weekly,,2024-01-01 00:00:00,3011,
2896,56.0,Female,Hoodie,Clothing,86,Montana,L,Green,Summer,4.6,No,Debit Card,Standard,No,No,29,Bank Transfer,Monthly,,2024-01-01 00:00:00,3012,
761,33.0,Male,Gloves,Accessories,50,Minnesota,XL,Violet,Fall,3.4,Yes,Credit Card,Free Shipping,Yes,Yes,6,Cash,Annually,,2024-01-01 00:00:00,3013,
2159,19.0,Male,Gloves,Accessories,84,Massachusetts,XL,Olive,Spring,4.6,No,Credit Card,Standard,No,No,9,Bank Transfer,Fortnightly,,2024-01-01 00:00:00,3014,
3503,31.0,Female,Backpack,Accessories,62,,M,Green,Fall,4.7,No,Bank Transfer,Next Day Air,No,No,26,Bank Transfer,Quarterly,,2024-01-01 00:00:00,3015,
43,20.0,,Coat,Outerwear,100,Tennessee,M,Beige,Spring,4.1,Yes,Bank Transfer,Free Shipping,Yes,Yes,15,PayPal,Annually,,2024-01-01 00:00:00,3016,
2174,23.0,Male,Gloves,Accessories,97,Delaware,S,Cyan,Summer,5.0,No,Cash,2-Day Shipping,No,No,36,Venmo,Quarterly,,2024-01-01 00:00:00,3017,
205,24.0,Male,Sneakers,Footwear,100,Arizona,M,Yellow,Fall,4.0,Yes,PayPal,Store Pickup,Yes,Yes,35,Cash,Bi-Weekly,,2024-01-01 00:00:00,3018,
1474,69.0,Male,Shorts,Clothing,63,Wisconsin,M,Violet,Fall,4.3,No,Cash,Express,Yes,Yes,20,Credit Card,Every 3 Months,,2024-01-01 00:00:00,3019,
2101,68.0,Male,Sweater,Clothing,31,Michigan,M,Silver,Spring,4.4,No,PayPal,Free Shipping,No,No,36,Cash,Fortnightly,,2024-01-01 00:00:00,3020,
2594,36.0,male,Pants,Clothing,36,Colorado,S,Indigo,Fall,4.7,No,Debit Card,Store Pickup,No,No,9,Bank Transfer,Every 3 Months,,2024-01-01 00:00:00,3021,
69,57.0,Male,Handbag,Accessories,46,,L,Silver,Summer,3.9,Yes,Credit Card,,Yes,Yes,21,Cash,Every 3 Months,,2024-01-01 00:00:00,3022,
1876,63.0,Male,Boots,Footwear,71,Tennessee,M,Brown,Winter,3.9,No,Debit Card,Next Day Air,No,No,6,Credit Card,Quarterly,,2024-01-01 00:00:00,3023,
2833,29.0,Female,Scarf,Accessories,37,Maryland,M,Magenta,Summer,4.6,No,Cash,Standard,No,No,40,PayPal,Quarterly,,2024-01-01 00:00:00,3024,
3167,19.0,Female,Shirt,Clothing,80,,M,Gold,Winter,2.7,No,Debit Card,Next Day Air,No,No,37,Bank Transfer,Fortnightly,,2024-01-01 00:00:00,3025,
2232,34.0,male,Jacket,Outerwear,49,Utah,M,Beige,Fall,4.1,No,Cash,Store Pickup,No,No,1,Credit Card,Weekly,,2024-01-01 00:00:00,3026,
138,68.0,Male,Sneakers,Footwear,43,Colorado,M,Turquoise,Spring,4.7,Yes,Cash,Free Shipping,Yes,Yes,38,PayPal,Weekly,,2024-01-01 00:00:00,3027,
2948,52.0,Female,Jewelry,Accessories,63,Nebraska,L,Peach,Spring,4.4,No,Venmo,Standard,No,No,50,Venmo,Annually,,2024-01-01 00:00:00,3028,
797,42.0,Male,Socks,Clothing,78,Arizona,XL,Black,Fall,4.0,Yes,Debit Card,2-Day Shipping,Yes,Yes,43,Credit Card,Annually,,2024-01-01 00:00:00,3029,
2181,41.0,,Coat,Outerwear,37,Connecticut,M,Yellow,Summer,,No,Debit Card,Store Pickup,No,No,43,Cash,Quarterly,,2024-01-01 00:00:00,3030,
2129,62.0,Male,Coat,Outerwear,47,New Mexico,L,Cyan,Fall,2.7,No,PayPal,2-Day Shipping,No,No,21,PayPal,Weekly,,2024-01-01 00:00:00,3031,
759,66.0,male,Shoes,Footwear,71,Massachusetts,L,Peach,Summer,4.6,Yes,Bank Transfer,2-Day Shipping,Yes,Yes,39,Bank Transfer,Every 3 Months,,2024-01-01 00:00:00,3032,
542,52.0,Male,Jacket,Outerwear,27,Connecticut,L,Gray,Fall,2.8,Yes,Bank Transfer,Next Day Air,Yes,Yes,45,Cash,Bi-Weekly,,2024-01-01 00:00:00,3033,
1020,32.0,Male,Shirt,Clothing,76,Kentucky,S,Beige,Winter,2.8,Yes,Debit Card,Standard,Yes,Yes,33,Venmo,Bi-Weekly,,2024-01-01 00:00:00,3034,
3094,29.0,Female,Socks,Clothing,63,Pennsylvania,L,Red,Summer,4.8,No,Bank Transfer,Store Pickup,No,No,17,Cash,Every 3 Months,,2024-01-01 00:00:00,3035,
3032,61.0,FEMALE,Blouse,Clothing,74,Idaho,L,Teal,Summer,4.9,No,PayPal,2-Day Shipping,No,No,30,Credit Card,Monthly,,2024-01-01 00:00:00,3036,
166,42.0,male,Handbag,Accessories,60,Kentucky,S,Yellow,Winter,2.8,Yes,Credit Card,Store Pickup,Yes,Yes,7,Cash,Monthly,,2024-01-01 00:00:00,3037,
249,47.0,male,Belt,Accessories,100,Pennsylvania,M,Blue,Winter,4.8,Yes,Venmo,Express,Yes,Yes,33,PayPal,Weekly,,2024-01-01 00:00:00,3038,
1332,38.0,Male,Socks,Clothing,91,Maryland,M,Lavender,Spring,3.2,No,Credit Card,,,Yes,8,PayPal,Bi-Weekly,,2024-01-01 00:00:00,3039,
2018,70.0,Male,Socks,Clothing,32,Massachusetts,S,Green,Winter,4.1,No,Venmo,Next Day Air,No,No,42,Bank Transfer,Every 3 Months,,2024-01-01 00:00:00,3040,
447,19.0,Male,Shirt,Clothing,74,West Virginia,M,Silver,Summer,4.1,Yes,Bank Transfer,Store Pickup,Yes,Yes,15,Venmo,Monthly,,2024-01-01 00:00:00,3041,
2483,69.0,Male,Handbag,Accessories,87,Arizona,S,Peach,Winter,4.8,No,PayPal,Next Day Air,No,No,46,Credit Card,Every 3 Months,,2024-01-01 00:00:00,3042,
2907,58.0,Female,Coat,Outerwear,27,Virginia,M,Indigo,Spring,3.9,No,PayPal,Standard,No,No,7,Venmo,Annually,,2024-01-01 00:00:00,3043,
1359,19.0,Male,Scarf,Accessories,22,Nebraska,XL,Pink,Spring,2.5,No,Debit Card,Store Pickup,Yes,Yes,25,Venmo,Every 3 Months,,2024-01-01 00:00:00,3044,
2846,26.0,Female,Backpack,Accessories,77,South Dakota,L,Lavender,Summer,4.1,No,Cash,Express,No,No,39,Debit Card,Every 3 Months,,2024-01-01 00:00:00,3045,
2146,38.0,Male,Skirt,Clothing,73,Connecticut,S,White,Winter,4.8,No,Debit Card,Standard,No,No,32,PayPal,Annually,,2024-01-01 00:00:00,3046,
1330,70.0,male,Gloves,Accessories,63,Texas,M,Indigo,Fall,3.3,No,PayPal,Express,Yes,Yes,50,PayPal,Every 3 Months,,2024-01-01 00:00:00,3047,
2642,25.0,Male,Sunglasses,Accessories,60,,XL,Olive,Winter,2.7,No,Debit Card,Next Day Air,No,No,20,Bank Transfer,Every 3 Months,,2024-01-01 00:00:00,3048,
2786,53.0,Female,Blouse,Clothing,80,Louisiana,S,Green,Summer,,No,Credit Card,Next Day Air,No,No,13,Bank Transfer,Monthly,,2024-01-01 00:00:00,3049,
3893,35.0,Female,Jewelry,Accessories,86,,L,Indigo,Summer,3.5,No,Bank Transfer,Standard,No,No,5,PayPal,Fortnightly,,2024-01-01 00:00:00,3050,
2151,57.0,Male,Shirt,Clothing,40,Illinois,M,Orange,Spring,2.6,No,PayPal,2-Day Shipping,No,No,12,Cash,Weekly,,2024-01-01 00:00:00,3051,
435,50.0,Male,Shoes,Footwear,52,Oklahoma,L,Pink,Spring,4.0,Yes,Bank Transfer,Store Pickup,Yes,Yes,39,PayPal,Every 3 Months,,2024-01-01 00:00:00,3052,
2123,32.0,Male,Jacket,Outerwear,36,Virginia,L,Teal,Fall,4.0,No,PayPal,,No,No,42,Debit Card,Weekly,,2024-01-01 00:00:00,3053,
578,19.0,Male,Skirt,Clothing,52,Alabama,M,Black,Fall,3.7,Yes,PayPal,Store Pickup,Yes,Yes,41,Venmo,Annually,,2024-01-01 00:00:00,3054,
2901,41.0,FEMALE,Blouse,Clothing,67,Maryland,XL,Violet,Winter,4.0,No,Bank Transfer,Standard,No,No,23,Cash,Bi-Weekly,,2024-01-01 00:00:00,3055,
3181,18.0,Female,Handbag,Accessories,88,Montana,L,Turquoise,Fall,,No,Cash,Standard,No,No,46,PayPal,Weekly,,2024-01-01 00:00:00,3056,
2967,52.0,Female,Boots,Footwear,49,Oklahoma,L,Orange,Fall,2.8,No,Cash,Store Pickup,No,No,38,Debit Card,Every 3 Months,,2024-01-01 00:00:00,3057,
3837,62.0,Female,Skirt,Clothing,84,Alaska,M,Violet,Spring,2.5,No,Venmo,Free Shipping,No,No,38,PayPal,Fortnightly,,2024-01-01 00:00:00,3058,
3665,63.0,Female,Jacket,Outerwear,68,Missouri,M,Turquoise,Fall,4.4,No,Cash,Store Pickup,No,No,1,Debit Card,Fortnightly,,2024-01-01 00:00:00,3059,
2449,54.0,Male,Hat,Accessories,25,Tennessee,S,Violet,Fall,3.0,No,Bank Transfer,Free Shipping,No,No,38,PayPal,Bi-Weekly,,2024-01-01 00:00:00,3060,
1849,19.0,Male,Jeans,Clothing,73,Maine,XL,Yellow,Winter,2.7,No,Credit Card,Express,No,No,34,Cash,Every 3 Months,,2024-01-01 00:00:00,3061,
763,45.0,Male,Belt,Accessories,46,,M,Pink,Fall,3.9,Yes,Credit Card,Standard,Yes,Yes,43,Debit Card,Fortnightly,,2024-01-01 00:00:00,3062,
3038,51.0,FEMALE,Belt,Accessories,44,Iowa,L,Charcoal,Summer,4.8,No,Debit Card,Next Day Air,No,No,2,Cash,Annually,,2024-01-01 00:00:00,3063,
389,22.0,Male,Handbag,Accessories,82,Washington,M,Orange,Summer,2.7,Yes,Credit Card,Store Pickup,Yes,Yes,10,PayPal,Quarterly,,2024-01-01 00:00:00,3064,
236,43.0,Male,Sunglasses,Accessories,89,New Jersey,M,Cyan,Winter,3.7,Yes,Cash,Free Shipping,Yes,Yes,31,Debit Card,Quarterly,,2024-01-01 00:00:00,3065,
3481,,Female,Sandals,Footwear,79,New Hampshire,L,Peach,Winter,3.5,No,Cash,Free Shipping,No,No,45,PayPal,Monthly,,2024-01-01 00:00:00,3066,
1985,26.0,Male,Skirt,Clothing,58,,M,Black,Summer,3.4,No,Bank Transfer,2-Day Shipping,No,No,26,PayPal,Fortnightly,,2024-01-01 00:00:00,3067,
268,64.0,Male,Sweater,Clothing,54,Maryland,M,Olive,Spring,,Yes,Venmo,2-Day Shipping,Yes,Yes,42,Venmo,Annually,,2024-01-01 00:00:00,3068,
771,19.0,Male,Sneakers,Footwear,54,Vermont,M,Gray,Spring,3.3,Yes,Venmo,Express,Yes,Yes,8,Credit Card,Annually,,2024-01-01 00:00:00,3069,
2166,29.0,male,Pants,Clothing,55,,M,Turquoise,Summer,4.2,No,Bank Transfer,Express,No,No,42,Credit Card,Every 3 Months,,2024-01-01 00:00:00,3070,
438,45.0,Male,Jewelry,Accessories,50,New Mexico,M,Peach,Summer,2.6,Yes,Credit Card,Next Day Air,Yes,Yes,41,PayPal,Annually,,2024-01-01 00:00:00,3071,
674,35.0,male,Shirt,Clothing,66,Oklahoma,M,Indigo,Spring,4.2,Yes,Cash,Free Shipping,Yes,Yes,27,Venmo,Bi-Weekly,,2024-01-01 00:00:00,3072,
250,53.0,Male,Handbag,Accessories,47,Alaska,S,Teal,Fall,4.2,Yes,Cash,Standard,Yes,Yes,18,Credit Card,Annually,,2024-01-01 00:00:00,3073,
2202,39.0,Male,Pants,Clothing,25,Ohio,L,Peach,Spring,4.9,No,Bank Transfer,2-Day Shipping,No,No,10,Venmo,Annually,,2024-01-01 00:00:00,3074,
1575,18.0,Male,Skirt,Clothing,25,Minnesota,S,Magenta,Spring,4.2,No,Bank Transfer,Free Shipping,Yes,Yes,32,PayPal,Bi-Weekly,,2024-01-01 00:00:00,3075,
2143,47.0,Male,Hat,Accessories,39,North Dakota,M,Maroon,Winter,4.3,No,Venmo,Next Day Air,No,No,21,Venmo,Quarterly,,2024-01-01 00:00:00,3076,
2082,24.0,Male,Coat,Outerwear,78,Alabama,S,Cyan,Spring,4.3,No,Credit Card,Standard,No,No,48,Bank Transfer,Bi-Weekly,,2024-01-01 00:00:00,3077,
3497,39.0,,Shoes,Footwear,38,Idaho,M,Pink,Summer,4.0,No,Cash,Free Shipping,No,No,22,PayPal,Monthly,,2024-01-01 00:00:00,3078,
9,26.0,Male,Coat,Outerwear,97,West Virginia,L,Silver,Summer,2.6,Yes,Venmo,Express,Yes,Yes,8,Venmo,Annually,,2024-01-01 00:00:00,3079,
3662,63.0,Female,Sandals,Footwear,39,Kansas,S,White,Winter,,No,Cash,Next Day Air,No,No,5,Credit Card,Fortnightly,,2024-01-01 00:00:00,3080,
449,32.0,Male,Gloves,Accessories,23,Missouri,M,Yellow,Summer,3.4,Yes,Credit Card,Next Day Air,Yes,Yes,35,Bank Transfer,Fortnightly,,2024-01-01 00:00:00,3081,
1470,28.0,Male,Jewelry,Accessories,98,,M,Purple,Winter,4.4,No,Debit Card,Standard,Yes,Yes,31,PayPal,Every 3 Months,,2024-01-01 00:00:00,3082,
717,30.0,Male,Jewelry,Accessories,29,Missouri,M,Olive,Spring,,Yes,PayPal,Express,Yes,Yes,9,Venmo,Bi-Weekly,,2024-01-01 00:00:00,3083,
3191,41.0,Female,Jeans,Clothing,78,California,S,Purple,Fall,3.4,No,Bank Transfer,Free Shipping,No,No,5,Credit Card,Fortnightly,,2024-01-01 00:00:00,3084,
3493,48.0,Female,Gloves,Accessories,65,,M,Turquoise,Fall,4.6,No,PayPal,Standard,No,No,48,Bank Transfer,Annually,,2024-01-01 00:00:00,3085,
2049,45.0,Male,Sneakers,Footwear,64,Michigan,XL,Pink,Winter,3.9,No,Credit Card,Express,No,No,35,Bank Transfer,Quarterly,,2024-01-01 00:00:00,3086,
1902,,Male,Socks,Clothing,76,Arizona,S,Beige,Winter,3.9,No,Venmo,Store Pickup,No,No,50,Cash,Quarterly,,2024-01-01 00:00:00,3087,
3547,60.0,Female,Scarf,Accessories,79,Kansas,M,Violet,Summer,,No,Bank Transfer,Free Shipping,No,No,37,Bank Transfer,Bi-Weekly,,2024-01-01 00:00:00,3088,
1169,68.0,Male,Scarf,Accessories,91,Mississippi,L,Violet,Summer,,No,PayPal,Standard,Yes,Yes,37,Debit Card,Fortnightly,,2024-01-01 00:00:00,3089,
83,19.0,,Pants,Clothing,28,Georgia,S,Olive,Spring,4.0,Yes,Bank Transfer,2-Day Shipping,Yes,Yes,21,Credit Card,Every 3 Months,,2024-01-01 00:00:00,3090,
3221,38.0,Female,Handbag,Accessories,29,North Dakota,M,Blue,Fall,4.1,No,PayPal,Free Shipping,No,No,16,Cash,Monthly,,2024-01-01 00:00:00,3091,
2725,52.0,Female,Sneakers,Footwear,91,Missouri,M,Brown,Spring,2.5,No,Bank Transfer,Next Day Air,No,No,11,Debit Card,Fortnightly,,2024-01-01 00:00:00,3092,
3045,21.0,Female,Boots,Footwear,67,North Carolina,M,Magenta,Winter,2.7,No,PayPal,Free Shipping,No,No,10,Bank Transfer,Quarterly,,2024-01-01 00:00:00,3093,
1461,70.0,male,Boots,Footwear,85,Pennsylvania,L,Violet,Fall,4.6,No,Venmo,Standard,Yes,Yes,33,Venmo,Bi-Weekly,,2024-01-01 00:00:00,3094,
2819,999.0,FEMALE,Shorts,Clothing,73,California,M,Turquoise,Fall,4.7,No,Venmo,Next Day Air,No,No,12,Debit Card,Annually,,2024-01-01 00:00:00,3095,
1894,28.0,Male,Dress,Clothing,20,Delaware,L,Red,Summer,3.7,No,Venmo,Express,No,No,10,PayPal,Fortnightly,,2024-01-01 00:00:00,3096,
1669,66.0,Male,Blouse,Clothing,33,Utah,L,Charcoal,Summer,4.0,No,Credit Card,Standard,Yes,Yes,28,Debit Card,Fortnightly,,2024-01-01 00:00:00,3097,
2757,,Female,Hat,Accessories,23,Minnesota,L,Violet,Winter,4.1,No,Bank Transfer,,No,No,41,PayPal,Monthly,,2024-01-01 00:00:00,3098,
2001,26.0,Male,Belt,Accessories,27,California,M,Lavender,Winter,3.6,No,Venmo,2-Day Shipping,No,No,25,Cash,Bi-Weekly,,2024-01-01 00:00:00,3099,
476,999.0,Male,Sneakers,Footwear,66,Ohio,L,Magenta,Summer,,Yes,Cash,Free Shipping,Yes,Yes,18,Debit Card,Annually,,2024-01-01 00:00:00,3100,
518,61.0,Male,Boots,Footwear,49,North Dakota,L,Silver,Fall,2.7,Yes,Debit Card,Free Shipping,Yes,Yes,44,Cash,Every 3 Months,,2024-01-01 00:00:00,3101,
1957,70.0,Male,Socks,Clothing,37,Oklahoma,M,Pink,Winter,4.9,,Cash,Express,,No,20,Credit Card,Fortnightly,,2024-01-01 00:00:00,3102,
405,35.0,Male,T-shirt,Clothing,93,Delaware,M,Indigo,Spring,4.8,Yes,Credit Card,Store Pickup,,Yes,11,Credit Card,Monthly,,2024-01-01 00:00:00,3103,
385,70.0,Male,Sweater,Clothing,33,California,M,Beige,Fall,4.5,Yes,Credit Card,2-Day Shipping,Yes,Yes,6,Venmo,Annually,,2024-01-01 00:00:00,3104,
3233,45.0,Female,T-shirt,Clothing,34,Massachusetts,M,White,Spring,4.0,No,PayPal,Next Day Air,No,No,19,Bank Transfer,Monthly,,2024-01-01 00:00:00,3105,
2153,38.0,male,Shorts,Clothing,48,New Jersey,L,Magenta,Summer,4.5,No,Bank Transfer,Next Day Air,No,No,43,Bank Transfer,Bi-Weekly,,2024-01-01 00:00:00,3106,
1634,,Male,Socks,Clothing,80,North Dakota,M,Peach,Spring,4.4,No,Bank Transfer,2-Day Shipping,Yes,Yes,33,Debit Card,Bi-Weekly,,2024-01-01 00:00:00,3107,
3827,50.0,Female,Jacket,Outerwear,31,Montana,M,Gray,Summer,4.0,No,Bank Transfer,Express,No,No,25,Bank Transfer,Annually,,2024-01-01 00:00:00,3108,
689,25.0,Male,Scarf,Accessories,59,Michigan,S,Peach,Summer,,,Cash,Store Pickup,Yes,Yes,44,Venmo,Monthly,,2024-01-01 00:00:00,3109,
3247,70.0,,Sneakers,Footwear,98,Michigan,M,Magenta,Summer,2.9,No,Venmo,Store Pickup,No,No,37,Cash,Monthly,,2024-01-01 00:00:00,3110,
2875,36.0,Female,Shirt,Clothing,29,Colorado,L,Silver,Summer,3.1,No,Debit Card,Standard,No,No,2,Debit Card,Annually,,2024-01-01 00:00:00,3111,
1241,41.0,Male,Scarf,Accessories,79,New Jersey,L,White,Winter,2.9,No,Debit Card,Store Pickup,Yes,Yes,48,Debit Card,Annually,,2024-01-01 00:00:00,3112,
63,30.0,male,Sneakers,Footwear,21,Mississippi,S,Magenta,Spring,3.8,Yes,Credit Card,Free Shipping,Yes,Yes,31,Credit Card,Fortnightly,,2024-01-01 00:00:00,3113,
853,34.0,Male,Dress,Clothing,60,Florida,L,Yellow,Spring,4.2,Yes,Venmo,Next Day Air,Yes,Yes,23,Debit Card,Every 3 Months,,2024-01-01 00:00:00,3114,
3676,70.0,Female,Hat,Accessories,80,,M,White,Winter,4.5,No,Cash,Express,No,No,3,Bank Transfer,Monthly,,2024-01-01 00:00:00,3115,
3298,67.0,,Belt,Accessories,82,West Virginia,M,Violet,Fall,4.1,No,Credit Card,Free Shipping,No,No,47,PayPal,Monthly,,2024-01-01 00:00:00,3116,
1263,,Male,Boots,Footwear,62,Tennessee,L,Brown,Winter,4.8,No,Debit Card,Store Pickup,Yes,Yes,44,Venmo,Monthly,,2024-01-01 00:00:00,3117,
224,20.0,Male,Pants,Clothing,41,Wyoming,M,Turquoise,Spring,4.8,Yes,Venmo,Free Shipping,Yes,Yes,34,PayPal,Annually,,2024-01-01 00:00:00,3118,
2194,27.0,male,Shirt,Clothing,78,California,L,Turquoise,Spring,5.0,No,Bank Transfer,Express,No,No,8,PayPal,Monthly,,2024-01-01 00:00:00,3119,
374,23.0,Male,Coat,Outerwear,27,North Dakota,L,White,Summer,4.6,Yes,Bank Transfer,Express,Yes,Yes,11,Venmo,Bi-Weekly,,2024-01-01 00:00:00,3120,
1825,58.0,Male,Pants,Clothing,47,Illinois,XL,Magenta,Winter,3.8,No,Credit Card,Express,No,No,31,Cash,Monthly,,2024-01-01 00:00:00,3121,
3380,61.0,Female,Handbag,Accessories,51,Tennessee,L,Turquoise,Summer,5.0,No,Debit Card,Store Pickup,No,No,40,Cash,Weekly,,2024-01-01 00:00:00,3122,
3840,66.0,FEMALE,Sandals,Footwear,29,Connecticut,M,Peach,Spring,3.9,,PayPal,Free Shipping,No,No,14,Venmo,Quarterly,,2024-01-01 00:00:00,3123,
3468,18.0,Female,Scarf,Accessories,45,Texas,M,Charcoal,Fall,5.0,No,Bank Transfer,Next Day Air,No,No,5,Credit Card,Annually,,2024-01-01 00:00:00,3124,
3587,33.0,Female,Hoodie,Clothing,28,Idaho,M,Yellow,Winter,4.6,No,PayPal,Store Pickup,No,No,12,PayPal,Bi-Weekly,,2024-01-01 00:00:00,3125,
2872,46.0,Female,Shorts,Clothing,43,Idaho,S,Black,Summer,2.7,No,Cash,2-Day Shipping,No,No,40,Venmo,Bi-Weekly,,2024-01-01 00:00:00,3126,
10,57.0,Male,Handbag,Accessories,31,Missouri,M,Pink,Spring,4.8,Yes,PayPal,2-Day Shipping,Yes,Yes,4,Cash,Quarterly,,2024-01-01 00:00:00,3127,
2498,35.0,Male,Backpack,Accessories,40,Colorado,M,Violet,Summer,4.2,No,Bank Transfer,Standard,No,No,28,Bank Transfer,Annually,,2024-01-01 00:00:00,3128,
1945,30.0,male,Hoodie,Clothing,45,Arkansas,M,Gold,Winter,2.7,No,Debit Card,Free Shipping,No,No,49,Cash,Every 3 Months,,2024-01-01 00:00:00,3129,
1839,37.0,Male,Gloves,Accessories,24,Vermont,L,Blue,Fall,4.1,,Credit Card,Next Day Air,No,No,11,Credit Card,Quarterly,,2024-01-01 00:00:00,3130,
709,37.0,Male,Backpack,Accessories,50,Kentucky,L,Beige,Summer,3.4,Yes,Cash,Store Pickup,Yes,Yes,19,Cash,Fortnightly,,2024-01-01 00:00:00,3131,
256,43.0,Male,Scarf,Accessories,20,Maryland,M,Charcoal,Spring,4.2,Yes,Debit Card,,Yes,Yes,25,Debit Card,Annually,,2024-01-01 00:00:00,3132,
2931,38.0,Female,T-shirt,Clothing,50,,M,Orange,Spring,4.0,No,Credit Card,Free Shipping,,No,14,Venmo,Monthly,,2024-01-01 00:00:00,3133,
1618,43.0,Male,Blouse,Clothing,64,Wisconsin,M,Peach,Winter,4.3,No,PayPal,Standard,Yes,Yes,50,Credit Card,Fortnightly,,2024-01-01 00:00:00,3134,
390,27.0,Male,Boots,Footwear,42,Virginia,L,Purple,Spring,4.2,Yes,Venmo,,Yes,Yes,28,Bank Transfer,Monthly,,2024-01-01 00:00:00,3135,
1582,69.0,male,Jewelry,Accessories,77,Ohio,L,Teal,Fall,4.2,No,PayPal,Free Shipping,Yes,Yes,46,Cash,Quarterly,,2024-01-01 00:00:00,3136,
2957,52.0,Female,Dress,Clothing,88,Montana,M,Olive,Fall,3.7,No,PayPal,Standard,No,No,30,Venmo,Monthly,,2024-01-01 00:00:00,3137,
925,52.0,Male,Socks,Clothing,78,Kansas,XL,Beige,Winter,3.1,,Credit Card,Standard,Yes,Yes,37,Cash,Quarterly,,2024-01-01 00:00:00,3138,
3707,26.0,Female,Sandals,Footwear,55,Kansas,M,Green,Spring,4.0,No,Credit Card,Store Pickup,No,No,17,Cash,Bi-Weekly,,2024-01-01 00:00:00,3139,
3152,52.0,FEMALE,T-shirt,Clothing,64,New Mexico,L,Orange,Fall,3.1,No,Cash,2-Day Shipping,No,No,47,Bank Transfer,Quarterly,,2024-01-01 00:00:00,3140,
2509,23.0,male,Sneakers,Footwear,90,California,XL,Indigo,Spring,3.1,No,Cash,2-Day Shipping,No,No,5,Debit Card,Bi-Weekly,,2024-01-01 00:00:00,3141,
2037,37.0,Male,Blouse,Clothing,63,Minnesota,S,Lavender,Winter,3.1,No,PayPal,,,No,46,Cash,Weekly,,2024-01-01 00:00:00,3142,
3196,68.0,Female,Sunglasses,Accessories,58,Missouri,S,Red,Spring,4.9,No,Debit Card,Next Day Air,No,No,36,Credit Card,Quarterly,,2024-01-01 00:00:00,3143,
1225,62.0,Male,Shorts,Clothing,50,Illinois,M,Yellow,Summer,3.7,No,Bank Transfer,Store Pickup,Yes,Yes,18,Venmo,Weekly,,2024-01-01 00:00:00,3144,
3007,37.0,,Dress,Clothing,99,Utah,M,Olive,Summer,3.7,No,Venmo,Store Pickup,No,No,17,Venmo,Bi-Weekly,,2024-01-01 00:00:00,3145,
2550,41.0,Male,Jacket,Outerwear,60,Virginia,M,Red,Fall,2.7,No,Credit Card,Standard,No,No,11,Debit Card,Every 3 Months,,2024-01-01 00:00:00,3146,
1947,59.0,Male,Pants,Clothing,49,Louisiana,M,White,Summer,4.5,No,Bank Transfer,Standard,No,No,41,Credit Card,Quarterly,,2024-01-01 00:00:00,3147,
740,64.0,Male,Shorts,Clothing,29,Minnesota,S,Purple,Summer,,,Cash,Free Shipping,Yes,Yes,26,Venmo,Bi-Weekly,,2024-01-01 00:00:00,3148,
41,69.0,Male,Handbag,Accessories,76,Louisiana,L,Beige,Winter,4.6,Yes,PayPal,Next Day Air,Yes,Yes,31,Debit Card,Quarterly,,2024-01-01 00:00:00,3149,
869,40.0,male,Dress,Clothing,83,North Carolina,M,Green,Summer,3.2,Yes,Credit Card,Next Day Air,Yes,Yes,2,Credit Card,Every 3 Months,,2024-01-01 00:00:00,3150,
2780,61.0,Female,Sunglasses,Accessories,66,Montana,L,Blue,Winter,4.3,No,Bank Transfer,Express,No,No,14,Credit Card,Fortnightly,,2024-01-01 00:00:00,3151,
540,49.0,Male,Coat,Outerwear,48,Wyoming,M,Violet,Winter,4.0,Yes,Cash,Store Pickup,Yes,Yes,49,Debit Card,Weekly,,2024-01-01 00:00:00,3152,
2746,28.0,Female,Boots,Footwear,98,Michigan,M,Magenta,Summer,4.1,No,Bank Transfer,Standard,No,No,44,PayPal,Bi-Weekly,,2024-01-01 00:00:00,3153,
3346,28.0,Female,Handbag,Accessories,91,Florida,M,Turquoise,Summer,4.0,No,Cash,2-Day Shipping,No,No,3,Venmo,Bi-Weekly,,2024-01-01 00:00:00,3154,
2724,54.0,Female,Shoes,Footwear,49,Texas,XL,Brown,Summer,2.9,No,Bank Transfer,Store Pickup,No,No,3,PayPal,Every 3 Months,,2024-01-01 00:00:00,3155,
1372,40.0,Male,Pants,Clothing,64,Mississippi,M,Charcoal,Spring,2.8,No,PayPal,Store Pickup,Yes,Yes,42,Credit Card,Monthly,,2024-01-01 00:00:00,3156,
1146,31.0,Male,Sneakers,Footwear,89,Nevada,L,Pink,Summer,3.0,No,Venmo,Express,Yes,Yes,30,Cash,Every 3 Months,,2024-01-01 00:00:00,3157,
1032,22.0,Male,Sandals,Footwear,50,Tennessee,M,Teal,Spring,3.4,Yes,Cash,Free Shipping,Yes,Yes,32,Cash,Quarterly,,2024-01-01 00:00:00,3158,
373,24.0,Male,Sweater,Clothing,85,Pennsylvania,L,Orange,Summer,3.7,Yes,Credit Card,Standard,Yes,Yes,7,Debit Card,Weekly,,2024-01-01 00:00:00,3159,
668,34.0,Male,Sunglasses,Accessories,76,Arizona,S,Blue,Winter,2.6,Yes,Debit Card,Standard,Yes,Yes,32,Bank Transfer,Quarterly,,2024-01-01 00:00:00,3160,
3020,,Female,Jacket,Outerwear,44,Utah,M,Yellow,Winter,3.9,No,Venmo,2-Day Shipping,No,No,15,PayPal,Annually,,2024-01-01 00:00:00,3161,
358,18.0,Male,Belt,Accessories,56,,M,Olive,Spring,4.0,Yes,Bank Transfer,Standard,Yes,Yes,16,Credit Card,Bi-Weekly,,2024-01-01 00:00:00,3162,
968,27.0,Male,Hoodie,Clothing,26,Georgia,S,Silver,Summer,3.7,Yes,Debit Card,Store Pickup,Yes,Yes,4,Cash,Weekly,,2024-01-01 00:00:00,3163,
2832,34.0,Female,Hoodie,Clothing,53,Virginia,L,Pink,Winter,5.0,No,Cash,Express,No,No,4,Credit Card,Weekly,,2024-01-01 00:00:00,3164,
2784,19.0,Female,Skirt,Clothing,38,Virginia,M,Silver,Spring,4.5,No,Credit Card,Next Day Air,No,No,26,Credit Card,Quarterly,,2024-01-01 00:00:00,3165,
1354,39.0,Male,Pants,Clothing,83,Oregon,M,Teal,Winter,4.1,No,Bank Transfer,Next Day Air,Yes,Yes,4,Cash,Every 3 Months,,2024-01-01 00:00:00,3166,
1036,61.0,Male,Blouse,Clothing,89,Georgia,M,Brown,Fall,2.8,,Venmo,Express,Yes,Yes,32,Venmo,Annually,,2024-01-01 00:00:00,3167,
3019,43.0,Female,Boots,Footwear,41,Texas,M,Green,Summer,3.0,No,Debit Card,Free Shipping,No,No,21,Debit Card,Bi-Weekly,,2024-01-01 00:00:00,3168,
471,50.0,Male,Dress,Clothing,63,Minnesota,L,Teal,Summer,4.6,Yes,Cash,Express,Yes,Yes,6,Cash,Every 3 Months,,2024-01-01 00:00:00,3169,
3832,36.0,Female,Backpack,Accessories,86,Nevada,L,Silver,Spring,4.0,No,Venmo,Next Day Air,No,No,16,Debit Card,Every 3 Months,,2024-01-01 00:00:00,3170,
1397,37.0,Male,Pants,Clothing,30,Wisconsin,XL,Lavender,Winter,3.0,,Cash,Next Day Air,Yes,Yes,49,Debit Card,Monthly,,2024-01-01 00:00:00,3171,
3501,38.0,Female,Shirt,Clothing,48,Oregon,S,Silver,Fall,4.6,No,Credit Card,Next Day Air,,No,38,Debit Card,Fortnightly,,2024-01-01 00:00:00,3172,
1550,19.0,Male,Sneakers,Footwear,55,,M,Black,Spring,2.9,No,Cash,,Yes,Yes,19,Debit Card,Every 3 Months,,2024-01-01 00:00:00,3173,
1257,45.0,,Coat,Outerwear,48,,S,Olive,Winter,3.6,No,Cash,Express,Yes,Yes,4,Cash,Fortnightly,,2024-01-01 00:00:00,3174,
2095,53.0,male,Socks,Clothing,25,South Carolina,M,Indigo,Spring,3.4,No,Bank Transfer,Standard,No,No,19,Venmo,Annually,,2024-01-01 00:00:00,3175,
1556,43.0,male,Shorts,Clothing,47,Ohio,S,Cyan,Winter,4.5,No,Bank Transfer,Free Shipping,Yes,Yes,44,Cash,Quarterly,,2024-01-01 00:00:00,3176,
3454,31.0,FEMALE,Shirt,Clothing,60,Alabama,L,Pink,Winter,4.3,No,Venmo,Standard,No,No,48,Venmo,Bi-Weekly,,2024-01-01 00:00:00,3177,
1251,52.0,male,Jeans,Clothing,26,New Hampshire,XL,Purple,Winter,4.1,No,Cash,Free Shipping,Yes,Yes,24,Cash,Monthly,,2024-01-01 00:00:00,3178,
1700,20.0,Male,Sweater,Clothing,67,North Dakota,L,Teal,Spring,4.0,No,Bank Transfer,Free Shipping,No,No,34,Debit Card,Annually,,2024-01-01 00:00:00,3179,
1253,28.0,Male,Sandals,Footwear,41,Massachusetts,L,Magenta,Fall,4.0,No,Venmo,Standard,Yes,Yes,8,Cash,Quarterly,,2024-01-01 00:00:00,3180,
3696,38.0,FEMALE,Skirt,Clothing,33,Florida,M,White,Fall,4.6,No,Bank Transfer,Standard,No,No,18,Bank Transfer,Fortnightly,,2024-01-01 00:00:00,3181,
3720,20.0,Female,Pants,Clothing,91,Pennsylvania,M,Red,Summer,4.1,,Cash,Free Shipping,No,No,8,Bank Transfer,Every 3 Months,,2024-01-01 00:00:00,3182,
2934,27.0,Female,Hat,Accessories,52,Illinois,M,Brown,Summer,3.8,No,Credit Card,Standard,No,No,28,Venmo,Monthly,,2024-01-01 00:00:00,3183,
80,38.0,Male,Jacket,Outerwear,96,Iowa,M,Olive,Winter,2.6,Yes,Bank Transfer,2-Day Shipping,Yes,Yes,43,Bank Transfer,Every 3 Months,,2024-01-01 00:00:00,3184,
1173,59.0,Male,Coat,Outerwear,68,Oregon,L,Peach,Spring,4.6,No,Credit Card,Store Pickup,Yes,Yes,42,Bank Transfer,Bi-Weekly,,2024-01-01 00:00:00,3185,
815,31.0,Male,Shirt,Clothing,62,Minnesota,M,Pink,Winter,3.8,Yes,Cash,Express,,Yes,8,PayPal,Monthly,,2024-01-01 00:00:00,3186,
1853,41.0,Male,Sweater,Clothing,80,Pennsylvania,XL,Violet,Winter,3.8,No,Cash,Store Pickup,No,No,32,Cash,Weekly,,2024-01-01 00:00:00,3187,
2221,19.0,Male,Belt,Accessories,62,,XL,Beige,Fall,4.5,No,Cash,Store Pickup,No,No,47,Cash,Annually,,2024-01-01 00:00:00,3188,
2720,69.0,Female,Hoodie,Clothing,82,Louisiana,S,Peach,Fall,4.2,No,Venmo,,No,No,4,Bank Transfer,Monthly,,2024-01-01 00:00:00,3189,
3510,50.0,Female,T-shirt,Clothing,22,Ohio,L,Brown,Winter,4.3,No,Cash,Next Day Air,No,No,43,Venmo,Bi-Weekly,,2024-01-01 00:00:00,3190,
2106,65.0,Male,Gloves,Accessories,35,South Carolina,M,Silver,Spring,4.5,No,Credit Card,Free Shipping,No,No,38,Venmo,Bi-Weekly,,2024-01-01 00:00:00,3191,
134,52.0,Male,Sweater,Clothing,65,Montana,M,Violet,Winter,2.5,Yes,Bank Transfer,Next Day Air,Yes,Yes,25,Venmo,Annually,,2024-01-01 00:00:00,3192,
1141,31.0,Male,Jeans,Clothing,39,Maryland,M,White,Winter,2.6,No,Cash,Store Pickup,Yes,Yes,6,Credit Card,Every 3 Months,,2024-01-01 00:00:00,3193,
934,70.0,Male,Sneakers,Footwear,84,Colorado,M,Magenta,Spring,2.7,Yes,Debit Card,Store Pickup,Yes,Yes,33,Debit Card,Monthly,,2024-01-01 00:00:00,3194,
929,67.0,Male,Dress,Clothing,37,Arkansas,XL,Yellow,Winter,3.4,Yes,Bank Transfer,Store Pickup,Yes,Yes,31,Cash,Every 3 Months,,2024-01-01 00:00:00,3195,
824,51.0,Male,Sunglasses,Accessories,27,Georgia,M,Green,Winter,2.5,Yes,PayPal,Free Shipping,Yes,Yes,11,Credit Card,Quarterly,,2024-01-01 00:00:00,3196,
1532,63.0,Male,Backpack,Accessories,83,Mississippi,S,Violet,Spring,4.5,No,Cash,Next Day Air,Yes,Yes,8,PayPal,Bi-Weekly,,2024-01-01 00:00:00,3197,
1215,30.0,Male,Jacket,Outerwear,81,Vermont,M,Blue,Fall,3.8,No,Cash,,Yes,Yes,5,Cash,Every 3 Months,,2024-01-01 00:00:00,3198,
505,42.0,male,Shoes,Footwear,22,,M,Maroon,Winter,3.9,Yes,Bank Transfer,Free Shipping,Yes,Yes,26,PayPal,Annually,,2024-01-01 00:00:00,3199,
1048,31.0,male,Socks,Clothing,36,Utah,S,Olive,Fall,4.2,Yes,Debit Card,Standard,Yes,Yes,7,Credit Card,Fortnightly,,2024-01-01 00:00:00,3200,
2396,62.0,Male,Blouse,Clothing,83,Connecticut,M,Cyan,Winter,3.5,No,Debit Card,2-Day Shipping,No,No,47,PayPal,Bi-Weekly,,2024-01-01 00:00:00,3201,
1997,67.0,male,Sneakers,Footwear,27,South Dakota,L,Indigo,Summer,3.3,No,Cash,Next Day Air,No,No,18,Cash,Every 3 Months,,2024-01-01 00:00:00,3202,
2435,36.0,Male,Gloves,Accessories,45,Utah,M,Brown,Spring,5.0,No,Cash,Store Pickup,No,No,40,Credit Card,Monthly,,2024-01-01 00:00:00,3203,
3073,26.0,Female,Jewelry,Accessories,98,New York,L,Peach,Spring,3.1,No,Venmo,,No,No,46,PayPal,Quarterly,,2024-01-01 00:00:00,3204,
1959,39.0,Male,Shorts,Clothing,67,Nevada,M,Gray,Winter,2.7,No,Cash,Store Pickup,No,No,47,Cash,Quarterly,,2024-01-01 00:00:00,3205,
1385,46.0,Male,Sneakers,Footwear,96,Alaska,M,Beige,Fall,4.6,No,Cash,Standard,Yes,Yes,8,Bank Transfer,Weekly,,2024-01-01 00:00:00,3206,
895,44.0,Male,Hoodie,Clothing,60,Wyoming,L,Purple,Spring,3.8,Yes,Venmo,Free Shipping,Yes,Yes,3,Debit Card,Quarterly,,2024-01-01 00:00:00,3207,
829,24.0,male,Socks,Clothing,62,Nevada,M,Peach,Fall,3.7,Yes,Bank Transfer,2-Day Shipping,Yes,Yes,27,PayPal,Bi-Weekly,,2024-01-01 00:00:00,3208,
1750,43.0,Male,Hoodie,Clothing,70,Wyoming,L,Pink,Fall,3.2,,Credit Card,2-Day Shipping,No,No,36,Debit Card,Every 3 Months,,2024-01-01 00:00:00,3209,
2524,43.0,male,Handbag,Accessories,24,New Jersey,S,Cyan,Spring,3.4,No,Cash,,No,No,21,Bank Transfer,Annually,,2024-01-01 00:00:00,3210,
1684,23.0,Male,Coat,Outerwear,57,Arkansas,S,Lavender,Spring,3.5,No,Debit Card,Next Day Air,No,No,37,Venmo,Quarterly,,2024-01-01 00:00:00,3211,
3438,22.0,Female,Jacket,Outerwear,62,Oklahoma,S,Green,Winter,3.5,,Venmo,2-Day Shipping,,No,50,PayPal,Annually,,2024-01-01 00:00:00,3212,
3413,61.0,Female,Sandals,Footwear,83,Indiana,M,Magenta,Fall,,No,Credit Card,Store Pickup,No,No,31,Venmo,Quarterly,,2024-01-01 00:00:00,3213,
3350,35.0,FEMALE,Jewelry,Accessories,79,Georgia,M,Red,Fall,2.8,No,Cash,Store Pickup,No,No,29,PayPal,Quarterly,,2024-01-01 00:00:00,3214,
653,64.0,Male,Sunglasses,Accessories,27,Minnesota,M,Beige,Winter,,Yes,PayPal,Free Shipping,Yes,Yes,27,Venmo,Weekly,,2024-01-01 00:00:00,3215,
173,54.0,Male,Jewelry,Accessories,67,Nebraska,M,Violet,Summer,3.9,Yes,Bank Transfer,Next Day Air,Yes,Yes,42,Credit Card,Bi-Weekly,,2024-01-01 00:00:00,3216,
3198,,Female,Sweater,Clothing,71,Maine,M,Teal,Spring,3.2,No,Bank Transfer,Free Shipping,No,No,29,Credit Card,Every 3 Months,,2024-01-01 00:00:00,3217,
39,29.0,Male,Dress,Clothing,37,Florida,M,Red,Winter,3.7,Yes,Debit Card,2-Day Shipping,Yes,Yes,44,Venmo,Every 3 Months,,2024-01-01 00:00:00,3218,
3830,69.0,Female,Pants,Clothing,32,,M,Indigo,Spring,2.9,No,Credit Card,Free Shipping,No,No,32,Debit Card,Fortnightly,,2024-01-01 00:00:00,3219,
714,37.0,Male,Hoodie,Clothing,90,Oregon,M,Lavender,Summer,2.6,Yes,Bank Transfer,Express,Yes,Yes,39,Bank Transfer,Bi-Weekly,,2024-01-01 00:00:00,3220,
91,25.0,Male,Hat,Accessories,48,South Carolina,L,Violet,Summer,2.9,Yes,Venmo,Express,Yes,Yes,29,Credit Card,Monthly,,2024-01-01 00:00:00,3221,
1425,66.0,,Jacket,Outerwear,23,Connecticut,S,Indigo,Fall,3.5,No,Cash,Standard,Yes,Yes,34,Bank Transfer,Every 3 Months,,2024-01-01 00:00:00,3222,
1206,,male,Handbag,Accessories,99,California,M,Olive,Spring,3.5,No,Credit Card,Standard,Yes,Yes,38,Bank Transfer,Fortnightly,,2024-01-01 00:00:00,3223,
2924,28.0,Female,Shirt,Clothing,70,Pennsylvania,M,Magenta,Spring,4.2,No,Bank Transfer,2-Day Shipping,No,No,12,Cash,Quarterly,,2024-01-01 00:00:00,3224,
3385,39.0,Female,Hoodie,Clothing,24,Minnesota,L,Maroon,Summer,3.8,No,Credit Card,Free Shipping,,No,9,Venmo,Quarterly,,2024-01-01 00:00:00,3225,
3450,48.0,Female,Blouse,Clothing,37,Kansas,M,Brown,Spring,4.5,No,PayPal,Standard,No,No,35,Cash,Monthly,,2024-01-01 00:00:00,3226,
3142,36.0,FEMALE,Sunglasses,Accessories,30,Mississippi,S,Peach,Winter,4.9,No,Venmo,Express,No,No,47,Credit Card,Bi-Weekly,,2024-01-01 00:00:00,3227,
1828,20.0,Male,T-shirt,Clothing,36,Vermont,S,Pink,Spring,,No,Cash,2-Day Shipping,No,No,31,Bank Transfer,Weekly,,2024-01-01 00:00:00,3228,
1156,67.0,Male,T-shirt,Clothing,53,Tennessee,S,Red,Fall,2.6,No,Debit Card,Express,Yes,Yes,47,PayPal,Quarterly,,2024-01-01 00:00:00,3229,
1325,39.0,Male,Jewelry,Accessories,77,Indiana,S,Orange,Summer,3.8,No,Credit Card,Free Shipping,Yes,Yes,11,Credit Card,Fortnightly,,2024-01-01 00:00:00,3230,
217,43.0,Male,Shorts,Clothing,61,Massachusetts,L,Yellow,Spring,3.7,Yes,Cash,Free Shipping,Yes,Yes,21,Venmo,Weekly,,2024-01-01 00:00:00,3231,
511,21.0,Male,Shirt,Clothing,87,West Virginia,M,Teal,Fall,3.9,Yes,Credit Card,2-Day Shipping,Yes,Yes,22,Venmo,Annually,,2024-01-01 00:00:00,3232,
1681,61.0,Male,Shoes,Footwear,37,Louisiana,M,Olive,Summer,3.4,No,Credit Card,Store Pickup,No,No,6,Credit Card,Annually,,2024-01-01 00:00:00,3233,
500,36.0,Male,Shoes,Footwear,99,Rhode Island,L,Silver,Winter,4.8,Yes,Credit Card,Express,Yes,Yes,24,PayPal,Monthly,,2024-01-01 00:00:00,3234,
3302,36.0,Female,Pants,Clothing,58,Oklahoma,XL,Charcoal,Summer,2.5,No,PayPal,Free Shipping,No,No,31,Credit Card,Fortnightly,,2024-01-01 00:00:00,3235,
1857,63.0,Male,Jewelry,Accessories,55,Arizona,XL,Beige,Summer,3.2,No,Venmo,Free Shipping,No,No,30,PayPal,Bi-Weekly,,2024-01-01 00:00:00,3236,
1389,62.0,Male,Dress,Clothing,23,Arkansas,M,Lavender,Spring,3.9,No,Cash,Express,Yes,Yes,40,Cash,Quarterly,,2024-01-01 00:00:00,3237,
1520,50.0,Male,Sunglasses,Accessories,73,Texas,L,Cyan,Fall,4.9,No,Venmo,Next Day Air,Yes,Yes,40,PayPal,Weekly,,2024-01-01 00:00:00,3238,
2387,19.0,Male,Socks,Clothing,33,Illinois,L,Blue,Summer,,No,Credit Card,Standard,No,No,14,Venmo,Monthly,,2024-01-01 00:00:00,3239,
3637,50.0,Female,Sandals,Footwear,38,California,L,Lavender,Summer,,No,PayPal,2-Day Shipping,No,No,36,Cash,Weekly,,2024-01-01 00:00:00,3240,
3237,63.0,Female,Belt,Accessories,84,South Carolina,L,Olive,Fall,4.1,No,Venmo,Next Day Air,No,No,8,Cash,Monthly,,2024-01-01 00:00:00,3241,
2077,59.0,Male,Gloves,Accessories,23,Florida,S,Indigo,Fall,4.6,No,Cash,Free Shipping,No,No,22,Debit Card,Bi-Weekly,,2024-01-01 00:00:00,3242,
1541,28.0,Male,Shorts,Clothing,95,Colorado,M,Red,Winter,2.9,No,Debit Card,Next Day Air,Yes,Yes,14,Bank Transfer,Monthly,,2024-01-01 00:00:00,3243,
1218,50.0,Male,Boots,Footwear,63,Nebraska,XL,Cyan,Fall,2.6,No,Debit Card,Free Shipping,Yes,Yes,12,Cash,Every 3 Months,,2024-01-01 00:00:00,3244,
2682,23.0,Female,Shoes,Footwear,23,Massachusetts,L,Olive,Summer,4.8,No,Bank Transfer,Standard,No,No,17,Debit Card,Monthly,,2024-01-01 00:00:00,3245,
3834,44.0,Female,Jacket,Outerwear,93,Arizona,L,Gray,Summer,,No,Cash,Free Shipping,No,No,17,PayPal,Every 3 Months,,2024-01-01 00:00:00,3246,
2994,32.0,Female,Jacket,Outerwear,21,Kansas,L,Indigo,Spring,4.2,No,Bank Transfer,Free Shipping,No,No,18,Cash,Bi-Weekly,,2024-01-01 00:00:00,3247,
1417,48.0,Male,Boots,Footwear,56,Idaho,L,Silver,Summer,,No,PayPal,,Yes,Yes,46,Cash,Quarterly,,2024-01-01 00:00:00,3248,
2218,35.0,,Jewelry,Accessories,27,Indiana,XL,Red,Fall,2.6,No,Bank Transfer,Store Pickup,No,No,42,Bank Transfer,Fortnightly,,2024-01-01 00:00:00,3249,
3358,41.0,Female,Hoodie,Clothing,67,Arkansas,M,Pink,Winter,3.5,No,Venmo,Free Shipping,No,No,37,Credit Card,Monthly,,2024-01-01 00:00:00,3250,
1677,27.0,Male,Sunglasses,Accessories,44,West Virginia,M,Cyan,Winter,3.1,No,PayPal,Next Day Air,Yes,Yes,34,Bank Transfer,Weekly,,2024-01-01 00:00:00,3251,
1198,54.0,Male,Sneakers,Footwear,92,Vermont,L,Violet,Fall,3.9,No,Debit Card,Standard,Yes,Yes,26,PayPal,Annually,,2024-01-01 00:00:00,3252,
1543,59.0,Male,Blouse,Clothing,44,Hawaii,M,Maroon,Winter,3.5,No,Venmo,Next Day Air,Yes,Yes,43,PayPal,Weekly,,2024-01-01 00:00:00,3253,
2961,57.0,FEMALE,Coat,Outerwear,48,Indiana,S,Olive,Spring,3.6,No,Venmo,Standard,No,No,47,Credit Card,Weekly,,2024-01-01 00:00:00,3254,
2540,33.0,male,Sandals,Footwear,73,Massachusetts,M,Purple,Fall,4.1,,PayPal,,,No,24,Cash,Bi-Weekly,,2024-01-01 00:00:00,3255,
954,68.0,Male,Sunglasses,Accessories,50,Utah,S,Cyan,Spring,,Yes,Credit Card,2-Day Shipping,Yes,Yes,36,Venmo,Quarterly,,2024-01-01 00:00:00,3256,
3146,57.0,Female,Handbag,Accessories,29,Texas,XL,Purple,Spring,4.6,No,Debit Card,Standard,No,No,16,PayPal,Fortnightly,,2024-01-01 00:00:00,3257,
3081,69.0,FEMALE,Hoodie,Clothing,42,Colorado,L,Yellow,Spring,4.1,No,PayPal,,No,No,5,Cash,Bi-Weekly,,2024-01-01 00:00:00,3258,
2636,59.0,Male,Hoodie,Clothing,80,Colorado,XL,Peach,Spring,2.9,No,PayPal,2-Day Shipping,No,No,34,PayPal,Fortnightly,,2024-01-01 00:00:00,3259,
751,25.0,Male,T-shirt,Clothing,95,Maryland,L,Violet,Fall,3.4,Yes,Bank Transfer,Free Shipping,Yes,Yes,5,Venmo,Annually,,2024-01-01 00:00:00,3260,
2706,65.0,,Jacket,Outerwear,81,Washington,S,Turquoise,Spring,5.0,No,Debit Card,Store Pickup,No,No,1,Credit Card,Bi-Weekly,,2024-01-01 00:00:00,3261,
235,20.0,Male,Gloves,Accessories,39,,S,Silver,Summer,3.7,Yes,PayPal,Next Day Air,Yes,Yes,24,Credit Card,Weekly,,2024-01-01 00:00:00,3262,
733,,Male,Shirt,Clothing,57,New Hampshire,L,Blue,Spring,2.8,Yes,Cash,Express,Yes,Yes,28,Cash,Bi-Weekly,,2024-01-01 00:00:00,3263,
894,33.0,male,Backpack,Accessories,51,Nebraska,M,Red,Spring,,Yes,Debit Card,Express,Yes,Yes,14,Venmo,Monthly,,2024-01-01 00:00:00,3264,
3622,38.0,Female,Sneakers,Footwear,32,,XL,Silver,Summer,4.0,No,Venmo,2-Day Shipping,No,No,5,Cash,Fortnightly,,2024-01-01 00:00:00,3265,
1157,20.0,Male,Shoes,Footwear,21,Hawaii,M,Gold,Summer,4.8,No,PayPal,Express,Yes,Yes,6,Venmo,Every 3 Months,,2024-01-01 00:00:00,3266,
3595,19.0,Female,Scarf,Accessories,87,Alabama,L,Charcoal,Summer,2.6,No,PayPal,2-Day Shipping,No,No,29,Venmo,Quarterly,,2024-01-01 00:00:00,3267,
2446,63.0,Male,Scarf,Accessories,96,Tennessee,M,Brown,Summer,4.1,No,PayPal,Store Pickup,No,No,50,Cash,Weekly,,2024-01-01 00:00:00,3268,
2983,33.0,Female,Dress,Clothing,45,Wisconsin,M,Orange,Summer,3.6,No,Venmo,Store Pickup,No,No,4,Credit Card,Weekly,,2024-01-01 00:00:00,3269,
1210,41.0,,Pants,Clothing,62,Pennsylvania,M,Blue,Winter,3.8,No,PayPal,Next Day Air,Yes,Yes,16,Bank Transfer,Monthly,,2024-01-01 00:00:00,3270,
1066,,Male,T-shirt,Clothing,20,,XL,Blue,Spring,4.1,No,Cash,Store Pickup,,Yes,3,PayPal,Every 3 Months,,2024-01-01 00:00:00,3271,
2157,38.0,male,Skirt,Clothing,83,Missouri,M,Maroon,Winter,3.6,,PayPal,Next Day Air,,No,41,Debit Card,Bi-Weekly,,2024-01-01 00:00:00,3272,
1063,59.0,Male,Boots,Footwear,75,Ohio,M,Brown,Fall,2.6,No,Venmo,Next Day Air,Yes,Yes,21,Debit Card,Every 3 Months,,2024-01-01 00:00:00,3273,
2617,61.0,Male,Sandals,Footwear,55,Georgia,XL,Purple,Spring,,No,Bank Transfer,Express,No,No,46,Cash,Annually,,2024-01-01 00:00:00,3274,
1168,60.0,Male,Socks,Clothing,83,New Jersey,XL,Beige,Summer,3.6,No,PayPal,Free Shipping,Yes,Yes,16,PayPal,Quarterly,,2024-01-01 00:00:00,3275,
3223,45.0,Female,Sunglasses,Accessories,84,Texas,S,Maroon,Fall,4.6,No,Debit Card,Store Pickup,,No,22,PayPal,Quarterly,,2024-01-01 00:00:00,3276,
1493,62.0,Male,Jacket,Outerwear,38,North Carolina,M,Maroon,Summer,4.5,No,Venmo,Free Shipping,Yes,Yes,3,Venmo,Quarterly,,2024-01-01 00:00:00,3277,
2939,28.0,FEMALE,Sunglasses,Accessories,53,Maine,M,Violet,Fall,3.0,No,Cash,Standard,No,No,15,Cash,Monthly,,2024-01-01 00:00:00,3278,
2996,29.0,Female,Jeans,Clothing,96,,M,Orange,Summer,2.5,No,Venmo,Standard,No,No,42,Debit Card,Bi-Weekly,,2024-01-01 00:00:00,3279,
3097,69.0,Female,Shirt,Clothing,63,Kansas,L,White,Winter,3.5,No,PayPal,Next Day Air,No,No,20,Bank Transfer,Monthly,,2024-01-01 00:00:00,3280,
3296,70.0,Female,Blouse,Clothing,34,West Virginia,S,Lavender,Summer,2.8,No,PayPal,Next Day Air,No,No,15,Cash,Weekly,,2024-01-01 00:00:00,3281,
3558,52.0,FEMALE,Jacket,Outerwear,26,Nevada,M,Peach,Summer,4.9,No,PayPal,,,No,1,PayPal,Every 3 Months,,2024-01-01 00:00:00,3282,
3141,34.0,Female,Gloves,Accessories,44,Alaska,XL,Peach,Summer,4.6,No,Debit Card,Free Shipping,,No,37,Bank Transfer,Weekly,,2024-01-01 00:00:00,3283,
885,67.0,Male,Skirt,Clothing,91,Hawaii,L,Yellow,Winter,4.1,Yes,Venmo,Express,Yes,Yes,34,Bank Transfer,Weekly,,2024-01-01 00:00:00,3284,
144,30.0,Male,Coat,Outerwear,48,,M,Beige,Fall,2.7,Yes,Bank Transfer,Store Pickup,,Yes,25,PayPal,Quarterly,,2024-01-01 00:00:00,3285,
2668,48.0,Female,Boots,Footwear,47,Maryland,M,Orange,Summer,4.1,No,Venmo,Free Shipping,No,No,31,Cash,Fortnightly,,2024-01-01 00:00:00,3286,
851,68.0,male,Shoes,Footwear,20,Connecticut,L,Turquoise,Winter,,Yes,Bank Transfer,Store Pickup,Yes,Yes,13,Venmo,Monthly,,2024-01-01 00:00:00,3287,
2783,41.0,Female,Gloves,Accessories,34,Idaho,S,Cyan,Spring,3.8,No,PayPal,Free Shipping,No,No,30,PayPal,Annually,,2024-01-01 00:00:00,3288,
718,21.0,Male,Socks,Clothing,90,Alaska,L,Green,Spring,4.2,Yes,Debit Card,Express,Yes,Yes,7,Venmo,Every 3 Months,,2024-01-01 00:00:00,3289,
3803,70.0,FEMALE,Scarf,Accessories,72,Illinois,S,Turquoise,Spring,3.2,No,Bank Transfer,2-Day Shipping,No,No,1,Bank Transfer,Monthly,,2024-01-01 00:00:00,3290,
2503,46.0,Male,Skirt,Clothing,47,Idaho,L,Pink,Spring,4.1,No,Cash,Standard,No,No,17,PayPal,Every 3 Months,,2024-01-01 00:00:00,3291,
265,36.0,Male,Pants,Clothing,78,,S,Charcoal,Fall,,Yes,Venmo,Store Pickup,Yes,Yes,15,Cash,Annually,,2024-01-01 00:00:00,3292,
76,64.0,Male,Scarf,Accessories,85,Utah,M,Blue,Summer,2.7,Yes,Debit Card,Free Shipping,Yes,Yes,21,Credit Card,Annually,,2024-01-01 00:00:00,3293,
2493,50.0,Male,Sunglasses,Accessories,96,South Dakota,S,Silver,Summer,4.1,,Venmo,Next Day Air,No,No,34,Bank Transfer,Bi-Weekly,,2024-01-01 00:00:00,3294,
396,37.0,,Sneakers,Footwear,65,Rhode Island,L,Brown,Winter,4.9,Yes,Cash,Store Pickup,Yes,Yes,2,PayPal,Annually,,2024-01-01 00:00:00,3295,
3397,29.0,Female,Pants,Clothing,37,Tennessee,XL,Black,Winter,5.0,No,PayPal,Next Day Air,No,No,5,PayPal,Quarterly,,2024-01-01 00:00:00,3296,
2225,18.0,Male,Gloves,Accessories,25,Nebraska,L,Charcoal,Winter,,No,Credit Card,Standard,No,No,38,Cash,Quarterly,,2024-01-01 00:00:00,3297,
3091,29.0,Female,Shirt,Clothing,36,Texas,M,Peach,Summer,4.9,No,PayPal,Store Pickup,No,No,15,Bank Transfer,Quarterly,,2024-01-01 00:00:00,3298,
3742,58.0,FEMALE,Shirt,Clothing,96,,M,Purple,Spring,,No,Venmo,2-Day Shipping,No,No,26,Debit Card,Bi-Weekly,,2024-01-01 00:00:00,3299,
397,46.0,male,Dress,Clothing,88,South Carolina,S,Black,Fall,3.9,Yes,Bank Transfer,Standard,Yes,Yes,24,Bank Transfer,Annually,,2024-01-01 00:00:00,3300,
1366,28.0,male,Handbag,Accessories,69,Indiana,M,Magenta,Winter,4.5,No,PayPal,Store Pickup,Yes,Yes,18,Bank Transfer,Fortnightly,,2024-01-01 00:00:00,3301,
3331,38.0,Female,Sneakers,Footwear,96,Missouri,M,Black,Spring,3.2,No,PayPal,,No,No,41,Bank Transfer,Quarterly,,2024-01-01 00:00:00,3302,
1904,59.0,Male,Pants,Clothing,63,North Carolina,M,Gold,Summer,3.3,No,Bank Transfer,Standard,No,No,37,Bank Transfer,Weekly,,2024-01-01 00:00:00,3303,
596,30.0,Male,Shoes,Footwear,77,Delaware,M,Silver,Summer,3.6,Yes,Credit Card,Next Day Air,Yes,Yes,47,PayPal,Quarterly,,2024-01-01 00:00:00,3304,
2110,59.0,Male,Jewelry,Accessories,31,California,L,Peach,Fall,2.7,No,Cash,Free Shipping,No,No,28,Venmo,Every 3 Months,,2024-01-01 00:00:00,3305,
1297,48.0,Male,Jeans,Clothing,29,South Dakota,S,Teal,Spring,2.8,,PayPal,Express,Yes,Yes,16,Cash,Bi-Weekly,,2024-01-01 00:00:00,3306,
1822,57.0,Male,Shorts,Clothing,53,Maine,M,Teal,Spring,,No,Credit Card,Express,No,No,29,PayPal,Quarterly,,2024-01-01 00:00:00,3307,
873,56.0,Male,Jeans,Clothing,33,North Dakota,M,Pink,Spring,2.9,Yes,Cash,Standard,Yes,Yes,25,Cash,Quarterly,,2024-01-01 00:00:00,3308,
3463,44.0,Female,Jeans,Clothing,73,Michigan,L,Olive,Spring,4.5,No,Bank Transfer,Standard,No,No,34,Credit Card,Every 3 Months,,2024-01-01 00:00:00,3309,
2182,22.0,Male,Handbag,Accessories,63,,M,Black,Fall,3.2,No,Venmo,Free Shipping,No,No,32,Bank Transfer,Bi-Weekly,,2024-01-01 00:00:00,3310,
2327,66.0,Male,Skirt,Clothing,63,Oklahoma,L,Maroon,Winter,2.6,No,Cash,Standard,No,No,38,Bank Transfer,Annually,,2024-01-01 00:00:00,3311,
1549,69.0,Male,Dress,Clothing,32,Maryland,M,Silver,Summer,3.7,No,PayPal,Store Pickup,Yes,Yes,43,Bank Transfer,Weekly,,2024-01-01 00:00:00,3312,
37,,male,T-shirt,Clothing,69,Illinois,M,Maroon,Winter,4.6,,Cash,,Yes,Yes,44,PayPal,Fortnightly,,2024-01-01 00:00:00,3313,
3491,62.0,FEMALE,Boots,Footwear,82,,M,Violet,Spring,3.6,No,Venmo,Store Pickup,No,No,43,Credit Card,Quarterly,,2024-01-01 00:00:00,3314,
2711,69.0,Female,Jacket,Outerwear,51,Wisconsin,L,Purple,Summer,4.7,No,Debit Card,Standard,No,No,3,Bank Transfer,Fortnightly,,2024-01-01 00:00:00,3315,
3368,44.0,Female,T-shirt,Clothing,48,Tennessee,M,Blue,Summer,3.1,No,Credit Card,Store Pickup,No,No,6,Venmo,Fortnightly,,2024-01-01 00:00:00,3316,
2144,,,Sandals,Footwear,66,,L,Red,Fall,3.8,No,Debit Card,Next Day Air,No,No,48,Venmo,Bi-Weekly,,2024-01-01 00:00:00,3317,
3410,24.0,Female,Shirt,Clothing,93,Minnesota,M,Teal,Summer,3.2,No,PayPal,Next Day Air,No,No,3,Credit Card,Every 3 Months,,2024-01-01 00:00:00,3318,
978,20.0,Male,Belt,Accessories,20,Washington,M,Black,Spring,,Yes,Credit Card,Express,Yes,Yes,34,Cash,Bi-Weekly,,2024-01-01 00:00:00,3319,
1572,28.0,Male,Jewelry,Accessories,88,Colorado,L,Silver,Winter,4.5,No,Cash,Next Day Air,Yes,Yes,11,Bank Transfer,Fortnightly,,2024-01-01 00:00:00,3320,
1123,70.0,male,Handbag,Accessories,62,North Carolina,S,Charcoal,Spring,4.3,No,PayPal,2-Day Shipping,Yes,Yes,12,Credit Card,Annually,,2024-01-01 00:00:00,3321,
2787,54.0,Female,Handbag,Accessories,51,Colorado,M,Violet,Spring,3.8,No,PayPal,Next Day Air,No,No,41,Debit Card,Every 3 Months,,2024-01-01 00:00:00,3322,
2240,42.0,Male,Jewelry,Accessories,96,,L,Indigo,Summer,3.8,No,Bank Transfer,2-Day Shipping,No,No,41,Credit Card,Every 3 Months,,2024-01-01 00:00:00,3323,
2968,34.0,Female,Sneakers,Footwear,36,Indiana,L,Silver,Summer,3.4,No,Cash,Free Shipping,No,No,40,Venmo,Annually,,2024-01-01 00:00:00,3324,
2505,56.0,Male,Shorts,Clothing,94,Rhode Island,M,Turquoise,Winter,4.0,No,Credit Card,Store Pickup,No,No,31,Cash,Bi-Weekly,,2024-01-01 00:00:00,3325,
1893,39.0,male,Jacket,Outerwear,30,California,M,Blue,Fall,4.6,No,Bank Transfer,2-Day Shipping,No,No,12,Venmo,Weekly,,2024-01-01 00:00:00,3326,
676,64.0,Male,Sunglasses,Accessories,86,Arkansas,M,Yellow,Spring,2.6,Yes,Credit Card,2-Day Shipping,Yes,Yes,9,Cash,Annually,,2024-01-01 00:00:00,3327,
2809,49.0,Female,Skirt,Clothing,62,Tennessee,M,Beige,Spring,3.9,No,Credit Card,Free Shipping,No,No,45,PayPal,Every 3 Months,,2024-01-01 00:00:00,3328,
3069,32.0,Female,Boots,Footwear,40,California,M,Indigo,Winter,4.2,No,Bank Transfer,Express,No,No,4,Debit Card,Weekly,,2024-01-01 00:00:00,3329,
729,29.0,Male,Jeans,Clothing,78,Nebraska,M,Pink,Winter,3.7,Yes,Debit Card,Next Day Air,Yes,Yes,12,PayPal,Every 3 Months,,2024-01-01 00:00:00,3330,
413,24.0,male,Jacket,Outerwear,74,,M,Yellow,Summer,3.1,Yes,Venmo,Store Pickup,Yes,Yes,3,Bank Transfer,Weekly,,2024-01-01 00:00:00,3331,
3147,21.0,Female,Shirt,Clothing,83,Virginia,S,Yellow,Winter,4.9,No,Bank Transfer,Free Shipping,No,No,19,PayPal,Annually,,2024-01-01 00:00:00,3332,
1517,20.0,Male,Jeans,Clothing,68,Nevada,L,Indigo,Winter,4.5,No,Bank Transfer,Express,Yes,Yes,5,Bank Transfer,Bi-Weekly,,2024-01-01 00:00:00,3333,
1650,58.0,Male,T-shirt,Clothing,63,Wisconsin,M,White,Summer,,No,PayPal,Free Shipping,Yes,Yes,3,Credit Card,Quarterly,,2024-01-01 00:00:00,3334,
826,27.0,Male,Belt,Accessories,94,Nebraska,XL,Brown,Fall,3.6,Yes,Venmo,Next Day Air,Yes,Yes,17,Cash,Monthly,,2024-01-01 00:00:00,3335,
3268,37.0,Female,Hoodie,Clothing,45,Idaho,L,Pink,Winter,3.0,No,Debit Card,Store Pickup,No,No,42,Credit Card,Quarterly,,2024-01-01 00:00:00,3336,
617,29.0,Male,Gloves,Accessories,72,Pennsylvania,L,Teal,Spring,4.6,Yes,Cash,Free Shipping,Yes,Yes,38,Credit Card,Every 3 Months,,2024-01-01 00:00:00,3337,
115,70.0,Male,Coat,Outerwear,95,Massachusetts,S,Blue,Summer,3.7,Yes,Venmo,Store Pickup,Yes,Yes,9,Cash,Weekly,,2024-01-01 00:00:00,3338,
418,23.0,Male,Sandals,Footwear,81,Mississippi,L,Beige,Fall,4.5,Yes,PayPal,Free Shipping,Yes,Yes,48,Debit Card,Quarterly,,2024-01-01 00:00:00,3339,
3070,62.0,Female,Jeans,Clothing,73,Delaware,L,Magenta,Spring,4.6,No,Venmo,Express,No,No,17,Debit Card,Quarterly,,2024-01-01 00:00:00,3340,
1626,34.0,male,Skirt,Clothing,45,Minnesota,L,Beige,Winter,3.0,No,PayPal,Next Day Air,,Yes,3,PayPal,Bi-Weekly,,2024-01-01 00:00:00,3341,
3018,58.0,Female,Sunglasses,Accessories,71,Wisconsin,S,Purple,Summer,3.3,No,Bank Transfer,Next Day Air,No,No,24,Cash,Bi-Weekly,,2024-01-01 00:00:00,3342,
2653,23.0,Female,Shorts,Clothing,20,Maryland,L,Cyan,Summer,3.3,No,Debit Card,2-Day Shipping,No,No,46,Credit Card,Monthly,,2024-01-01 00:00:00,3343,
1147,48.0,Male,Sneakers,Footwear,38,Wisconsin,M,Indigo,Summer,4.2,No,Debit Card,Standard,Yes,Yes,7,Bank Transfer,Every 3 Months,,2024-01-01 00:00:00,3344,
90,47.0,Male,Jacket,Outerwear,83,California,XL,Pink,Fall,3.6,Yes,Bank Transfer,Next Day Air,Yes,Yes,15,Cash,Quarterly,,2024-01-01 00:00:00,3345,
2897,30.0,Female,Blouse,Clothing,91,Delaware,M,Silver,Summer,3.3,,Credit Card,Free Shipping,No,No,2,Venmo,Every 3 Months,,2024-01-01 00:00:00,3346,
3496,24.0,Female,Shorts,Clothing,33,Georgia,XL,Gray,Spring,2.8,No,Debit Card,Free Shipping,No,No,14,Cash,Weekly,,2024-01-01 00:00:00,3347,
2083,41.0,Male,Jeans,Clothing,89,Arkansas,M,Yellow,Summer,2.9,No,Cash,Free Shipping,,No,28,Venmo,Every 3 Months,,2024-01-01 00:00:00,3348,
754,47.0,Male,Boots,Footwear,54,Massachusetts,M,Teal,Fall,3.4,Yes,Credit Card,Store Pickup,Yes,Yes,27,Venmo,Quarterly,,2024-01-01 00:00:00,3349,
2547,63.0,Male,Boots,Footwear,21,Texas,L,Gray,Summer,3.0,No,Venmo,Express,No,No,4,Credit Card,Quarterly,,2024-01-01 00:00:00,3350,
3325,37.0,Female,T-shirt,Clothing,32,Missouri,S,Red,Fall,3.3,No,Venmo,Standard,No,No,41,Venmo,Weekly,,2024-01-01 00:00:00,3351,
1631,63.0,Male,Shoes,Footwear,48,New Jersey,M,Gold,Summer,2.9,No,Debit Card,Store Pickup,Yes,Yes,29,Venmo,Every 3 Months,,2024-01-01 00:00:00,3352,
12,30.0,Male,Shorts,Clothing,68,Hawaii,S,Olive,Winter,4.9,Yes,PayPal,Store Pickup,,Yes,10,Bank Transfer,Fortnightly,,2024-01-01 00:00:00,3353,
2445,47.0,Male,Scarf,Accessories,65,West Virginia,S,Gold,Fall,3.7,No,Cash,Express,No,No,15,Debit Card,Bi-Weekly,,2024-01-01 00:00:00,3354,
285,63.0,Male,Skirt,Clothing,45,Ohio,M,Red,Summer,3.5,Yes,PayPal,Standard,Yes,Yes,4,PayPal,Quarterly,,2024-01-01 00:00:00,3355,
1067,49.0,,Coat,Outerwear,96,Mississippi,M,Red,Winter,4.0,No,Credit Card,Store Pickup,Yes,Yes,11,PayPal,Bi-Weekly,,2024-01-01 00:00:00,3356,
1192,34.0,Male,T-shirt,Clothing,70,Indiana,L,Charcoal,Winter,4.1,No,Debit Card,Free Shipping,Yes,Yes,50,Venmo,Quarterly,,2024-01-01 00:00:00,3357,
1441,27.0,Male,Sandals,Footwear,76,Arizona,M,Pink,Spring,,No,Bank Transfer,,Yes,Yes,13,Venmo,Monthly,,2024-01-01 00:00:00,3358,
3751,42.0,Female,Hoodie,Clothing,88,Arizona,M,Gold,Fall,3.1,No,Debit Card,Free Shipping,No,No,5,PayPal,Monthly,,2024-01-01 00:00:00,3359,
3746,60.0,Female,Socks,Clothing,41,Washington,L,Gold,Spring,4.3,No,Bank Transfer,Express,No,No,2,Debit Card,Monthly,,2024-01-01 00:00:00,3360,
2739,50.0,Female,Sneakers,Footwear,81,Ohio,M,Charcoal,Summer,4.3,No,Bank Transfer,2-Day Shipping,No,No,39,Venmo,Every 3 Months,,2024-01-01 00:00:00,3361,
3621,60.0,Female,Sandals,Footwear,82,Louisiana,M,Turquoise,Summer,2.9,No,Credit Card,Express,No,No,28,Credit Card,Fortnightly,,2024-01-01 00:00:00,3362,
1569,51.0,Male,Sneakers,Footwear,76,Washington,L,Yellow,Spring,4.6,No,Venmo,Store Pickup,Yes,Yes,8,Debit Card,Monthly,,2024-01-01 00:00:00,3363,
2428,27.0,Male,Jacket,Outerwear,26,Oregon,M,Purple,Spring,3.3,No,Debit Card,Standard,No,No,45,Cash,Quarterly,,2024-01-01 00:00:00,3364,
2738,57.0,Female,Jewelry,Accessories,76,North Carolina,S,Indigo,Spring,4.4,No,Venmo,Free Shipping,,No,35,Cash,Every 3 Months,,2024-01-01 00:00:00,3365,
3441,45.0,FEMALE,Handbag,Accessories,63,Maryland,L,Magenta,Fall,4.3,No,Credit Card,2-Day Shipping,No,No,2,PayPal,Weekly,,2024-01-01 00:00:00,3366,
1688,67.0,Male,Skirt,Clothing,70,Georgia,S,Magenta,Winter,3.7,No,Venmo,Free Shipping,,No,4,PayPal,Annually,,2024-01-01 00:00:00,3367,
852,35.0,Male,Sandals,Footwear,86,Massachusetts,M,Red,Summer,2.9,Yes,Credit Card,Express,Yes,Yes,19,Debit Card,Monthly,,2024-01-01 00:00:00,3368,
2208,69.0,Male,Handbag,Accessories,38,New Mexico,M,Gray,Fall,2.9,No,Debit Card,,No,No,11,Credit Card,Annually,,2024-01-01 00:00:00,3369,
896,40.0,Male,Hat,Accessories,69,Mississippi,XL,Olive,Spring,4.7,Yes,Debit Card,Next Day Air,Yes,Yes,33,Debit Card,Quarterly,,2024-01-01 00:00:00,3370,
497,30.0,Male,Dress,Clothing,63,California,S,Maroon,Fall,3.3,Yes,Venmo,Express,Yes,Yes,31,Venmo,Fortnightly,,2024-01-01 00:00:00,3371,
2306,68.0,Male,Handbag,Accessories,63,Maine,M,Gold,Summer,2.6,,Cash,Free Shipping,No,No,47,Cash,Weekly,,2024-01-01 00:00:00,3372,
1783,52.0,Male,Pants,Clothing,88,Utah,M,Lavender,Fall,2.7,No,Credit Card,Next Day Air,No,No,40,Bank Transfer,Fortnightly,,2024-01-01 00:00:00,3373,
336,20.0,male,Sweater,Clothing,85,Oregon,L,Maroon,Spring,,Yes,Cash,Standard,Yes,Yes,44,Venmo,Every 3 Months,,2024-01-01 00:00:00,3374,
2840,70.0,FEMALE,Scarf,Accessories,80,South Dakota,L,Teal,Summer,2.8,No,Cash,Store Pickup,No,No,30,Bank Transfer,Monthly,,2024-01-01 00:00:00,3375,
3088,62.0,Female,Shirt,Clothing,84,North Carolina,M,Charcoal,Spring,3.1,No,Cash,Free Shipping,No,No,29,Bank Transfer,Monthly,,2024-01-01 00:00:00,3376,
516,28.0,Male,Hat,Accessories,67,Kentucky,L,Charcoal,Spring,4.5,Yes,Credit Card,Next Day Air,,Yes,7,Cash,Monthly,,2024-01-01 00:00:00,3377,
1349,19.0,male,Belt,Accessories,54,Nebraska,XL,Purple,Spring,,No,PayPal,Standard,Yes,Yes,23,Credit Card,Fortnightly,,2024-01-01 00:00:00,3378,
1016,68.0,Male,Gloves,Accessories,24,North Carolina,M,Cyan,Summer,4.1,Yes,Debit Card,Standard,Yes,Yes,34,Cash,Weekly,,2024-01-01 00:00:00,3379,
2817,43.0,Female,Skirt,Clothing,28,Maryland,M,Black,Spring,3.5,No,Bank Transfer,Free Shipping,,No,45,Venmo,Weekly,,2024-01-01 00:00:00,3380,
3759,61.0,Female,Sandals,Footwear,54,Indiana,S,Black,Spring,2.7,No,Cash,Store Pickup,No,No,23,Bank Transfer,Quarterly,,2024-01-01 00:00:00,3381,
3753,,Female,Coat,Outerwear,81,Washington,L,Pink,Winter,4.1,No,Debit Card,2-Day Shipping,No,No,43,Venmo,Weekly,,2024-01-01 00:00:00,3382,
2810,66.0,Female,Shorts,Clothing,98,Arkansas,XL,Teal,Summer,,No,Debit Card,Standard,No,No,27,Debit Card,Quarterly,,2024-01-01 00:00:00,3383,
3295,,FEMALE,Sweater,Clothing,60,South Carolina,S,Magenta,Spring,4.5,No,PayPal,Store Pickup,No,No,15,Bank Transfer,Bi-Weekly,,2024-01-01 00:00:00,3384,
3252,25.0,Female,Coat,Outerwear,20,Nevada,M,Gold,Winter,3.7,No,Debit Card,Standard,No,No,39,Venmo,Quarterly,,2024-01-01 00:00:00,3385,
3435,31.0,Female,Pants,Clothing,72,,S,Orange,Summer,3.3,No,PayPal,2-Day Shipping,No,No,6,Venmo,Fortnightly,,2024-01-01 00:00:00,3386,
656,20.0,Male,Handbag,Accessories,36,Mississippi,S,Purple,Fall,3.1,Yes,Debit Card,Free Shipping,Yes,Yes,19,Venmo,Monthly,,2024-01-01 00:00:00,3387,
1782,,Male,T-shirt,Clothing,33,,M,Pink,Fall,3.7,No,PayPal,Express,No,No,49,Bank Transfer,Quarterly,,2024-01-01 00:00:00,3388,
2570,42.0,Male,Dress,Clothing,75,New York,M,Charcoal,Spring,4.8,No,Debit Card,,No,No,10,Bank Transfer,Bi-Weekly,,2024-01-01 00:00:00,3389,
1786,47.0,Male,Gloves,Accessories,29,Iowa,S,Peach,Fall,4.1,No,Bank Transfer,Next Day Air,No,No,22,Venmo,Monthly,,2024-01-01 00:00:00,3390,
2071,56.0,Male,Jewelry,Accessories,88,Nebraska,XL,Red,Spring,3.1,No,Cash,Express,No,No,14,Cash,Monthly,,2024-01-01 00:00:00,3391,
357,56.0,Male,Pants,Clothing,80,Nevada,L,Black,Spring,3.8,Yes,Debit Card,Standard,Yes,Yes,27,Cash,Weekly,,2024-01-01 00:00:00,3392,
3817,29.0,Female,Coat,Outerwear,86,Maryland,S,Silver,Summer,4.3,No,Debit Card,Store Pickup,No,No,45,Credit Card,Fortnightly,,2024-01-01 00:00:00,3393,
3326,29.0,,Sandals,Footwear,97,Alaska,M,Maroon,Fall,3.7,No,Debit Card,2-Day Shipping,No,No,16,Venmo,Monthly,,2024-01-01 00:00:00,3394,
1313,66.0,Male,T-shirt,Clothing,79,Missouri,M,Violet,Winter,3.0,No,Venmo,Store Pickup,,Yes,19,Bank Transfer,Monthly,,2024-01-01 00:00:00,3395,
1636,68.0,male,Sunglasses,Accessories,24,North Carolina,L,Violet,Summer,3.2,No,Cash,Standard,Yes,Yes,40,Cash,Annually,,2024-01-01 00:00:00,3396,
551,62.0,Male,Belt,Accessories,62,Georgia,M,Olive,Summer,3.3,Yes,Cash,Store Pickup,Yes,Yes,12,PayPal,Weekly,,2024-01-01 00:00:00,3397,
2389,21.0,male,Dress,Clothing,68,Alabama,M,Peach,Fall,4.1,No,Credit Card,Store Pickup,No,No,10,Debit Card,Annually,,2024-01-01 00:00:00,3398,
2480,37.0,Male,Dress,Clothing,98,Kansas,S,Olive,Fall,4.2,No,Venmo,Standard,No,No,26,Credit Card,Every 3 Months,,2024-01-01 00:00:00,3399,
2522,29.0,Male,Handbag,Accessories,-1,Minnesota,M,Magenta,Fall,4.4,No,Debit Card,Standard,No,No,18,PayPal,Every 3 Months,,2024-01-01 00:00:00,3400,
2266,36.0,Male,Coat,Outerwear,94,Montana,XL,Yellow,Fall,3.9,No,Bank Transfer,Store Pickup,No,No,10,PayPal,Quarterly,,2024-01-01 00:00:00,3401,
2960,38.0,Female,Handbag,Accessories,28,Texas,L,Maroon,Summer,4.7,,PayPal,Free Shipping,No,No,9,PayPal,Quarterly,,2024-01-01 00:00:00,3402,
1228,27.0,Male,Blouse,Clothing,37,Illinois,L,Yellow,Spring,4.9,No,Venmo,Store Pickup,Yes,Yes,19,Bank Transfer,Bi-Weekly,,2024-01-01 00:00:00,3403,
3750,24.0,FEMALE,Blouse,Clothing,95,Alaska,L,Yellow,Winter,2.9,No,Debit Card,2-Day Shipping,No,No,38,Venmo,Every 3 Months,,2024-01-01 00:00:00,3404,
3060,46.0,Female,Sweater,Clothing,71,Kentucky,L,Maroon,Spring,3.2,No,PayPal,Express,No,No,42,Credit Card,Quarterly,,2024-01-01 00:00:00,3405,
958,38.0,Male,Scarf,Accessories,23,,XL,Violet,Spring,4.7,Yes,Bank Transfer,Store Pickup,Yes,Yes,11,Cash,Quarterly,,2024-01-01 00:00:00,3406,
1774,21.0,Male,Coat,Outerwear,92,West Virginia,M,Blue,Summer,2.7,No,Cash,Free Shipping,No,No,17,PayPal,Annually,,2024-01-01 00:00:00,3407,
2142,24.0,Male,Dress,Clothing,98,Kentucky,M,Peach,Winter,4.1,No,Credit Card,2-Day Shipping,No,No,32,PayPal,Annually,,2024-01-01 00:00:00,3408,
1009,,Male,Scarf,Accessories,85,New Mexico,M,Pink,Spring,2.6,Yes,Cash,,Yes,Yes,29,PayPal,Annually,,2024-01-01 00:00:00,3409,
3119,61.0,Female,Shorts,Clothing,97,Virginia,L,Blue,Summer,4.7,No,Venmo,Standard,No,No,31,Debit Card,Quarterly,,2024-01-01 00:00:00,3410,
1093,68.0,Male,Jewelry,Accessories,50,South Dakota,L,Magenta,Spring,4.1,No,Credit Card,2-Day Shipping,Yes,Yes,20,Venmo,Quarterly,,2024-01-01 00:00:00,3411,
3573,,Female,Shorts,Clothing,28,Rhode Island,M,Black,Spring,5.0,No,Bank Transfer,Standard,No,No,25,Credit Card,Monthly,,2024-01-01 00:00:00,3412,
3357,39.0,Female,Jeans,Clothing,48,Tennessee,M,Silver,Summer,3.5,No,Credit Card,Store Pickup,No,No,13,PayPal,Bi-Weekly,,2024-01-01 00:00:00,3413,
2745,38.0,,Shirt,Clothing,66,Wyoming,M,Silver,Winter,3.3,No,Cash,Store Pickup,No,No,40,Credit Card,Monthly,,2024-01-01 00:00:00,3414,
3804,48.0,Female,Handbag,Accessories,55,Connecticut,M,Violet,Spring,3.6,No,Credit Card,Standard,No,No,14,Debit Card,Weekly,,2024-01-01 00:00:00,3415,
997,29.0,male,Sandals,Footwear,91,Delaware,L,Maroon,Summer,4.9,Yes,Bank Transfer,Standard,Yes,Yes,32,Bank Transfer,Quarterly,,2024-01-01 00:00:00,3416,
1680,60.0,Male,Dress,Clothing,52,Massachusetts,S,Black,Fall,,No,PayPal,Next Day Air,No,No,24,Debit Card,Bi-Weekly,,2024-01-01 00:00:00,3417,
154,69.0,,Hoodie,Clothing,55,North Carolina,M,Maroon,Winter,3.2,Yes,Debit Card,Standard,Yes,Yes,22,Debit Card,Annually,,2024-01-01 00:00:00,3418,
3148,,Female,Sweater,Clothing,99,,M,Pink,Winter,4.3,No,Cash,Express,,No,21,Credit Card,Weekly,,2024-01-01 00:00:00,3419,
3723,23.0,Female,Jacket,Outerwear,34,Kentucky,XL,Yellow,Fall,4.0,No,PayPal,Standard,No,No,1,Credit Card,Fortnightly,,2024-01-01 00:00:00,3420,
2909,43.0,Female,Blouse,Clothing,87,Texas,M,Beige,Winter,3.1,No,Debit Card,Store Pickup,No,No,15,Debit Card,Every 3 Months,,2024-01-01 00:00:00,3421,
2838,65.0,Female,Shoes,Footwear,88,Alabama,M,Brown,Summer,4.5,No,Venmo,Express,No,No,44,PayPal,Weekly,,2024-01-01 00:00:00,3422,
581,,Male,Sweater,Clothing,80,Iowa,M,Orange,Spring,4.1,Yes,PayPal,Free Shipping,Yes,Yes,10,PayPal,Weekly,,2024-01-01 00:00:00,3423,
1471,43.0,Male,Sandals,Footwear,27,California,M,Silver,Spring,,No,Venmo,Next Day Air,Yes,Yes,15,Cash,Every 3 Months,,2024-01-01 00:00:00,3424,
704,63.0,Male,Dress,Clothing,87,Connecticut,L,Pink,Summer,3.0,Yes,Debit Card,Standard,,Yes,21,Venmo,Weekly,,2024-01-01 00:00:00,3425,
1213,32.0,Male,Shoes,Footwear,74,Pennsylvania,M,Yellow,Summer,2.5,No,Venmo,Free Shipping,Yes,Yes,18,Credit Card,Weekly,,2024-01-01 00:00:00,3426,
3344,24.0,Female,Shorts,Clothing,31,Kentucky,XL,Green,Winter,3.6,No,Bank Transfer,2-Day Shipping,No,No,6,Cash,Bi-Weekly,,2024-01-01 00:00:00,3427,
897,69.0,Male,Jewelry,Accessories,29,Arkansas,M,Lavender,Spring,4.7,Yes,Credit Card,Express,Yes,Yes,38,Cash,Fortnightly,,2024-01-01 00:00:00,3428,
3309,55.0,Female,Jeans,Clothing,70,Utah,M,Pink,Fall,2.6,No,Venmo,Express,No,No,29,Cash,Monthly,,2024-01-01 00:00:00,3429,
488,41.0,Male,Jacket,Outerwear,68,Iowa,L,Red,Winter,4.4,Yes,Credit Card,Store Pickup,Yes,Yes,22,Credit Card,Quarterly,,2024-01-01 00:00:00,3430,
560,66.0,,Scarf,Accessories,41,Arizona,M,Indigo,Fall,2.9,Yes,Bank Transfer,Store Pickup,Yes,Yes,22,Bank Transfer,Monthly,,2024-01-01 00:00:00,3431,
1142,39.0,Male,Gloves,Accessories,33,Ohio,S,Silver,Winter,4.7,No,Debit Card,Next Day Air,Yes,Yes,23,PayPal,Fortnightly,,2024-01-01 00:00:00,3432,
1120,34.0,male,Jewelry,Accessories,36,Louisiana,M,Indigo,Spring,3.1,No,Venmo,Standard,Yes,Yes,36,Credit Card,Weekly,,2024-01-01 00:00:00,3433,
2850,56.0,Female,Coat,Outerwear,25,New Hampshire,M,Gold,Spring,4.1,No,Credit Card,Express,No,No,27,PayPal,Bi-Weekly,,2024-01-01 00:00:00,3434,
513,19.0,Male,Gloves,Accessories,49,New York,L,Peach,Winter,3.3,Yes,Credit Card,Next Day Air,Yes,Yes,2,Bank Transfer,Monthly,,2024-01-01 00:00:00,3435,
634,66.0,Male,Sandals,Footwear,33,Minnesota,M,Orange,Spring,2.9,Yes,Bank Transfer,Express,Yes,Yes,50,Debit Card,Quarterly,,2024-01-01 00:00:00,3436,
3449,18.0,Female,Coat,Outerwear,28,Kentucky,S,Yellow,Winter,4.1,No,PayPal,,No,No,32,Bank Transfer,Fortnightly,,2024-01-01 00:00:00,3437,
1665,19.0,male,Handbag,Accessories,53,Minnesota,M,Purple,Spring,5.0,No,PayPal,Next Day Air,Yes,Yes,35,PayPal,Weekly,,2024-01-01 00:00:00,3438,
1013,28.0,Male,Sandals,Footwear,37,New Mexico,L,Teal,Summer,3.8,Yes,Cash,Express,Yes,Yes,27,Credit Card,Annually,,2024-01-01 00:00:00,3439,
1932,54.0,Male,Jewelry,Accessories,42,Illinois,S,Olive,Spring,2.7,No,PayPal,Store Pickup,No,No,6,Debit Card,Every 3 Months,,2024-01-01 00:00:00,3440,
1151,29.0,Male,Jewelry,Accessories,36,Kentucky,S,Red,Winter,2.7,No,Debit Card,Next Day Air,Yes,Yes,50,Venmo,Bi-Weekly,,2024-01-01 00:00:00,3441,
2839,51.0,FEMALE,Jacket,Outerwear,50,Maine,M,Blue,Fall,3.7,,Venmo,Free Shipping,No,No,2,Bank Transfer,Weekly,,2024-01-01 00:00:00,3442,
3755,46.0,FEMALE,Shoes,Footwear,41,Nebraska,M,Turquoise,Summer,4.4,No,PayPal,Express,No,No,10,Cash,Every 3 Months,,2024-01-01 00:00:00,3443,
117,55.0,Male,Shoes,Footwear,86,Virginia,S,Blue,Spring,3.4,Yes,PayPal,Free Shipping,Yes,Yes,12,Venmo,Annually,,2024-01-01 00:00:00,3444,
741,26.0,Male,Jeans,Clothing,69,South Dakota,M,Orange,Summer,2.8,Yes,Bank Transfer,Next Day Air,,Yes,22,Credit Card,Fortnightly,,2024-01-01 00:00:00,3445,
3692,63.0,Female,Sandals,Footwear,21,,XL,Orange,Summer,4.8,No,Credit Card,Next Day Air,No,No,24,PayPal,Weekly,,2024-01-01 00:00:00,3446,
1975,27.0,Male,Gloves,Accessories,44,,M,Peach,Winter,4.6,No,Credit Card,2-Day Shipping,No,No,2,PayPal,Fortnightly,,2024-01-01 00:00:00,3447,
1082,62.0,Male,Belt,Accessories,30,Idaho,XL,Brown,Spring,4.5,No,Cash,Standard,Yes,Yes,45,Credit Card,Annually,,2024-01-01 00:00:00,3448,
1811,41.0,Male,Jeans,Clothing,28,Maryland,M,Magenta,Fall,2.7,No,Credit Card,,No,No,16,Cash,Bi-Weekly,,2024-01-01 00:00:00,3449,
831,41.0,Male,Shorts,Clothing,76,Wyoming,M,Maroon,Fall,4.2,Yes,Cash,Express,Yes,Yes,5,Credit Card,Annually,,2024-01-01 00:00:00,3450,
120,38.0,Male,Coat,Outerwear,76,Wyoming,M,Orange,Fall,4.3,,Debit Card,Express,Yes,Yes,44,Cash,Annually,,2024-01-01 00:00:00,3451,
657,42.0,Male,Jeans,Clothing,23,Pennsylvania,M,Beige,Summer,3.9,Yes,Debit Card,Standard,Yes,Yes,6,PayPal,Quarterly,,2024-01-01 00:00:00,3452,
3650,68.0,Female,Skirt,Clothing,57,Minnesota,M,Brown,Fall,4.4,No,Debit Card,Standard,,No,33,Credit Card,Fortnightly,,2024-01-01 00:00:00,3453,
3598,29.0,FEMALE,Sunglasses,Accessories,71,New Mexico,M,Maroon,Summer,,No,Cash,Standard,No,No,18,Bank Transfer,Quarterly,,2024-01-01 00:00:00,3454,
2010,37.0,Male,Boots,Footwear,99,Alabama,M,Indigo,Summer,3.8,No,Venmo,Next Day Air,No,No,26,Venmo,Bi-Weekly,,2024-01-01 00:00:00,3455,
636,27.0,Male,Hoodie,Clothing,59,South Carolina,M,Brown,Fall,4.3,Yes,PayPal,2-Day Shipping,Yes,Yes,28,Cash,Quarterly,,2024-01-01 00:00:00,3456,
370,38.0,Male,Belt,Accessories,40,Wisconsin,M,Silver,Summer,3.3,Yes,Cash,Store Pickup,Yes,Yes,45,PayPal,Quarterly,,2024-01-01 00:00:00,3457,
269,68.0,Male,Shoes,Footwear,42,Georgia,M,Charcoal,Spring,2.6,,Venmo,Store Pickup,Yes,Yes,21,Cash,Monthly,,2024-01-01 00:00:00,3458,
2704,56.0,Female,Scarf,Accessories,42,Tennessee,XL,Olive,Winter,4.4,No,Bank Transfer,Free Shipping,No,No,34,PayPal,Weekly,,2024-01-01 00:00:00,3459,
2984,60.0,Female,Pants,Clothing,44,West Virginia,M,Charcoal,Winter,,No,Venmo,2-Day Shipping,No,No,1,Credit Card,Quarterly,,2024-01-01 00:00:00,3460,
2871,47.0,Female,Jewelry,Accessories,34,North Dakota,M,Blue,Winter,4.8,No,Debit Card,Free Shipping,No,No,49,Debit Card,Every 3 Months,,2024-01-01 00:00:00,3461,
2915,45.0,Female,Sweater,Clothing,72,Pennsylvania,M,Yellow,Fall,3.8,No,PayPal,Express,No,No,1,Debit Card,Bi-Weekly,,2024-01-01 00:00:00,3462,
47,57.0,Male,Shirt,Clothing,43,California,L,White,Summer,2.9,Yes,Venmo,Store Pickup,Yes,Yes,45,Cash,Quarterly,,2024-01-01 00:00:00,3463,
3422,57.0,Female,Shoes,Footwear,30,New Jersey,M,Maroon,Summer,2.9,No,PayPal,Free Shipping,No,No,27,PayPal,Weekly,,2024-01-01 00:00:00,3464,
3713,51.0,Female,Blouse,Clothing,72,,M,Turquoise,Spring,3.7,No,Venmo,2-Day Shipping,No,No,24,PayPal,Quarterly,,2024-01-01 00:00:00,3465,
992,20.0,male,Shorts,Clothing,97,Wisconsin,XL,White,Spring,2.7,Yes,Debit Card,Standard,Yes,Yes,40,Bank Transfer,Bi-Weekly,,2024-01-01 00:00:00,3466,
877,41.0,Male,Belt,Accessories,51,Nebraska,L,Gray,Summer,3.8,Yes,Venmo,2-Day Shipping,Yes,Yes,1,Debit Card,Weekly,,2024-01-01 00:00:00,3467,
774,29.0,Male,Hat,Accessories,84,California,L,Indigo,Winter,2.6,Yes,Venmo,Express,Yes,Yes,14,Debit Card,Bi-Weekly,,2024-01-01 00:00:00,3468,
1220,19.0,Male,Sweater,Clothing,23,,M,Gold,Winter,2.5,,Bank Transfer,Next Day Air,Yes,Yes,35,Credit Card,Bi-Weekly,,2024-01-01 00:00:00,3469,
1127,,Male,Scarf,Accessories,58,Iowa,L,Beige,Winter,3.4,No,Venmo,Standard,Yes,Yes,47,Venmo,Fortnightly,,2024-01-01 00:00:00,3470,
5,45.0,Male,Blouse,Clothing,49,Oregon,M,Turquoise,Spring,2.7,Yes,Cash,Free Shipping,Yes,Yes,31,PayPal,Annually,,2024-01-01 00:00:00,3471,
3052,44.0,Female,Sunglasses,Accessories,64,Wyoming,L,Gold,Summer,4.6,No,Venmo,Express,No,No,49,Debit Card,Every 3 Months,,2024-01-01 00:00:00,3472,
1596,34.0,Male,Backpack,Accessories,35,Wisconsin,S,Magenta,Spring,3.5,No,Cash,Standard,Yes,Yes,45,Debit Card,Fortnightly,,2024-01-01 00:00:00,3473,
3125,57.0,Female,Jewelry,Accessories,51,California,M,Peach,Summer,3.4,No,Venmo,Standard,No,No,4,Cash,Every 3 Months,,2024-01-01 00:00:00,3474,
2312,27.0,Male,Sneakers,Footwear,28,Montana,L,Gold,Spring,4.8,No,PayPal,2-Day Shipping,No,No,10,Bank Transfer,Every 3 Months,,2024-01-01 00:00:00,3475,
3041,18.0,Female,Handbag,Accessories,32,Nebraska,M,Gold,Fall,4.1,No,PayPal,Express,No,No,10,Cash,Fortnightly,,2024-01-01 00:00:00,3476,
433,47.0,male,Shirt,Clothing,86,Indiana,S,Indigo,Fall,3.3,,Debit Card,Free Shipping,Yes,Yes,26,Venmo,Weekly,,2024-01-01 00:00:00,3477,
2492,63.0,Male,Handbag,Accessories,47,North Carolina,M,Magenta,Spring,,No,Debit Card,Express,No,No,15,Bank Transfer,Monthly,,2024-01-01 00:00:00,3478,
3051,31.0,Female,Coat,Outerwear,76,Kentucky,S,Green,Spring,,No,Cash,Standard,No,No,28,Venmo,Every 3 Months,,2024-01-01 00:00:00,3479,
1078,58.0,Male,Jacket,Outerwear,28,West Virginia,M,Pink,Winter,3.7,No,Cash,Standard,Yes,Yes,5,PayPal,Quarterly,,2024-01-01 00:00:00,3480,
838,25.0,Male,Hoodie,Clothing,28,Illinois,L,Brown,Spring,4.9,Yes,Credit Card,Express,Yes,Yes,33,Cash,Every 3 Months,,2024-01-01 00:00:00,3481,
682,30.0,male,Shirt,Clothing,59,Louisiana,XL,Purple,Winter,3.8,Yes,PayPal,2-Day Shipping,Yes,Yes,24,Credit Card,Every 3 Months,,2024-01-01 00:00:00,3482,
1716,23.0,Male,Dress,Clothing,69,Idaho,XL,Gray,Spring,3.4,No,PayPal,,No,No,30,PayPal,Bi-Weekly,,2024-01-01 00:00:00,3483,
2353,70.0,Male,Boots,Footwear,46,Nebraska,M,Yellow,Fall,2.8,No,Credit Card,Store Pickup,No,No,25,Bank Transfer,Quarterly,,2024-01-01 00:00:00,3484,
3414,34.0,Female,Gloves,Accessories,90,Delaware,XL,Black,Winter,2.5,No,Cash,Express,No,No,16,PayPal,Bi-Weekly,,2024-01-01 00:00:00,3485,
2618,31.0,Male,Shorts,Clothing,97,Idaho,S,Maroon,Spring,4.8,No,Bank Transfer,Standard,No,No,29,Bank Transfer,Annually,,2024-01-01 00:00:00,3486,
2362,44.0,,Scarf,Accessories,64,Alabama,M,Gray,Spring,4.3,No,Cash,2-Day Shipping,No,No,30,Credit Card,Every 3 Months,,2024-01-01 00:00:00,3487,
2198,,Male,Boots,Footwear,88,Pennsylvania,M,Indigo,Summer,3.7,No,PayPal,2-Day Shipping,No,No,40,Venmo,Monthly,,2024-01-01 00:00:00,3488,
1149,34.0,Male,Pants,Clothing,66,Florida,M,Violet,Spring,2.6,No,Bank Transfer,Store Pickup,Yes,Yes,10,PayPal,Fortnightly,,2024-01-01 00:00:00,3489,
3262,48.0,Female,Belt,Accessories,52,Rhode Island,L,Cyan,Winter,3.4,No,Bank Transfer,Store Pickup,No,No,50,Debit Card,Weekly,,2024-01-01 00:00:00,3490,
575,54.0,Male,Sneakers,Footwear,79,,L,Red,Fall,4.8,Yes,PayPal,Free Shipping,Yes,Yes,20,Bank Transfer,Bi-Weekly,,2024-01-01 00:00:00,3491,
51,49.0,Male,Blouse,Clothing,28,Maryland,M,Red,Spring,3.7,Yes,Cash,Store Pickup,Yes,Yes,39,Debit Card,Bi-Weekly,,2024-01-01 00:00:00,3492,
854,62.0,male,Hat,Accessories,43,Delaware,L,Orange,Winter,4.0,Yes,PayPal,Free Shipping,Yes,Yes,35,Cash,Monthly,,2024-01-01 00:00:00,3493,
1983,41.0,Male,Sunglasses,Accessories,77,Kansas,M,Turquoise,Summer,2.7,No,PayPal,2-Day Shipping,No,No,32,PayPal,Monthly,,2024-01-01 00:00:00,3494,
2775,56.0,Female,Boots,Footwear,40,Oklahoma,L,Yellow,Fall,,No,Bank Transfer,Standard,No,No,42,Credit Card,Quarterly,,2024-01-01 00:00:00,3495,
1824,62.0,male,Socks,Clothing,50,Louisiana,L,Pink,Fall,4.7,No,Cash,Free Shipping,No,No,40,Bank Transfer,Bi-Weekly,,2024-01-01 00:00:00,3496,
834,43.0,Male,Handbag,Accessories,68,,M,Purple,Fall,3.5,Yes,Debit Card,Standard,Yes,Yes,11,Credit Card,Annually,,2024-01-01 00:00:00,3497,
3426,38.0,Female,Hat,Accessories,54,Michigan,M,Blue,Summer,4.3,No,Bank Transfer,Next Day Air,No,No,3,Debit Card,Bi-Weekly,,2024-01-01 00:00:00,3498,
1116,30.0,Male,Hat,Accessories,58,New York,S,Peach,Fall,4.0,,Bank Transfer,2-Day Shipping,Yes,Yes,37,Cash,Weekly,,2024-01-01 00:00:00,3499,
1167,48.0,Male,Dress,Clothing,48,Connecticut,S,Lavender,Winter,3.7,No,Cash,Store Pickup,Yes,Yes,22,Venmo,Fortnightly,,2024-01-01 00:00:00,3500,
2519,20.0,Male,Boots,Footwear,51,Maine,XL,Blue,Fall,4.0,No,PayPal,Store Pickup,No,No,31,Venmo,Annually,,2024-01-01 00:00:00,3501,
1907,23.0,Male,Backpack,Accessories,30,Vermont,M,Green,Spring,,No,Bank Transfer,2-Day Shipping,No,No,24,PayPal,Fortnightly,,2024-01-01 00:00:00,3502,
972,,Male,Sunglasses,Accessories,67,Indiana,M,Cyan,Summer,4.3,Yes,Bank Transfer,Next Day Air,Yes,Yes,15,Credit Card,Weekly,,2024-01-01 00:00:00,3503,
2702,49.0,Female,Sweater,Clothing,30,Idaho,L,Silver,Summer,2.8,No,Bank Transfer,Store Pickup,No,No,18,Bank Transfer,Fortnightly,,2024-01-01 00:00:00,3504,
400,60.0,Male,Scarf,Accessories,35,Idaho,L,Blue,Fall,3.5,Yes,Credit Card,2-Day Shipping,Yes,Yes,10,Debit Card,Monthly,,2024-01-01 00:00:00,3505,
2560,48.0,Male,Belt,Accessories,71,Mississippi,S,Green,Winter,4.0,No,Venmo,Free Shipping,No,No,21,Debit Card,Every 3 Months,,2024-01-01 00:00:00,3506,
2369,29.0,Male,Sunglasses,Accessories,38,New Jersey,M,Lavender,Summer,3.3,No,Credit Card,Standard,No,No,6,Debit Card,Every 3 Months,,2024-01-01 00:00:00,3507,
20,66.0,Male,Pants,Clothing,90,Rhode Island,M,Green,Summer,3.3,Yes,Venmo,Standard,,Yes,46,Debit Card,Bi-Weekly,,2024-01-01 00:00:00,3508,
685,63.0,Male,Hat,Accessories,82,Alabama,M,Yellow,Summer,4.7,Yes,Bank Transfer,Express,Yes,Yes,42,Debit Card,Monthly,,2024-01-01 00:00:00,3509,
36,54.0,Male,Blouse,Clothing,33,Massachusetts,M,Cyan,Summer,4.0,Yes,Bank Transfer,2-Day Shipping,Yes,Yes,48,Credit Card,Bi-Weekly,,2024-01-01 00:00:00,3510,
2951,22.0,FEMALE,Jeans,Clothing,91,Iowa,S,Maroon,Winter,4.1,No,Bank Transfer,2-Day Shipping,,No,44,Debit Card,Every 3 Months,,2024-01-01 00:00:00,3511,
3788,37.0,Female,Blouse,Clothing,80,New York,M,Pink,Fall,3.6,No,PayPal,2-Day Shipping,No,No,46,PayPal,Every 3 Months,,2024-01-01 00:00:00,3512,
2876,24.0,FEMALE,Pants,Clothing,81,Kentucky,M,Pink,Fall,2.6,No,Credit Card,Free Shipping,No,No,14,Debit Card,Weekly,,2024-01-01 00:00:00,3513,
525,59.0,Male,Shirt,Clothing,39,Pennsylvania,M,Gold,Summer,4.8,Yes,Venmo,Free Shipping,Yes,Yes,44,PayPal,Annually,,2024-01-01 00:00:00,3514,
2456,20.0,Male,Belt,Accessories,98,Alaska,L,Lavender,Spring,3.4,No,PayPal,Express,No,No,25,Cash,Every 3 Months,,2024-01-01 00:00:00,3515,
921,37.0,Male,Belt,Accessories,81,Arkansas,XL,Gold,Summer,4.3,,Credit Card,Free Shipping,Yes,Yes,37,Cash,Weekly,,2024-01-01 00:00:00,3516,
1842,31.0,Male,Socks,Clothing,57,Vermont,L,Blue,Winter,3.0,No,Debit Card,Standard,No,No,7,PayPal,Every 3 Months,,2024-01-01 00:00:00,3517,
1891,36.0,male,Sunglasses,Accessories,57,Hawaii,M,Lavender,Spring,3.4,No,Debit Card,Store Pickup,No,No,5,Credit Card,Weekly,,2024-01-01 00:00:00,3518,
538,50.0,Male,Blouse,Clothing,49,Virginia,S,Turquoise,Summer,3.0,Yes,Credit Card,Store Pickup,Yes,Yes,14,Debit Card,Annually,,2024-01-01 00:00:00,3519,
2807,45.0,Female,Blouse,Clothing,39,South Carolina,L,Purple,Spring,2.7,No,PayPal,Standard,No,No,50,Credit Card,Annually,,2024-01-01 00:00:00,3520,
1706,39.0,Male,Jewelry,Accessories,29,South Dakota,L,Cyan,Summer,3.4,No,Venmo,2-Day Shipping,No,No,49,Venmo,Bi-Weekly,,2024-01-01 00:00:00,3521,
3255,21.0,Female,Sweater,Clothing,31,Indiana,S,Magenta,Winter,4.9,No,Venmo,Store Pickup,No,No,11,Bank Transfer,Every 3 Months,,2024-01-01 00:00:00,3522,
3111,19.0,Female,Handbag,Accessories,46,Texas,L,Lavender,Fall,4.6,No,Bank Transfer,Next Day Air,No,No,2,Bank Transfer,Bi-Weekly,,2024-01-01 00:00:00,3523,
3248,53.0,Female,Gloves,Accessories,91,Arkansas,M,Teal,Summer,,No,Venmo,Express,No,No,12,PayPal,Fortnightly,,2024-01-01 00:00:00,3524,
246,49.0,male,Sandals,Footwear,53,Rhode Island,L,Charcoal,Summer,3.3,Yes,Cash,Next Day Air,,Yes,45,Venmo,Fortnightly,,2024-01-01 00:00:00,3525,
3465,36.0,Female,Coat,Outerwear,59,Utah,S,Peach,Winter,2.7,,Debit Card,Next Day Air,No,No,12,PayPal,Annually,,2024-01-01 00:00:00,3526,
3176,35.0,Female,Socks,Clothing,42,Connecticut,M,Maroon,Fall,3.4,No,Debit Card,Store Pickup,No,No,26,Debit Card,Every 3 Months,,2024-01-01 00:00:00,3527,
785,31.0,Male,Jeans,Clothing,72,Alabama,M,Peach,Winter,,Yes,Debit Card,Store Pickup,Yes,Yes,41,Bank Transfer,Every 3 Months,,2024-01-01 00:00:00,3528,
1410,34.0,Male,Backpack,Accessories,50,Idaho,M,Blue,Spring,4.2,No,Credit Card,Standard,Yes,Yes,41,Cash,Fortnightly,,2024-01-01 00:00:00,3529,
2538,44.0,Male,Coat,Outerwear,49,Maine,M,Purple,Summer,4.1,No,Debit Card,2-Day Shipping,No,No,30,PayPal,Fortnightly,,2024-01-01 00:00:00,3530,
155,41.0,Male,Dress,Clothing,98,Oklahoma,M,Charcoal,Fall,3.6,Yes,Debit Card,Next Day Air,Yes,Yes,21,Venmo,Quarterly,,2024-01-01 00:00:00,3531,
3010,62.0,,Belt,Accessories,73,Louisiana,M,Silver,Winter,4.6,No,Venmo,Free Shipping,No,No,8,Venmo,Fortnightly,,2024-01-01 00:00:00,3532,
1687,22.0,Male,Gloves,Accessories,75,Illinois,L,Red,Fall,4.2,No,Credit Card,Store Pickup,No,No,25,Cash,Annually,,2024-01-01 00:00:00,3533,
2902,41.0,Female,Blouse,Clothing,43,Alabama,L,Olive,Winter,2.6,No,Credit Card,Free Shipping,No,No,46,Credit Card,Quarterly,,2024-01-01 00:00:00,3534,
3360,43.0,Female,Sunglasses,Accessories,74,New Hampshire,L,Red,Fall,3.9,No,Credit Card,Next Day Air,No,No,29,Debit Card,Monthly,,2024-01-01 00:00:00,3535,
626,49.0,Male,Jewelry,Accessories,79,Delaware,M,Red,Fall,4.0,Yes,Venmo,Next Day Air,Yes,Yes,1,Venmo,Weekly,,2024-01-01 00:00:00,3536,
2734,31.0,FEMALE,Backpack,Accessories,83,North Carolina,M,Magenta,Summer,4.7,No,Cash,Express,No,No,46,PayPal,Annually,,2024-01-01 00:00:00,3537,
3849,22.0,FEMALE,Jewelry,Accessories,60,,M,Magenta,Winter,3.0,No,Bank Transfer,Next Day Air,No,No,39,Cash,Every 3 Months,,2024-01-01 00:00:00,3538,
1347,44.0,male,Hoodie,Clothing,91,Mississippi,L,White,Winter,3.0,No,Credit Card,Free Shipping,Yes,Yes,15,Venmo,Bi-Weekly,,2024-01-01 00:00:00,3539,
570,65.0,Male,Skirt,Clothing,33,Alabama,M,Pink,Fall,4.4,Yes,PayPal,Express,Yes,Yes,46,Credit Card,Every 3 Months,,2024-01-01 00:00:00,3540,
865,51.0,male,Jeans,Clothing,59,Kentucky,S,Charcoal,Winter,3.9,Yes,PayPal,Next Day Air,Yes,Yes,5,PayPal,Annually,,2024-01-01 00:00:00,3541,
1759,27.0,Male,Hat,Accessories,56,Pennsylvania,M,Silver,Winter,4.3,No,Debit Card,Free Shipping,No,No,17,Venmo,Bi-Weekly,,2024-01-01 00:00:00,3542,
1817,26.0,Male,Hat,Accessories,79,Virginia,M,Purple,Summer,4.0,No,Venmo,Express,No,No,4,Cash,Weekly,,2024-01-01 00:00:00,3543,
2066,27.0,Male,Sneakers,Footwear,40,Oregon,M,Blue,Spring,2.9,No,PayPal,,No,No,6,Bank Transfer,Bi-Weekly,,2024-01-01 00:00:00,3544,
128,24.0,Male,Sweater,Clothing,89,Mississippi,M,Gray,Winter,4.8,Yes,Venmo,Next Day Air,Yes,Yes,26,Credit Card,Weekly,,2024-01-01 00:00:00,3545,
3395,31.0,Female,Sandals,Footwear,98,Vermont,S,Yellow,Spring,4.2,No,Cash,Store Pickup,No,No,9,PayPal,Annually,,2024-01-01 00:00:00,3546,
3328,47.0,Female,Shorts,Clothing,64,Connecticut,M,Black,Spring,4.1,No,Bank Transfer,Express,No,No,2,Debit Card,Quarterly,,2024-01-01 00:00:00,3547,
1285,65.0,Male,Dress,Clothing,93,Arkansas,M,Black,Spring,3.9,No,Bank Transfer,Express,Yes,Yes,38,PayPal,Fortnightly,,2024-01-01 00:00:00,3548,
2007,58.0,Male,Scarf,Accessories,97,New Mexico,S,Pink,Fall,4.4,No,Debit Card,Express,No,No,2,Credit Card,Annually,,2024-01-01 00:00:00,3549,
2976,61.0,Female,Scarf,Accessories,68,Georgia,XL,Lavender,Winter,,No,PayPal,2-Day Shipping,No,No,48,Cash,Every 3 Months,,2024-01-01 00:00:00,3550,
981,56.0,male,Boots,Footwear,98,Maryland,S,Magenta,Spring,4.0,Yes,Bank Transfer,Free Shipping,Yes,Yes,39,PayPal,Every 3 Months,,2024-01-01 00:00:00,3551,
1916,51.0,Male,Backpack,Accessories,74,Alabama,M,Magenta,Fall,,No,PayPal,2-Day Shipping,No,No,44,Cash,Weekly,,2024-01-01 00:00:00,3552,
191,65.0,Male,Coat,Outerwear,70,Indiana,XL,Beige,Fall,3.0,Yes,Venmo,Free Shipping,Yes,Yes,48,Venmo,Quarterly,,2024-01-01 00:00:00,3553,
1140,58.0,male,Coat,Outerwear,53,Alabama,L,Purple,Spring,3.9,No,PayPal,Standard,Yes,Yes,42,Debit Card,Bi-Weekly,,2024-01-01 00:00:00,3554,
993,46.0,Male,Jacket,Outerwear,99,Louisiana,M,Gray,Winter,4.6,Yes,Credit Card,Express,Yes,Yes,50,Debit Card,Weekly,,2024-01-01 00:00:00,3555,
700,50.0,Male,Handbag,Accessories,46,Connecticut,M,Charcoal,Fall,2.6,Yes,Bank Transfer,2-Day Shipping,Yes,Yes,5,PayPal,Weekly,,2024-01-01 00:00:00,3556,
3651,51.0,Female,Jeans,Clothing,60,Ohio,M,Silver,Summer,,No,Cash,2-Day Shipping,,No,3,PayPal,Annually,,2024-01-01 00:00:00,3557,
607,27.0,Male,Scarf,Accessories,90,Colorado,M,Blue,Spring,4.5,Yes,Credit Card,Standard,Yes,Yes,44,PayPal,Monthly,,2024-01-01 00:00:00,3558,
181,51.0,male,Sandals,Footwear,81,South Dakota,L,Green,Fall,3.3,Yes,Cash,Store Pickup,Yes,Yes,12,Debit Card,Fortnightly,,2024-01-01 00:00:00,3559,
302,46.0,Male,Skirt,Clothing,95,Pennsylvania,M,Green,Spring,3.8,Yes,Debit Card,Standard,Yes,Yes,25,Credit Card,Every 3 Months,,2024-01-01 00:00:00,3560,
2545,46.0,Male,Pants,Clothing,70,Delaware,M,Red,Spring,2.5,No,Cash,Next Day Air,No,No,39,Venmo,Quarterly,,2024-01-01 00:00:00,3561,
3699,25.0,Female,Skirt,Clothing,54,California,XL,Maroon,Spring,4.0,No,Credit Card,2-Day Shipping,No,No,4,Venmo,Annually,,2024-01-01 00:00:00,3562,
3714,49.0,Female,Shoes,Footwear,87,Arizona,M,Peach,Spring,2.6,No,Cash,Express,No,No,31,Debit Card,Every 3 Months,,2024-01-01 00:00:00,3563,
1061,27.0,Male,Sweater,Clothing,35,Iowa,S,Gray,Summer,2.6,No,PayPal,Next Day Air,Yes,Yes,21,Debit Card,Every 3 Months,,2024-01-01 00:00:00,3564,
3775,57.0,FEMALE,Gloves,Accessories,83,Alaska,S,Cyan,Winter,,No,Venmo,Standard,No,No,48,PayPal,Fortnightly,,2024-01-01 00:00:00,3565,
3851,27.0,Female,Jewelry,Accessories,74,Mississippi,L,Indigo,Summer,4.4,No,Credit Card,2-Day Shipping,No,No,25,Debit Card,Every 3 Months,,2024-01-01 00:00:00,3566,
2566,30.0,Male,Socks,Clothing,43,Vermont,S,Indigo,Fall,3.6,No,Debit Card,Store Pickup,No,No,8,Venmo,Quarterly,,2024-01-01 00:00:00,3567,
3450,48.0,Female,Blouse,Clothing,37,Kansas,M,Brown,Spring,4.5,No,PayPal,Standard,No,No,35,Cash,Monthly,,2024-01-01 00:00:00,3568,
1070,38.0,Male,Skirt,Clothing,81,Maryland,XL,White,Fall,4.3,No,Credit Card,Next Day Air,Yes,Yes,33,Venmo,Every 3 Months,,2024-01-01 00:00:00,3569,
2525,60.0,Male,Coat,Outerwear,59,Kansas,M,Purple,Spring,3.7,No,Venmo,Express,No,No,23,Credit Card,Quarterly,,2024-01-01 00:00:00,3570,
2206,46.0,Male,Sweater,Clothing,68,North Dakota,XL,Red,Fall,2.7,No,PayPal,Express,No,No,27,PayPal,Weekly,,2024-01-01 00:00:00,3571,
1244,25.0,Male,Blouse,Clothing,23,New Hampshire,S,Pink,Spring,,No,PayPal,Store Pickup,Yes,Yes,22,Debit Card,Annually,,2024-01-01 00:00:00,3572,
3244,45.0,Female,Hoodie,Clothing,99,Idaho,L,Black,Summer,5.0,No,Venmo,Store Pickup,No,No,11,Bank Transfer,Every 3 Months,,2024-01-01 00:00:00,3573,
17,25.0,,Sunglasses,Accessories,36,Alabama,S,Gray,Spring,4.1,Yes,Venmo,Next Day Air,Yes,Yes,44,Debit Card,Bi-Weekly,,2024-01-01 00:00:00,3574,
3121,46.0,FEMALE,Shirt,Clothing,76,Louisiana,M,Magenta,Fall,4.0,No,Venmo,Store Pickup,No,No,32,Debit Card,Fortnightly,,2024-01-01 00:00:00,3575,
3072,23.0,Female,Sweater,Clothing,41,New Hampshire,L,Turquoise,Spring,3.4,No,Debit Card,Next Day Air,,No,6,PayPal,Monthly,,2024-01-01 00:00:00,3576,
547,62.0,Male,Hoodie,Clothing,74,New Mexico,M,Brown,Winter,3.4,Yes,Cash,Free Shipping,Yes,Yes,45,Venmo,Bi-Weekly,,2024-01-01 00:00:00,3577,
659,62.0,Male,Backpack,Accessories,37,Louisiana,S,White,Fall,4.9,Yes,Debit Card,Store Pickup,Yes,Yes,20,Venmo,Weekly,,2024-01-01 00:00:00,3578,
3614,58.0,FEMALE,Hat,Accessories,27,Minnesota,M,Magenta,Fall,3.5,No,Cash,Store Pickup,No,No,40,Venmo,Annually,,2024-01-01 00:00:00,3579,
3068,70.0,,Belt,Accessories,22,Missouri,S,Gray,Spring,,No,Bank Transfer,Free Shipping,No,No,2,Cash,Weekly,,2024-01-01 00:00:00,3580,
3657,35.0,Female,Jacket,Outerwear,67,North Dakota,XL,Cyan,Spring,3.7,No,Debit Card,2-Day Shipping,No,No,18,Credit Card,Monthly,,2024-01-01 00:00:00,3581,
1505,60.0,male,Jacket,Outerwear,80,Alaska,M,Teal,Winter,4.2,No,Cash,Next Day Air,Yes,Yes,10,Bank Transfer,Monthly,,2024-01-01 00:00:00,3582,
960,36.0,,Skirt,Clothing,99,Nevada,M,Cyan,Spring,2.6,Yes,Cash,Standard,,Yes,12,Cash,Fortnightly,,2024-01-01 00:00:00,3583,
2927,64.0,FEMALE,Handbag,Accessories,82,,M,Gray,Winter,4.8,No,Debit Card,2-Day Shipping,No,No,9,Cash,Weekly,,2024-01-01 00:00:00,3584,
2332,61.0,Male,Scarf,Accessories,-1,Illinois,S,Olive,Spring,4.3,No,Credit Card,2-Day Shipping,No,No,10,Credit Card,Bi-Weekly,,2024-01-01 00:00:00,3585,
798,42.0,Male,Coat,Outerwear,82,Maryland,M,Violet,Fall,4.0,Yes,Cash,2-Day Shipping,Yes,Yes,38,Debit Card,Weekly,,2024-01-01 00:00:00,3586,
3349,28.0,FEMALE,T-shirt,Clothing,74,New Hampshire,L,Gray,Winter,2.8,No,PayPal,Standard,No,No,15,Cash,Every 3 Months,,2024-01-01 00:00:00,3587,
226,25.0,Male,Jacket,Outerwear,22,Arkansas,M,Olive,Spring,3.2,Yes,Debit Card,Next Day Air,Yes,Yes,11,Bank Transfer,Annually,,2024-01-01 00:00:00,3588,
2075,36.0,Male,Scarf,Accessories,53,Florida,M,White,Summer,3.1,No,Credit Card,Free Shipping,No,No,44,Debit Card,Fortnightly,,2024-01-01 00:00:00,3589,
3355,42.0,Female,Skirt,Clothing,45,Maryland,M,Orange,Fall,2.8,No,Cash,Next Day Air,No,No,15,PayPal,Weekly,,2024-01-01 00:00:00,3590,
1800,32.0,Male,Hoodie,Clothing,48,California,M,Charcoal,Fall,3.9,No,Debit Card,Express,No,No,47,Venmo,Weekly,,2024-01-01 00:00:00,3591,
2486,43.0,Male,Blouse,Clothing,55,Louisiana,M,Beige,Spring,4.6,No,Credit Card,2-Day Shipping,No,No,37,Bank Transfer,Annually,,2024-01-01 00:00:00,3592,
552,29.0,male,Coat,Outerwear,78,Idaho,XL,Green,Fall,3.1,Yes,Venmo,2-Day Shipping,Yes,Yes,27,Cash,Bi-Weekly,,2024-01-01 00:00:00,3593,
3437,57.0,Female,Belt,Accessories,83,Nebraska,L,Peach,Winter,2.8,No,Venmo,,,No,41,Bank Transfer,Monthly,,2024-01-01 00:00:00,3594,
2278,25.0,Male,Hat,Accessories,56,Alabama,M,Beige,Summer,4.6,No,Bank Transfer,Next Day Air,No,No,18,Credit Card,Quarterly,,2024-01-01 00:00:00,3595,
2086,69.0,Male,Jeans,Clothing,49,New York,M,Teal,Fall,4.6,,Cash,Free Shipping,No,No,38,Debit Card,Weekly,,2024-01-01 00:00:00,3596,
1694,63.0,Male,Jacket,Outerwear,88,Tennessee,XL,Olive,Fall,4.9,No,Venmo,Standard,No,No,45,Bank Transfer,Fortnightly,,2024-01-01 00:00:00,3597,
2798,63.0,Female,Jewelry,Accessories,42,Oklahoma,M,Green,Winter,3.5,No,PayPal,Express,No,No,10,Venmo,Every 3 Months,,2024-01-01 00:00:00,3598,
1046,54.0,male,Sweater,Clothing,79,,L,Black,Fall,3.5,Yes,Cash,2-Day Shipping,Yes,Yes,11,PayPal,Bi-Weekly,,2024-01-01 00:00:00,3599,
3447,51.0,FEMALE,Boots,Footwear,55,Louisiana,S,Purple,Spring,5.0,No,Debit Card,2-Day Shipping,No,No,20,Cash,Weekly,,2024-01-01 00:00:00,3600,
470,21.0,Male,Shorts,Clothing,46,Alabama,L,Pink,Fall,4.1,Yes,Debit Card,2-Day Shipping,,Yes,30,Debit Card,Bi-Weekly,,2024-01-01 00:00:00,3601,
955,60.0,Male,Hat,Accessories,74,Louisiana,S,Turquoise,Fall,3.5,Yes,Venmo,Standard,Yes,Yes,18,Credit Card,Every 3 Months,,2024-01-01 00:00:00,3602,
1917,26.0,male,Hoodie,Clothing,50,Connecticut,S,Beige,Winter,3.0,No,PayPal,Next Day Air,,No,3,Debit Card,Bi-Weekly,,2024-01-01 00:00:00,3603,
2736,46.0,Female,Skirt,Clothing,29,California,M,Yellow,Spring,3.0,No,Bank Transfer,Express,No,No,2,PayPal,Bi-Weekly,,2024-01-01 00:00:00,3604,
3858,42.0,Female,Hat,Accessories,21,Texas,S,Yellow,Summer,3.1,No,Debit Card,Store Pickup,No,No,29,Credit Card,Every 3 Months,,2024-01-01 00:00:00,3605,
640,54.0,Male,Dress,Clothing,24,Mississippi,L,Olive,Spring,4.0,Yes,Credit Card,2-Day Shipping,Yes,Yes,50,Credit Card,Annually,,2024-01-01 00:00:00,3606,
3717,57.0,Female,Shirt,Clothing,53,Vermont,M,Charcoal,Fall,3.4,,Bank Transfer,Next Day Air,No,No,42,Debit Card,Every 3 Months,,2024-01-01 00:00:00,3607,
1219,55.0,Male,Boots,Footwear,79,Pennsylvania,M,Cyan,Spring,3.1,No,Venmo,Store Pickup,Yes,Yes,43,Cash,Every 3 Months,,2024-01-01 00:00:00,3608,
1159,69.0,Male,Belt,Accessories,89,Nevada,L,Orange,Summer,4.0,No,Venmo,2-Day Shipping,Yes,Yes,41,Bank Transfer,Annually,,2024-01-01 00:00:00,3609,
1416,54.0,Male,Belt,Accessories,90,Illinois,M,Blue,Winter,3.7,No,Bank Transfer,,Yes,Yes,12,Credit Card,Every 3 Months,,2024-01-01 00:00:00,3610,
3829,42.0,Female,Blouse,Clothing,82,Mississippi,M,Charcoal,Spring,3.4,No,Venmo,Free Shipping,No,No,8,Cash,Weekly,,2024-01-01 00:00:00,3611,
1528,26.0,Male,Hat,Accessories,75,Wisconsin,L,Red,Fall,4.5,No,Bank Transfer,2-Day Shipping,Yes,Yes,33,Debit Card,Fortnightly,,2024-01-01 00:00:00,3612,
1097,57.0,Male,Coat,Outerwear,46,New Hampshire,S,Beige,Fall,2.6,No,Credit Card,Standard,Yes,Yes,48,Credit Card,Annually,,2024-01-01 00:00:00,3613,
1301,67.0,,T-shirt,Clothing,100,West Virginia,M,Charcoal,Spring,4.5,No,Cash,Next Day Air,Yes,Yes,47,Credit Card,Every 3 Months,,2024-01-01 00:00:00,3614,
3836,58.0,Female,Sandals,Footwear,58,Pennsylvania,L,Silver,Winter,2.6,,Credit Card,Express,No,No,28,PayPal,Bi-Weekly,,2024-01-01 00:00:00,3615,
2849,33.0,Female,Boots,Footwear,72,,L,Gray,Fall,4.9,No,Debit Card,Store Pickup,No,No,28,Bank Transfer,Quarterly,,2024-01-01 00:00:00,3616,
1604,23.0,Male,Shorts,Clothing,98,Iowa,L,Black,Summer,4.3,No,Debit Card,Next Day Air,Yes,Yes,17,Debit Card,Bi-Weekly,,2024-01-01 00:00:00,3617,
161,27.0,Male,Gloves,Accessories,23,,M,Orange,Summer,,Yes,Bank Transfer,Free Shipping,Yes,Yes,34,Venmo,Monthly,,2024-01-01 00:00:00,3618,
1705,56.0,male,Sneakers,Footwear,20,Idaho,M,Lavender,Summer,3.9,No,Bank Transfer,Store Pickup,No,No,19,Cash,Every 3 Months,,2024-01-01 00:00:00,3619,
957,29.0,Male,Shirt,Clothing,99,Mississippi,XL,Cyan,Spring,2.9,Yes,Venmo,2-Day Shipping,Yes,Yes,42,Debit Card,Quarterly,,2024-01-01 00:00:00,3620,
3235,49.0,Female,Jewelry,Accessories,96,Washington,M,Black,Winter,,No,Bank Transfer,2-Day Shipping,No,No,16,Debit Card,Quarterly,,2024-01-01 00:00:00,3621,
2870,57.0,Female,Socks,Clothing,58,Georgia,M,White,Summer,,No,Cash,Standard,No,No,16,Bank Transfer,Weekly,,2024-01-01 00:00:00,3622,
3898,46.0,Female,Belt,Accessories,33,New Jersey,L,Green,Spring,2.9,No,Credit Card,Standard,No,No,24,Venmo,Quarterly,,2024-01-01 00:00:00,3623,
878,64.0,Male,Handbag,Accessories,65,Nebraska,M,Orange,Winter,4.9,Yes,Venmo,,Yes,Yes,45,Venmo,Every 3 Months,,2024-01-01 00:00:00,3624,
1920,34.0,Male,Backpack,Accessories,56,Virginia,M,Olive,Summer,3.1,,Credit Card,Express,No,No,20,PayPal,Bi-Weekly,,2024-01-01 00:00:00,3625,
2962,,Female,Hoodie,Clothing,43,New Hampshire,S,Gold,Fall,2.8,,Credit Card,Free Shipping,No,No,21,Debit Card,Bi-Weekly,,2024-01-01 00:00:00,3626,
1885,27.0,Male,Shorts,Clothing,30,Arizona,S,Pink,Summer,4.3,No,Bank Transfer,Next Day Air,No,No,15,Bank Transfer,Bi-Weekly,,2024-01-01 00:00:00,3627,
2201,60.0,male,Gloves,Accessories,51,Wyoming,L,Charcoal,Summer,4.7,No,PayPal,Next Day Air,No,No,27,Debit Card,Every 3 Months,,2024-01-01 00:00:00,3628,
99,20.0,Male,Jeans,Clothing,67,New York,XL,Teal,Spring,2.6,Yes,Cash,Next Day Air,Yes,Yes,20,Bank Transfer,Annually,,2024-01-01 00:00:00,3629,
3785,54.0,Female,Socks,Clothing,53,,M,Violet,Winter,4.5,No,Cash,Next Day Air,No,No,4,Venmo,Annually,,2024-01-01 00:00:00,3630,
2558,70.0,Male,Shorts,Clothing,23,,L,Cyan,Spring,3.9,No,Venmo,Standard,No,No,17,PayPal,Fortnightly,,2024-01-01 00:00:00,3631,
3184,50.0,Female,Sneakers,Footwear,56,Mississippi,M,Green,Winter,3.5,No,Debit Card,Standard,No,No,14,Cash,Every 3 Months,,2024-01-01 00:00:00,3632,
3299,65.0,Female,Jacket,Outerwear,73,New Mexico,M,Brown,Fall,,No,PayPal,Express,No,No,6,Bank Transfer,Every 3 Months,,2024-01-01 00:00:00,3633,
254,52.0,Male,Boots,Footwear,73,Oklahoma,L,Cyan,Winter,4.9,Yes,PayPal,2-Day Shipping,Yes,Yes,15,Bank Transfer,Bi-Weekly,,2024-01-01 00:00:00,3634,
104,54.0,,Boots,Footwear,89,West Virginia,L,Red,Winter,,Yes,Debit Card,Next Day Air,Yes,Yes,22,Venmo,Bi-Weekly,,2024-01-01 00:00:00,3635,
1446,64.0,Male,Belt,Accessories,51,Arkansas,M,Gold,Fall,3.1,No,Venmo,2-Day Shipping,Yes,Yes,24,Credit Card,Annually,,2024-01-01 00:00:00,3636,
1444,,Male,Sandals,Footwear,47,Idaho,L,Teal,Fall,4.2,No,PayPal,Next Day Air,Yes,Yes,2,Cash,Monthly,,2024-01-01 00:00:00,3637,
1649,36.0,Male,Pants,Clothing,69,Oklahoma,M,Gray,Summer,2.6,No,Bank Transfer,Express,Yes,Yes,22,Credit Card,Monthly,,2024-01-01 00:00:00,3638,
587,45.0,Male,Hoodie,Clothing,20,Wisconsin,S,Blue,Winter,4.9,Yes,Venmo,2-Day Shipping,Yes,Yes,9,Venmo,Annually,,2024-01-01 00:00:00,3639,
628,42.0,,Sandals,Footwear,44,Oregon,L,Black,Winter,4.1,Yes,Venmo,Express,Yes,Yes,24,PayPal,Monthly,,2024-01-01 00:00:00,3640,
1697,31.0,Male,Sunglasses,Accessories,69,West Virginia,S,Turquoise,Spring,4.0,No,Bank Transfer,Free Shipping,No,No,7,Credit Card,Bi-Weekly,,2024-01-01 00:00:00,3641,
3192,62.0,Female,Hoodie,Clothing,68,Mississippi,XL,Maroon,Winter,4.7,No,Bank Transfer,Store Pickup,No,No,42,Credit Card,Every 3 Months,,2024-01-01 00:00:00,3642,
2102,49.0,Male,Shirt,Clothing,23,Oregon,M,Blue,Winter,,No,Cash,Next Day Air,No,No,12,Bank Transfer,Bi-Weekly,,2024-01-01 00:00:00,3643,
2200,39.0,Male,Scarf,Accessories,47,North Carolina,M,Maroon,Summer,4.9,No,Bank Transfer,Store Pickup,No,No,40,Debit Card,Monthly,,2024-01-01 00:00:00,3644,
404,19.0,Male,Sneakers,Footwear,45,Nevada,M,Orange,Winter,4.5,Yes,Credit Card,,Yes,Yes,12,Bank Transfer,Annually,,2024-01-01 00:00:00,3645,
1155,49.0,Male,Dress,Clothing,82,Georgia,L,Cyan,Spring,2.9,No,Venmo,2-Day Shipping,Yes,Yes,44,Credit Card,Bi-Weekly,,2024-01-01 00:00:00,3646,
2256,48.0,Male,Coat,Outerwear,39,Michigan,L,Teal,Spring,4.6,No,Venmo,Store Pickup,No,No,42,Bank Transfer,Quarterly,,2024-01-01 00:00:00,3647,
2864,37.0,FEMALE,T-shirt,Clothing,56,Connecticut,M,Yellow,Fall,3.9,No,Debit Card,,No,No,18,Venmo,Monthly,,2024-01-01 00:00:00,3648,
1683,65.0,Male,Socks,Clothing,97,New York,M,Yellow,Fall,4.9,No,Venmo,2-Day Shipping,No,No,37,Credit Card,Bi-Weekly,,2024-01-01 00:00:00,3649,
3171,65.0,Female,Sunglasses,Accessories,41,Rhode Island,XL,Charcoal,Spring,4.4,No,Debit Card,Express,No,No,10,Credit Card,Fortnightly,,2024-01-01 00:00:00,3650,
3757,64.0,Female,Skirt,Clothing,69,South Carolina,L,Teal,Spring,4.8,No,Credit Card,Express,No,No,42,Debit Card,Bi-Weekly,,2024-01-01 00:00:00,3651,
2057,55.0,Male,Backpack,Accessories,46,,L,Blue,Spring,4.4,No,Cash,2-Day Shipping,No,No,29,PayPal,Monthly,,2024-01-01 00:00:00,3652,
3063,51.0,Female,Backpack,Accessories,96,California,L,Green,Fall,3.3,,Bank Transfer,Standard,No,No,39,PayPal,Monthly,,2024-01-01 00:00:00,3653,
3807,,Female,Boots,Footwear,71,Missouri,M,Teal,Spring,3.0,No,Cash,Standard,No,No,41,PayPal,Weekly,,2024-01-01 00:00:00,3654,
3109,50.0,Female,Socks,Clothing,69,Oregon,M,Purple,Fall,3.2,,Bank Transfer,2-Day Shipping,No,No,7,PayPal,Monthly,,2024-01-01 00:00:00,3655,
453,45.0,Male,Pants,Clothing,45,,M,Violet,Summer,3.3,Yes,Debit Card,Express,Yes,Yes,39,PayPal,Fortnightly,,2024-01-01 00:00:00,3656,
2302,37.0,male,Pants,Clothing,20,Maine,L,Turquoise,Winter,2.9,No,Debit Card,Next Day Air,No,No,21,Debit Card,Annually,,2024-01-01 00:00:00,3657,
1328,52.0,Male,Coat,Outerwear,40,Florida,M,Turquoise,Winter,2.8,No,Credit Card,Standard,Yes,Yes,37,Cash,Weekly,,2024-01-01 00:00:00,3658,
2945,50.0,Female,Sneakers,Footwear,95,New York,XL,Cyan,Summer,3.9,No,Cash,Free Shipping,No,No,4,Venmo,Every 3 Months,,2024-01-01 00:00:00,3659,
2050,68.0,Male,Boots,Footwear,24,Rhode Island,L,Blue,Fall,2.7,No,Debit Card,Standard,No,No,15,Venmo,Annually,,2024-01-01 00:00:00,3660,
881,39.0,Male,Backpack,Accessories,75,Nevada,L,Red,Spring,,Yes,Venmo,Express,,Yes,25,Debit Card,Monthly,,2024-01-01 00:00:00,3661,
3644,53.0,Female,Scarf,Accessories,96,Tennessee,XL,Magenta,Fall,,No,Bank Transfer,Standard,No,No,47,Debit Card,Annually,,2024-01-01 00:00:00,3662,
3188,,Female,Blouse,Clothing,72,,L,Indigo,Winter,3.2,No,Credit Card,Free Shipping,No,No,28,Debit Card,Weekly,,2024-01-01 00:00:00,3663,
624,19.0,Male,Shoes,Footwear,70,Nevada,M,White,Fall,4.7,Yes,Bank Transfer,Standard,Yes,Yes,48,PayPal,Bi-Weekly,,2024-01-01 00:00:00,3664,
2394,58.0,Male,Socks,Clothing,97,,M,Brown,Winter,5.0,No,Debit Card,2-Day Shipping,No,No,38,PayPal,Every 3 Months,,2024-01-01 00:00:00,3665,
3706,28.0,Female,Skirt,Clothing,65,Colorado,L,Teal,Summer,3.2,,PayPal,Free Shipping,No,No,2,Debit Card,Annually,,2024-01-01 00:00:00,3666,
1788,20.0,Male,Sweater,Clothing,38,Montana,L,Gold,Fall,4.9,No,Bank Transfer,2-Day Shipping,No,No,10,Bank Transfer,Quarterly,,2024-01-01 00:00:00,3667,
263,,male,Pants,Clothing,40,Hawaii,M,Teal,Summer,3.7,Yes,Cash,Next Day Air,Yes,Yes,6,Debit Card,Annually,,2024-01-01 00:00:00,3668,
1635,28.0,Male,Coat,Outerwear,23,South Carolina,S,Orange,Summer,3.6,No,Debit Card,Store Pickup,,Yes,30,Cash,Every 3 Months,,2024-01-01 00:00:00,3669,
3370,47.0,Female,Sweater,Clothing,51,Maine,M,Indigo,Winter,3.8,No,Debit Card,2-Day Shipping,No,No,42,Cash,Monthly,,2024-01-01 00:00:00,3670,
1439,,Male,Coat,Outerwear,38,Washington,M,Cyan,Spring,2.9,No,Cash,Standard,Yes,Yes,24,Debit Card,Monthly,,2024-01-01 00:00:00,3671,
2199,57.0,Male,Scarf,Accessories,80,New York,L,Turquoise,Summer,3.5,No,Cash,Free Shipping,,No,35,Venmo,Monthly,,2024-01-01 00:00:00,3672,
1970,64.0,Male,Dress,Clothing,32,Louisiana,S,Cyan,Winter,,No,PayPal,Next Day Air,No,No,11,Bank Transfer,Fortnightly,,2024-01-01 00:00:00,3673,
2521,64.0,Male,Jacket,Outerwear,56,,L,Magenta,Summer,3.1,No,Bank Transfer,Next Day Air,,No,16,Cash,Every 3 Months,,2024-01-01 00:00:00,3674,
1803,57.0,Male,Shorts,Clothing,96,Rhode Island,L,Turquoise,Winter,2.6,No,Bank Transfer,Store Pickup,No,No,31,Venmo,Bi-Weekly,,2024-01-01 00:00:00,3675,
641,53.0,Male,Skirt,Clothing,88,Minnesota,M,Gray,Summer,4.4,Yes,Debit Card,Store Pickup,Yes,Yes,28,Debit Card,Fortnightly,,2024-01-01 00:00:00,3676,
949,49.0,Male,Hat,Accessories,90,Alabama,L,Olive,Summer,4.9,Yes,Venmo,Express,Yes,Yes,11,Venmo,Every 3 Months,,2024-01-01 00:00:00,3677,
2386,41.0,Male,Scarf,Accessories,31,Oklahoma,M,Brown,Fall,3.8,No,Venmo,Express,No,No,12,PayPal,Weekly,,2024-01-01 00:00:00,3678,
2599,64.0,male,Backpack,Accessories,86,Nevada,XL,Olive,Fall,3.3,No,Credit Card,Express,No,No,31,Debit Card,Annually,,2024-01-01 00:00:00,3679,
3789,43.0,Female,Hat,Accessories,65,Kansas,XL,Teal,Spring,3.2,No,Cash,Next Day Air,No,No,27,Debit Card,Monthly,,2024-01-01 00:00:00,3680,
1960,46.0,Male,Shoes,Footwear,90,Colorado,M,White,Fall,3.1,No,Credit Card,Store Pickup,No,No,7,Credit Card,Every 3 Months,,2024-01-01 00:00:00,3681,
2977,30.0,Female,Coat,Outerwear,97,Nebraska,M,Silver,Summer,2.8,No,Debit Card,Express,No,No,28,Cash,Fortnightly,,2024-01-01 00:00:00,3682,
489,58.0,Male,Sweater,Clothing,29,Maine,L,Olive,Spring,4.6,Yes,Venmo,Standard,Yes,Yes,32,Venmo,Weekly,,2024-01-01 00:00:00,3683,
1844,36.0,Male,Jacket,Outerwear,76,Kentucky,M,Charcoal,Fall,4.7,No,Bank Transfer,Next Day Air,No,No,32,Credit Card,Monthly,,2024-01-01 00:00:00,3684,
1735,31.0,Male,Jeans,Clothing,98,Missouri,L,Brown,Spring,3.1,No,Credit Card,Next Day Air,No,No,16,PayPal,Quarterly,,2024-01-01 00:00:00,3685,
2912,28.0,Female,Socks,Clothing,38,Ohio,XL,Orange,Fall,2.9,No,Debit Card,Next Day Air,No,No,34,Venmo,Quarterly,,2024-01-01 00:00:00,3686,
3220,57.0,Female,Coat,Outerwear,40,Kansas,L,White,Summer,,No,Bank Transfer,2-Day Shipping,No,No,39,Credit Card,Weekly,,2024-01-01 00:00:00,3687,
147,52.0,Male,Skirt,Clothing,30,Colorado,S,Black,Fall,,Yes,Debit Card,Standard,Yes,Yes,21,Venmo,Fortnightly,,2024-01-01 00:00:00,3688,
1535,,Male,Blouse,Clothing,66,Wyoming,M,Green,Summer,3.4,No,Venmo,Free Shipping,Yes,Yes,26,Venmo,Fortnightly,,2024-01-01 00:00:00,3689,
1987,62.0,Male,Coat,Outerwear,48,Arkansas,L,Green,Summer,3.4,No,Debit Card,2-Day Shipping,No,No,14,Venmo,Quarterly,,2024-01-01 00:00:00,3690,
1370,32.0,Male,Shoes,Footwear,75,Iowa,M,Green,Winter,3.2,No,Cash,Standard,Yes,Yes,48,Venmo,Fortnightly,,2024-01-01 00:00:00,3691,
2451,68.0,Male,T-shirt,Clothing,76,North Carolina,M,Magenta,Fall,4.5,No,Venmo,Standard,No,No,7,Venmo,Quarterly,,2024-01-01 00:00:00,3692,
3130,60.0,FEMALE,Sandals,Footwear,20,Maryland,S,Cyan,Summer,,No,PayPal,Express,No,No,40,Venmo,Every 3 Months,,2024-01-01 00:00:00,3693,
3003,70.0,Female,Belt,Accessories,29,Louisiana,M,Maroon,Fall,3.6,No,Cash,Next Day Air,No,No,19,Bank Transfer,Quarterly,,2024-01-01 00:00:00,3694,
2812,,Female,Jacket,Outerwear,89,Ohio,M,Blue,Fall,3.7,No,PayPal,Store Pickup,No,No,19,Credit Card,Quarterly,,2024-01-01 00:00:00,3695,
660,62.0,Male,Shorts,Clothing,52,Virginia,S,Gold,Spring,3.6,Yes,Debit Card,2-Day Shipping,Yes,Yes,8,Cash,Weekly,,2024-01-01 00:00:00,3696,
1795,60.0,Male,Backpack,Accessories,40,Ohio,L,Indigo,Spring,,No,Bank Transfer,Express,No,No,21,Debit Card,Fortnightly,,2024-01-01 00:00:00,3697,
3421,19.0,Female,Hat,Accessories,60,,M,Purple,Winter,3.4,No,Debit Card,Express,No,No,35,PayPal,Bi-Weekly,,2024-01-01 00:00:00,3698,
2512,54.0,Male,Backpack,Accessories,33,Idaho,M,Cyan,Summer,2.7,No,Debit Card,Store Pickup,No,No,1,PayPal,Quarterly,,2024-01-01 00:00:00,3699,
3398,19.0,Female,Blouse,Clothing,38,New Jersey,L,Yellow,Summer,2.7,No,Bank Transfer,Standard,No,No,13,Bank Transfer,Bi-Weekly,,2024-01-01 00:00:00,3700,
187,39.0,Male,Backpack,Accessories,56,Minnesota,S,Lavender,Summer,2.9,Yes,Debit Card,Standard,Yes,Yes,31,Debit Card,Annually,,2024-01-01 00:00:00,3701,
1148,59.0,Male,Hat,Accessories,36,Tennessee,XL,Red,Winter,4.3,No,PayPal,Next Day Air,Yes,Yes,17,Debit Card,Annually,,2024-01-01 00:00:00,3702,
3273,58.0,Female,Shoes,Footwear,99,Texas,M,Lavender,Winter,3.1,No,Bank Transfer,Next Day Air,No,No,34,PayPal,Quarterly,,2024-01-01 00:00:00,3703,
609,41.0,Male,Backpack,Accessories,25,Delaware,S,Gold,Fall,3.3,Yes,Debit Card,,Yes,Yes,21,Venmo,Every 3 Months,,2024-01-01 00:00:00,3704,
2192,26.0,Male,Blouse,Clothing,69,Pennsylvania,S,Maroon,Summer,,No,Venmo,Next Day Air,No,No,46,Cash,Bi-Weekly,,2024-01-01 00:00:00,3705,
2800,23.0,Female,T-shirt,Clothing,89,Maine,L,Pink,Spring,3.9,No,Credit Card,Free Shipping,No,No,9,Bank Transfer,Every 3 Months,,2024-01-01 00:00:00,3706,
3583,23.0,Female,Shorts,Clothing,41,California,S,Beige,Summer,3.4,,Cash,2-Day Shipping,No,No,15,PayPal,Annually,,2024-01-01 00:00:00,3707,
1931,66.0,Male,Pants,Clothing,52,,L,Turquoise,Spring,3.5,No,Bank Transfer,Store Pickup,No,No,26,Cash,Weekly,,2024-01-01 00:00:00,3708,
3030,64.0,Female,Dress,Clothing,82,Georgia,M,Gold,Summer,3.1,No,Bank Transfer,Free Shipping,No,No,1,Debit Card,Quarterly,,2024-01-01 00:00:00,3709,
198,,Male,Scarf,Accessories,78,South Carolina,M,Black,Fall,3.2,Yes,Debit Card,2-Day Shipping,Yes,Yes,41,Credit Card,Monthly,,2024-01-01 00:00:00,3710,
3682,26.0,Female,Gloves,Accessories,73,Connecticut,XL,Magenta,Fall,4.2,No,PayPal,Next Day Air,No,No,33,Debit Card,Monthly,,2024-01-01 00:00:00,3711,
2932,36.0,,Jewelry,Accessories,31,Alabama,M,Magenta,Fall,4.5,No,Cash,2-Day Shipping,No,No,49,Credit Card,Bi-Weekly,,2024-01-01 00:00:00,3712,
2328,20.0,Male,Skirt,Clothing,94,Alabama,M,Red,Winter,4.2,No,Credit Card,2-Day Shipping,No,No,22,Venmo,Bi-Weekly,,2024-01-01 00:00:00,3713,
294,69.0,Male,Handbag,Accessories,39,Connecticut,M,White,Spring,2.7,Yes,PayPal,Express,Yes,Yes,33,PayPal,Annually,,2024-01-01 00:00:00,3714,
767,57.0,Male,Gloves,Accessories,48,Nevada,M,Cyan,Winter,,Yes,PayPal,,Yes,Yes,13,PayPal,Monthly,,2024-01-01 00:00:00,3715,
401,39.0,Male,Boots,Footwear,66,Utah,M,Green,Winter,4.8,Yes,Venmo,Free Shipping,Yes,Yes,14,PayPal,Fortnightly,,2024-01-01 00:00:00,3716,
123,40.0,Male,Backpack,Accessories,40,Washington,L,Brown,Spring,4.8,Yes,Credit Card,2-Day Shipping,Yes,Yes,44,Cash,Fortnightly,,2024-01-01 00:00:00,3717,
3256,57.0,Female,Shorts,Clothing,40,New Jersey,M,Black,Fall,2.8,No,Cash,Next Day Air,No,No,36,Bank Transfer,Monthly,,2024-01-01 00:00:00,3718,
203,57.0,Male,Hat,Accessories,38,Nebraska,L,Magenta,Spring,2.7,Yes,Bank Transfer,Express,Yes,Yes,33,Venmo,Annually,,2024-01-01 00:00:00,3719,
3511,49.0,Female,Sneakers,Footwear,96,Pennsylvania,S,Orange,Fall,4.9,No,Credit Card,2-Day Shipping,No,No,14,Venmo,Monthly,,2024-01-01 00:00:00,3720,
836,35.0,Male,Boots,Footwear,26,Maryland,L,Indigo,Summer,2.5,Yes,Debit Card,Next Day Air,Yes,Yes,21,Debit Card,Weekly,,2024-01-01 00:00:00,3721,
2295,54.0,Male,Sunglasses,Accessories,95,Maryland,M,Red,Winter,,No,Venmo,Express,No,No,40,Debit Card,Annually,,2024-01-01 00:00:00,3722,
1440,25.0,Male,Boots,Footwear,48,New Mexico,M,Magenta,Summer,4.8,No,Credit Card,Next Day Air,Yes,Yes,25,Cash,Fortnightly,,2024-01-01 00:00:00,3723,
1734,67.0,Male,Blouse,Clothing,85,New York,L,Black,Summer,3.4,No,Bank Transfer,Express,No,No,22,Credit Card,Annually,,2024-01-01 00:00:00,3724,
1696,54.0,Male,Hat,Accessories,95,Nebraska,S,Yellow,Fall,4.7,No,Venmo,2-Day Shipping,No,No,1,PayPal,Fortnightly,,2024-01-01 00:00:00,3725,
2737,44.0,FEMALE,Hoodie,Clothing,25,Montana,M,Pink,Spring,4.8,No,PayPal,Store Pickup,No,No,45,Credit Card,Annually,,2024-01-01 00:00:00,3726,
1708,25.0,Male,Shorts,Clothing,81,,L,Maroon,Fall,4.9,No,Credit Card,2-Day Shipping,No,No,25,Cash,Bi-Weekly,,2024-01-01 00:00:00,3727,
3896,40.0,Female,Hoodie,Clothing,28,Virginia,L,Turquoise,Summer,4.2,No,Cash,2-Day Shipping,No,No,32,Venmo,Weekly,,2024-01-01 00:00:00,3728,
1154,27.0,male,Shirt,Clothing,41,Idaho,M,Pink,Summer,4.0,No,PayPal,Free Shipping,Yes,Yes,6,Bank Transfer,Quarterly,,2024-01-01 00:00:00,3729,
1662,64.0,Male,Gloves,Accessories,86,Iowa,S,Beige,Summer,2.7,No,Credit Card,2-Day Shipping,Yes,Yes,21,Debit Card,Quarterly,,2024-01-01 00:00:00,3730,
3475,41.0,Female,Pants,Clothing,82,Maine,M,Cyan,Winter,4.4,No,PayPal,Store Pickup,No,No,18,Venmo,Monthly,,2024-01-01 00:00:00,3731,
2433,59.0,Male,Jacket,Outerwear,66,Hawaii,M,Peach,Winter,2.8,No,PayPal,Store Pickup,No,No,43,Venmo,Monthly,,2024-01-01 00:00:00,3732,
3766,22.0,Female,Jewelry,Accessories,52,Missouri,M,Green,Summer,4.3,No,Cash,Standard,No,No,14,Bank Transfer,Bi-Weekly,,2024-01-01 00:00:00,3733,
1760,68.0,,Sweater,Clothing,58,Louisiana,L,Green,Spring,4.0,,Venmo,Next Day Air,No,No,1,PayPal,Weekly,,2024-01-01 00:00:00,3734,
855,21.0,,Pants,Clothing,44,California,L,Blue,Spring,4.3,Yes,Bank Transfer,Free Shipping,Yes,Yes,22,Venmo,Monthly,,2024-01-01 00:00:00,3735,
1590,42.0,,Sneakers,Footwear,72,Ohio,M,Silver,Summer,2.7,No,Venmo,Store Pickup,Yes,Yes,48,Cash,Weekly,,2024-01-01 00:00:00,3736,
2268,32.0,Male,Gloves,Accessories,49,Kentucky,S,Blue,Spring,3.8,No,Venmo,Express,No,No,37,Venmo,Weekly,,2024-01-01 00:00:00,3737,
642,47.0,Male,Blouse,Clothing,78,Alaska,M,Red,Winter,3.9,Yes,Venmo,2-Day Shipping,Yes,Yes,23,Credit Card,Every 3 Months,,2024-01-01 00:00:00,3738,
2,19.0,Male,Sweater,Clothing,64,Maine,L,Maroon,Winter,3.1,Yes,Bank Transfer,,,Yes,2,Cash,Fortnightly,,2024-01-01 00:00:00,3739,
2161,45.0,Male,Blouse,Clothing,92,West Virginia,L,Charcoal,Winter,3.3,No,Bank Transfer,Express,No,No,21,PayPal,Annually,,2024-01-01 00:00:00,3740,
699,55.0,Male,Boots,Footwear,41,Iowa,M,Yellow,Winter,3.8,Yes,PayPal,Standard,Yes,Yes,40,Debit Card,Weekly,,2024-01-01 00:00:00,3741,
2515,42.0,male,Hat,Accessories,37,Alaska,L,Teal,Spring,4.8,No,Debit Card,Free Shipping,No,No,45,PayPal,Bi-Weekly,,2024-01-01 00:00:00,3742,
3000,31.0,Female,Sunglasses,Accessories,48,New Hampshire,S,Charcoal,Winter,3.8,No,Bank Transfer,Standard,No,No,10,Cash,Monthly,,2024-01-01 00:00:00,3743,
3697,,Female,Blouse,Clothing,48,Connecticut,L,Turquoise,Fall,3.4,,Venmo,Next Day Air,No,No,26,Bank Transfer,Annually,,2024-01-01 00:00:00,3744,
1637,58.0,Male,Boots,Footwear,22,North Dakota,L,Green,Fall,4.0,No,Credit Card,Free Shipping,Yes,Yes,49,Cash,Fortnightly,,2024-01-01 00:00:00,3745,
3185,61.0,Female,Sweater,Clothing,53,Hawaii,L,Green,Spring,4.2,No,Credit Card,2-Day Shipping,,No,30,Venmo,Quarterly,,2024-01-01 00:00:00,3746,
3459,999.0,Female,Jewelry,Accessories,37,West Virginia,L,Violet,Spring,3.4,No,PayPal,Standard,No,No,24,Venmo,Quarterly,,2024-01-01 00:00:00,3747,
3458,64.0,Female,Jewelry,Accessories,87,Maryland,M,Gray,Summer,3.0,No,Bank Transfer,Express,,No,29,Cash,Fortnightly,,2024-01-01 00:00:00,3748,
3582,26.0,FEMALE,Dress,Clothing,95,Georgia,M,Orange,Fall,4.9,No,Venmo,Next Day Air,No,No,50,Credit Card,Weekly,,2024-01-01 00:00:00,3749,
1292,69.0,Male,Sandals,Footwear,68,South Dakota,S,Beige,Spring,3.2,No,Venmo,2-Day Shipping,Yes,Yes,23,Debit Card,Fortnightly,,2024-01-01 00:00:00,3750,
3899,44.0,Female,Shoes,Footwear,77,Minnesota,S,Brown,Summer,3.8,No,PayPal,Express,No,No,24,Venmo,Weekly,,2024-01-01 00:00:00,3751,
2490,66.0,Male,Coat,Outerwear,34,South Dakota,M,Green,Winter,3.9,No,Credit Card,Express,No,No,50,Venmo,Quarterly,,2024-01-01 00:00:00,3752,
1521,21.0,Male,Hat,Accessories,66,Iowa,M,Brown,Summer,4.4,No,Venmo,2-Day Shipping,Yes,Yes,39,Cash,Quarterly,,2024-01-01 00:00:00,3753,
1854,29.0,Male,Blouse,Clothing,67,North Dakota,XL,Olive,Spring,2.9,No,Bank Transfer,Express,No,No,11,PayPal,Fortnightly,,2024-01-01 00:00:00,3754,
1137,23.0,male,Handbag,Accessories,83,Illinois,S,Cyan,Summer,4.8,No,Debit Card,Free Shipping,Yes,Yes,37,Cash,Monthly,,2024-01-01 00:00:00,3755,
3305,30.0,Female,Handbag,Accessories,79,Mississippi,XL,Orange,Fall,4.8,No,Debit Card,Next Day Air,No,No,36,Bank Transfer,Every 3 Months,,2024-01-01 00:00:00,3756,
3879,60.0,,Hat,Accessories,42,South Carolina,M,Pink,Summer,3.4,No,Venmo,2-Day Shipping,No,No,24,Credit Card,Annually,,2024-01-01 00:00:00,3757,
1632,65.0,male,Sweater,Clothing,36,Indiana,L,Violet,Summer,,No,PayPal,2-Day Shipping,Yes,Yes,7,Bank Transfer,Fortnightly,,2024-01-01 00:00:00,3758,
3744,62.0,Female,Pants,Clothing,28,Idaho,L,Cyan,Fall,3.6,No,Credit Card,Free Shipping,No,No,36,Debit Card,Quarterly,,2024-01-01 00:00:00,3759,
3446,42.0,FEMALE,Hat,Accessories,58,,M,Magenta,Fall,4.9,No,Venmo,Standard,No,No,3,Debit Card,Annually,,2024-01-01 00:00:00,3760,
1999,20.0,male,Pants,Clothing,45,Vermont,M,Orange,Fall,3.4,No,Debit Card,2-Day Shipping,No,No,19,Cash,Quarterly,,2024-01-01 00:00:00,3761,
664,59.0,Male,Dress,Clothing,83,Alaska,M,Charcoal,Fall,4.7,Yes,Cash,Express,Yes,Yes,23,Credit Card,Monthly,,2024-01-01 00:00:00,3762,
684,33.0,male,Sandals,Footwear,36,Michigan,S,Violet,Winter,2.7,,Venmo,Free Shipping,Yes,Yes,3,Bank Transfer,Monthly,,2024-01-01 00:00:00,3763,
1258,68.0,Male,Dress,Clothing,67,Minnesota,L,Gold,Spring,,No,Cash,Free Shipping,Yes,Yes,31,Cash,Every 3 Months,,2024-01-01 00:00:00,3764,
3782,52.0,Female,Boots,Footwear,99,Tennessee,M,Pink,Winter,3.7,No,Venmo,Standard,No,No,40,PayPal,Fortnightly,,2024-01-01 00:00:00,3765,
3749,34.0,Female,Backpack,Accessories,25,Delaware,M,Violet,Fall,,No,PayPal,2-Day Shipping,No,No,3,Venmo,Annually,,2024-01-01 00:00:00,3766,
318,58.0,male,Sweater,Clothing,82,West Virginia,L,Teal,Fall,4.3,Yes,Bank Transfer,Standard,Yes,Yes,42,Cash,Every 3 Months,,2024-01-01 00:00:00,3767,
649,22.0,Male,Hoodie,Clothing,31,Michigan,M,Brown,Winter,4.1,Yes,Bank Transfer,Store Pickup,Yes,Yes,35,Credit Card,Weekly,,2024-01-01 00:00:00,3768,
1435,59.0,Male,Sweater,Clothing,64,New York,L,Maroon,Summer,4.6,No,PayPal,Free Shipping,Yes,Yes,21,Debit Card,Bi-Weekly,,2024-01-01 00:00:00,3769,
1480,48.0,Male,Coat,Outerwear,100,Washington,L,Black,Spring,4.0,No,Debit Card,Standard,Yes,Yes,2,Bank Transfer,Weekly,,2024-01-01 00:00:00,3770,
710,49.0,Male,Jacket,Outerwear,79,Massachusetts,L,Charcoal,Summer,,Yes,Debit Card,Standard,Yes,Yes,23,Debit Card,Monthly,,2024-01-01 00:00:00,3771,
3431,67.0,Female,Socks,Clothing,73,Montana,M,Lavender,Winter,4.2,No,Credit Card,Next Day Air,No,No,17,Bank Transfer,Every 3 Months,,2024-01-01 00:00:00,3772,
1283,24.0,Male,Shirt,Clothing,68,New Hampshire,L,Violet,Winter,3.0,No,Debit Card,Free Shipping,Yes,Yes,20,Venmo,Monthly,,2024-01-01 00:00:00,3773,
1769,25.0,,Sandals,Footwear,45,Nebraska,M,Indigo,Summer,3.9,No,Venmo,2-Day Shipping,No,No,2,PayPal,Every 3 Months,,2024-01-01 00:00:00,3774,
973,61.0,Male,Sneakers,Footwear,61,Colorado,L,Gold,Winter,3.0,Yes,Venmo,Standard,,Yes,33,Credit Card,Weekly,,2024-01-01 00:00:00,3775,
2676,24.0,Female,Shorts,Clothing,38,Virginia,M,Peach,Winter,3.4,No,Cash,Free Shipping,No,No,38,Cash,Bi-Weekly,,2024-01-01 00:00:00,3776,
2681,44.0,Female,Socks,Clothing,37,Nebraska,L,Indigo,Fall,3.3,No,PayPal,,No,No,21,Venmo,Annually,,2024-01-01 00:00:00,3777,
1307,54.0,male,Sweater,Clothing,33,Alaska,L,Brown,Winter,,No,Cash,Next Day Air,Yes,Yes,40,PayPal,Annually,,2024-01-01 00:00:00,3778,
1401,36.0,Male,Backpack,Accessories,23,Nevada,M,Red,Fall,3.6,No,Venmo,Next Day Air,Yes,Yes,22,Credit Card,Every 3 Months,,2024-01-01 00:00:00,3779,
1409,58.0,Male,Blouse,Clothing,58,Maine,M,Yellow,Winter,4.1,No,Debit Card,,Yes,Yes,38,Venmo,Weekly,,2024-01-01 00:00:00,3780,
3297,20.0,Female,Blouse,Clothing,23,Alaska,M,Green,Spring,4.2,No,PayPal,Next Day Air,No,No,47,Venmo,Quarterly,,2024-01-01 00:00:00,3781,
2238,,Male,Sandals,Footwear,34,Alabama,S,Black,Summer,3.8,No,Bank Transfer,Next Day Air,No,No,31,Venmo,Every 3 Months,,2024-01-01 00:00:00,3782,
3303,36.0,Female,Blouse,Clothing,82,Alabama,XL,Beige,Winter,,No,Venmo,Standard,No,No,31,Venmo,Bi-Weekly,,2024-01-01 00:00:00,3783,
1497,63.0,Male,T-shirt,Clothing,98,Idaho,M,Purple,Winter,5.0,No,Credit Card,Standard,Yes,Yes,9,Venmo,Bi-Weekly,,2024-01-01 00:00:00,3784,
3420,23.0,Female,Jewelry,Accessories,26,West Virginia,L,Indigo,Winter,3.1,No,Venmo,Store Pickup,No,No,5,Venmo,Bi-Weekly,,2024-01-01 00:00:00,3785,
2039,53.0,Male,Blouse,Clothing,70,Arkansas,L,Orange,Spring,4.4,No,Debit Card,Next Day Air,No,No,35,Credit Card,Fortnightly,,2024-01-01 00:00:00,3786,
1530,20.0,Male,Backpack,Accessories,63,Georgia,M,Lavender,Winter,3.1,No,Venmo,Free Shipping,Yes,Yes,48,Credit Card,Bi-Weekly,,2024-01-01 00:00:00,3787,
1664,43.0,Male,Shirt,Clothing,22,Maine,XL,Gold,Summer,3.5,No,Cash,,Yes,Yes,1,Cash,Bi-Weekly,,2024-01-01 00:00:00,3788,
1355,64.0,Male,Backpack,Accessories,42,Maryland,M,Gray,Spring,3.6,No,Debit Card,2-Day Shipping,Yes,Yes,21,Bank Transfer,Quarterly,,2024-01-01 00:00:00,3789,
3888,40.0,Female,Shirt,Clothing,34,Kansas,M,Charcoal,Spring,2.7,No,PayPal,Express,No,No,1,Credit Card,Quarterly,,2024-01-01 00:00:00,3790,
3854,61.0,Female,Sunglasses,Accessories,76,Tennessee,M,Lavender,Fall,4.0,No,Bank Transfer,Store Pickup,No,No,49,Debit Card,Bi-Weekly,,2024-01-01 00:00:00,3791,
3628,39.0,Female,Belt,Accessories,54,Delaware,M,Silver,Winter,,No,Credit Card,Next Day Air,No,No,48,Cash,Every 3 Months,,2024-01-01 00:00:00,3792,
1644,38.0,Male,Scarf,Accessories,77,,L,Pink,Summer,3.9,No,PayPal,2-Day Shipping,Yes,Yes,6,PayPal,Monthly,,2024-01-01 00:00:00,3793,
1052,,male,Socks,Clothing,53,Ohio,M,Indigo,Fall,,Yes,PayPal,Free Shipping,Yes,Yes,39,PayPal,Annually,,2024-01-01 00:00:00,3794,
796,39.0,Male,Sandals,Footwear,26,New York,M,Beige,Summer,4.6,Yes,Cash,Store Pickup,Yes,Yes,34,Venmo,Annually,,2024-01-01 00:00:00,3795,
2694,55.0,Female,Boots,Footwear,70,Hawaii,L,Lavender,Summer,2.6,No,Debit Card,Standard,No,No,46,Cash,Quarterly,,2024-01-01 00:00:00,3796,
3061,47.0,FEMALE,Coat,Outerwear,80,California,S,Charcoal,Summer,4.7,No,Credit Card,Store Pickup,No,No,1,Venmo,Monthly,,2024-01-01 00:00:00,3797,
1598,43.0,Male,Hat,Accessories,21,Mississippi,XL,Maroon,Winter,2.6,No,Debit Card,Store Pickup,Yes,Yes,34,Bank Transfer,Quarterly,,2024-01-01 00:00:00,3798,
2605,47.0,male,Sweater,Clothing,54,Colorado,M,Beige,Spring,3.4,No,Credit Card,Store Pickup,No,No,6,Debit Card,Weekly,,2024-01-01 00:00:00,3799,
2730,31.0,Female,Gloves,Accessories,71,Montana,S,Violet,Summer,4.1,No,Debit Card,Free Shipping,No,No,32,Credit Card,Monthly,,2024-01-01 00:00:00,3800,
2626,30.0,male,Skirt,Clothing,51,Colorado,L,Cyan,Summer,2.7,No,Bank Transfer,Standard,No,No,31,Credit Card,Weekly,,2024-01-01 00:00:00,3801,
1820,51.0,Male,Socks,Clothing,86,Nevada,S,Peach,Spring,4.5,No,Cash,Next Day Air,No,No,50,Cash,Quarterly,,2024-01-01 00:00:00,3802,
3158,21.0,Female,Belt,Accessories,34,Maine,L,Red,Fall,3.1,No,Bank Transfer,Store Pickup,No,No,5,Debit Card,Fortnightly,,2024-01-01 00:00:00,3803,
3315,55.0,Female,Socks,Clothing,94,Kansas,M,Violet,Spring,3.3,No,PayPal,Standard,No,No,8,Credit Card,Quarterly,,2024-01-01 00:00:00,3804,
1723,46.0,male,T-shirt,Clothing,51,Massachusetts,L,Violet,Summer,3.3,No,Cash,Standard,No,No,14,Cash,Fortnightly,,2024-01-01 00:00:00,3805,
1184,23.0,,Pants,Clothing,39,Louisiana,M,Yellow,Spring,4.5,No,PayPal,2-Day Shipping,Yes,Yes,4,Credit Card,Weekly,,2024-01-01 00:00:00,3806,
2573,54.0,Male,Blouse,Clothing,42,,M,Silver,Fall,3.9,No,Debit Card,Next Day Air,No,No,40,Bank Transfer,Quarterly,,2024-01-01 00:00:00,3807,
1060,22.0,Male,Jacket,Outerwear,34,North Carolina,M,Beige,Winter,2.5,No,Venmo,Standard,Yes,Yes,25,Debit Card,Monthly,,2024-01-01 00:00:00,3808,
541,49.0,Male,Dress,Clothing,37,South Carolina,M,Lavender,Spring,3.1,Yes,Venmo,Next Day Air,Yes,Yes,33,Cash,Every 3 Months,,2024-01-01 00:00:00,3809,
3243,45.0,FEMALE,Socks,Clothing,74,Oregon,S,Beige,Fall,2.8,No,Cash,Express,No,No,17,Venmo,Weekly,,2024-01-01 00:00:00,3810,
1679,41.0,male,Pants,Clothing,71,Ohio,S,Magenta,Summer,4.8,No,PayPal,2-Day Shipping,No,No,30,Venmo,Fortnightly,,2024-01-01 00:00:00,3811,
2797,55.0,Female,Jacket,Outerwear,73,Oklahoma,M,Red,Winter,3.8,No,Cash,Store Pickup,No,No,21,Cash,Annually,,2024-01-01 00:00:00,3812,
3867,58.0,Female,Hat,Accessories,32,Alaska,M,Beige,Winter,3.3,No,Venmo,2-Day Shipping,No,No,33,Credit Card,Fortnightly,,2024-01-01 00:00:00,3813,
3479,36.0,Female,Handbag,Accessories,57,Arizona,M,Magenta,Fall,4.6,No,PayPal,Store Pickup,No,No,42,PayPal,Quarterly,,2024-01-01 00:00:00,3814,
2533,55.0,Male,Socks,Clothing,86,Nebraska,S,Charcoal,Summer,2.6,No,PayPal,Next Day Air,No,No,4,Debit Card,Weekly,,2024-01-01 00:00:00,3815,
1758,19.0,Male,Dress,Clothing,94,Michigan,L,Yellow,Fall,3.6,No,Bank Transfer,Standard,No,No,48,Debit Card,Annually,,2024-01-01 00:00:00,3816,
1924,64.0,Male,Sandals,Footwear,36,Nebraska,XL,Blue,Summer,4.3,No,PayPal,Standard,No,No,7,Cash,Annually,,2024-01-01 00:00:00,3817,
96,37.0,Male,Sneakers,Footwear,-1,Missouri,L,Pink,Fall,3.8,Yes,PayPal,Free Shipping,,Yes,48,PayPal,Monthly,,2024-01-01 00:00:00,3818,
1021,24.0,Male,Scarf,Accessories,95,Delaware,M,Black,Fall,4.5,Yes,Bank Transfer,Express,Yes,Yes,41,Debit Card,Annually,,2024-01-01 00:00:00,3819,
564,61.0,Male,Shoes,Footwear,99,,M,Black,Fall,4.4,Yes,PayPal,Standard,Yes,Yes,16,Debit Card,Quarterly,,2024-01-01 00:00:00,3820,
3313,55.0,Female,Sneakers,Footwear,75,Louisiana,L,Black,Summer,3.9,No,Venmo,Next Day Air,No,No,45,Cash,Quarterly,,2024-01-01 00:00:00,3821,
2791,34.0,Female,Socks,Clothing,63,Maine,M,Black,Spring,4.5,No,Cash,Free Shipping,No,No,24,Debit Card,Annually,,2024-01-01 00:00:00,3822,
864,49.0,Male,Sneakers,Footwear,41,Vermont,M,Cyan,Summer,3.9,Yes,PayPal,,Yes,Yes,42,PayPal,Fortnightly,,2024-01-01 00:00:00,3823,
3647,69.0,Female,Jewelry,Accessories,68,Nevada,M,Maroon,Spring,5.0,No,Credit Card,2-Day Shipping,No,No,39,Debit Card,Fortnightly,,2024-01-01 00:00:00,3824,
3763,65.0,Female,Shorts,Clothing,94,New York,L,Green,Fall,,No,Venmo,Store Pickup,No,No,13,PayPal,Annually,,2024-01-01 00:00:00,3825,
1485,49.0,male,Shorts,Clothing,46,,M,Teal,Summer,4.4,No,Cash,Store Pickup,Yes,Yes,22,Venmo,Every 3 Months,,2024-01-01 00:00:00,3826,
2940,32.0,,Sweater,Clothing,46,Kentucky,M,Beige,Winter,4.3,No,PayPal,Express,No,No,34,Venmo,Weekly,,2024-01-01 00:00:00,3827,
3626,44.0,Female,Scarf,Accessories,99,Illinois,L,Green,Winter,4.4,No,Debit Card,Express,No,No,32,PayPal,Weekly,,2024-01-01 00:00:00,3828,
1882,58.0,Male,Blouse,Clothing,41,,M,Red,Winter,4.3,No,Bank Transfer,Standard,No,No,13,Cash,Bi-Weekly,,2024-01-01 00:00:00,3829,
1039,41.0,Male,Pants,Clothing,74,Nebraska,XL,Cyan,Fall,3.0,Yes,Bank Transfer,Express,Yes,Yes,3,Bank Transfer,Weekly,,2024-01-01 00:00:00,3830,
207,24.0,Male,T-shirt,Clothing,55,Wisconsin,L,Silver,Summer,4.2,Yes,Venmo,Free Shipping,Yes,Yes,6,Venmo,Fortnightly,,2024-01-01 00:00:00,3831,
393,26.0,male,T-shirt,Clothing,82,Idaho,XL,Black,Spring,,Yes,PayPal,Next Day Air,Yes,Yes,38,Credit Card,Annually,,2024-01-01 00:00:00,3832,
2843,28.0,,Coat,Outerwear,100,Arizona,L,Green,Fall,4.3,No,Cash,Standard,No,No,48,Debit Card,Quarterly,,2024-01-01 00:00:00,3833,
871,66.0,Male,Hoodie,Clothing,66,West Virginia,M,Blue,Fall,2.5,Yes,Cash,Standard,Yes,Yes,6,Bank Transfer,Bi-Weekly,,2024-01-01 00:00:00,3834,
398,22.0,Male,Belt,Accessories,46,Mississippi,M,Indigo,Fall,3.0,Yes,Venmo,Free Shipping,Yes,Yes,26,Cash,Annually,,2024-01-01 00:00:00,3835,
2815,31.0,Female,T-shirt,Clothing,32,Minnesota,L,Gold,Winter,3.6,No,Venmo,Standard,,No,14,Bank Transfer,Monthly,,2024-01-01 00:00:00,3836,
3856,40.0,Female,Shirt,Clothing,61,Illinois,XL,Lavender,Summer,4.4,No,Debit Card,Next Day Air,No,No,36,Cash,Quarterly,,2024-01-01 00:00:00,3837,
3290,31.0,Female,Backpack,Accessories,50,Montana,M,Maroon,Summer,4.0,No,Venmo,2-Day Shipping,No,No,16,Venmo,Every 3 Months,,2024-01-01 00:00:00,3838,
1029,45.0,Male,Hoodie,Clothing,36,,S,Lavender,Summer,3.7,Yes,Venmo,Standard,Yes,Yes,4,Cash,Fortnightly,,2024-01-01 00:00:00,3839,
3841,30.0,FEMALE,Jeans,Clothing,42,Idaho,M,Turquoise,Spring,3.7,No,Debit Card,Express,No,No,5,Venmo,Fortnightly,,2024-01-01 00:00:00,3840,
2691,,Female,Belt,Accessories,32,New Mexico,L,Yellow,Summer,4.7,No,Venmo,Free Shipping,No,No,18,Bank Transfer,Weekly,,2024-01-01 00:00:00,3841,
1486,22.0,Male,Gloves,Accessories,56,Nebraska,L,Red,Spring,3.4,,Bank Transfer,Standard,Yes,Yes,3,Cash,Fortnightly,,2024-01-01 00:00:00,3842,
2661,24.0,Female,Pants,Clothing,85,South Carolina,L,Yellow,Spring,,No,Debit Card,Express,No,No,44,Venmo,Annually,,2024-01-01 00:00:00,3843,
3811,46.0,Female,Skirt,Clothing,79,Wisconsin,L,Peach,Fall,3.9,No,Debit Card,Free Shipping,No,No,29,Venmo,Monthly,,2024-01-01 00:00:00,3844,
961,18.0,Male,Jewelry,Accessories,48,Louisiana,XL,Indigo,Spring,,Yes,Debit Card,Standard,Yes,Yes,20,Venmo,Quarterly,,2024-01-01 00:00:00,3845,
1571,30.0,Male,Pants,Clothing,41,Missouri,L,Brown,Winter,4.8,No,Debit Card,Next Day Air,Yes,Yes,3,Bank Transfer,Every 3 Months,,2024-01-01 00:00:00,3846,
2774,39.0,Female,Pants,Clothing,98,,S,Maroon,Spring,4.6,,Credit Card,Express,,No,45,Bank Transfer,Quarterly,,2024-01-01 00:00:00,3847,
1896,31.0,Male,Jeans,Clothing,61,Washington,L,Indigo,Fall,4.5,No,Debit Card,Express,No,No,3,Debit Card,Monthly,,2024-01-01 00:00:00,3848,
2732,52.0,,Handbag,Accessories,33,Wisconsin,M,Red,Summer,2.5,No,PayPal,2-Day Shipping,,No,44,Bank Transfer,Quarterly,,2024-01-01 00:00:00,3849,
2147,48.0,Male,Sunglasses,Accessories,23,Utah,XL,White,Summer,4.6,No,Debit Card,Standard,No,No,45,PayPal,Every 3 Months,,2024-01-01 00:00:00,3850,
805,43.0,Male,Boots,Footwear,47,Mississippi,M,Maroon,Summer,2.6,Yes,Cash,Store Pickup,Yes,Yes,28,Venmo,Quarterly,,2024-01-01 00:00:00,3851,
1752,57.0,male,Sweater,Clothing,40,Ohio,M,Silver,Winter,,No,PayPal,2-Day Shipping,No,No,34,Cash,Annually,,2024-01-01 00:00:00,3852,
3646,38.0,FEMALE,Backpack,Accessories,90,Colorado,L,Silver,Summer,3.4,No,Credit Card,Free Shipping,No,No,31,Credit Card,Every 3 Months,,2024-01-01 00:00:00,3853,
2455,32.0,Male,Gloves,Accessories,72,Alaska,M,Magenta,Winter,,No,Bank Transfer,Express,No,No,33,Venmo,Annually,,2024-01-01 00:00:00,3854,
503,59.0,Male,Pants,Clothing,30,South Carolina,S,Cyan,Fall,2.8,Yes,Cash,Express,Yes,Yes,8,PayPal,Fortnightly,,2024-01-01 00:00:00,3855,
3120,63.0,Female,Sandals,Footwear,79,Louisiana,XL,Silver,Winter,4.7,No,Cash,2-Day Shipping,No,No,21,Credit Card,Every 3 Months,,2024-01-01 00:00:00,3856,
3105,43.0,Female,Pants,Clothing,56,Georgia,S,Turquoise,Summer,5.0,No,PayPal,2-Day Shipping,No,No,41,Debit Card,Fortnightly,,2024-01-01 00:00:00,3857,
2978,38.0,FEMALE,Shorts,Clothing,47,Washington,L,Gold,Winter,3.4,No,PayPal,Standard,,No,20,Venmo,Annually,,2024-01-01 00:00:00,3858,
780,60.0,Male,Dress,Clothing,94,Utah,M,Blue,Spring,4.6,Yes,Credit Card,Express,,Yes,38,Cash,Annually,,2024-01-01 00:00:00,3859,
1864,25.0,Male,Sandals,Footwear,21,Connecticut,L,Orange,Spring,4.3,,Venmo,2-Day Shipping,No,No,39,Debit Card,Monthly,,2024-01-01 00:00:00,3860,
201,25.0,Male,Dress,Clothing,61,Pennsylvania,S,Teal,Summer,3.3,,PayPal,Next Day Air,Yes,Yes,29,Venmo,Monthly,,2024-01-01 00:00:00,3861,
2183,42.0,Male,Blouse,Clothing,99,New Mexico,M,Maroon,Winter,,No,Cash,Store Pickup,No,No,26,Venmo,Bi-Weekly,,2024-01-01 00:00:00,3862,
3100,42.0,Female,Shirt,Clothing,98,Michigan,S,Maroon,Fall,,No,Venmo,Free Shipping,No,No,21,Bank Transfer,Bi-Weekly,,2024-01-01 00:00:00,3863,
2089,39.0,Male,Sandals,Footwear,89,California,L,Orange,Spring,4.0,No,Cash,Standard,No,No,49,Debit Card,Annually,,2024-01-01 00:00:00,3864,
3066,49.0,Female,Jacket,Outerwear,59,North Dakota,M,Beige,Fall,2.8,No,Debit Card,Store Pickup,No,No,7,Venmo,Bi-Weekly,,2024-01-01 00:00:00,3865,
2279,61.0,Male,Gloves,Accessories,25,Maryland,M,Maroon,Fall,3.8,No,Cash,Store Pickup,No,No,6,Cash,Every 3 Months,,2024-01-01 00:00:00,3866,
3562,63.0,Female,Sneakers,Footwear,29,North Carolina,L,Black,Spring,3.4,No,Cash,Standard,No,No,39,Credit Card,Fortnightly,,2024-01-01 00:00:00,3867,
1797,62.0,Male,Skirt,Clothing,35,South Carolina,S,Brown,Spring,3.1,No,Debit Card,Store Pickup,No,No,34,Venmo,Weekly,,2024-01-01 00:00:00,3868,
379,54.0,Male,Dress,Clothing,62,Nevada,L,Orange,Winter,4.9,Yes,Cash,Next Day Air,Yes,Yes,23,Credit Card,Monthly,,2024-01-01 00:00:00,3869,
2337,19.0,Male,Belt,Accessories,94,California,M,Green,Winter,3.1,No,Cash,Free Shipping,No,No,11,Credit Card,Weekly,,2024-01-01 00:00:00,3870,
419,18.0,Male,Sweater,Clothing,73,Illinois,L,Purple,Spring,3.0,Yes,Cash,Standard,Yes,Yes,27,Venmo,Bi-Weekly,,2024-01-01 00:00:00,3871,
1699,25.0,Male,Belt,Accessories,41,Iowa,XL,Turquoise,Winter,4.8,No,Credit Card,Standard,No,No,46,Bank Transfer,Quarterly,,2024-01-01 00:00:00,3872,
392,37.0,Male,Sweater,Clothing,86,,L,Gray,Spring,4.8,Yes,Cash,Standard,Yes,Yes,25,Cash,Fortnightly,,2024-01-01 00:00:00,3873,
2641,,Male,Skirt,Clothing,75,Indiana,L,Olive,Summer,4.0,No,Debit Card,Store Pickup,No,No,45,Venmo,Bi-Weekly,,2024-01-01 00:00:00,3874,
1523,38.0,,Shorts,Clothing,72,Tennessee,L,Yellow,Spring,4.8,No,Venmo,Free Shipping,Yes,Yes,5,Debit Card,Monthly,,2024-01-01 00:00:00,3875,
1163,47.0,Male,Sandals,Footwear,92,North Carolina,M,Blue,Winter,4.2,No,Venmo,Express,Yes,Yes,13,PayPal,Weekly,,2024-01-01 00:00:00,3876,
3135,35.0,Female,Boots,Footwear,66,Kentucky,L,Gray,Spring,4.4,No,Venmo,Store Pickup,No,No,47,Bank Transfer,Weekly,,2024-01-01 00:00:00,3877,
1496,45.0,Male,Jewelry,Accessories,23,Rhode Island,M,Brown,Winter,4.5,No,PayPal,Next Day Air,Yes,Yes,6,PayPal,Weekly,,2024-01-01 00:00:00,3878,
2696,50.0,FEMALE,Hat,Accessories,92,,M,Orange,Fall,3.6,No,Debit Card,Standard,No,No,10,PayPal,Bi-Weekly,,2024-01-01 00:00:00,3879,
2028,50.0,Male,Shoes,Footwear,73,Nebraska,S,Gold,Fall,4.8,No,Venmo,Standard,No,No,50,Credit Card,Every 3 Months,,2024-01-01 00:00:00,3880,
1153,62.0,male,Handbag,Accessories,49,Connecticut,M,Gold,Fall,4.0,No,Cash,Standard,Yes,Yes,8,PayPal,Every 3 Months,,2024-01-01 00:00:00,3881,
1368,60.0,male,Belt,Accessories,63,,S,Black,Fall,3.8,No,Venmo,Express,,Yes,25,Cash,Quarterly,,2024-01-01 00:00:00,3882,
2569,52.0,Male,T-shirt,Clothing,98,Texas,XL,Green,Winter,4.3,No,Cash,Express,No,No,29,PayPal,Fortnightly,,2024-01-01 00:00:00,3883,
65,65.0,Male,Boots,Footwear,83,,S,Green,Fall,4.8,Yes,PayPal,Standard,Yes,Yes,18,Debit Card,Fortnightly,,2024-01-01 00:00:00,3884,
3885,47.0,Female,Sandals,Footwear,29,Maryland,M,Brown,Fall,4.9,No,Debit Card,Express,No,No,3,PayPal,Weekly,,2024-01-01 00:00:00,3885,
2063,54.0,Male,Coat,Outerwear,63,South Carolina,L,Silver,Fall,2.8,No,PayPal,Standard,No,No,15,Cash,Quarterly,,2024-01-01 00:00:00,3886,
1181,23.0,Male,Skirt,Clothing,23,Oregon,S,Beige,Spring,,No,Cash,Standard,Yes,Yes,34,Cash,Monthly,,2024-01-01 00:00:00,3887,
3113,19.0,Female,Blouse,Clothing,97,Texas,S,Green,Fall,3.8,No,Cash,Express,No,No,26,Venmo,Annually,,2024-01-01 00:00:00,3888,
493,50.0,Male,Shirt,Clothing,62,Michigan,M,Black,Fall,3.9,Yes,PayPal,Standard,Yes,Yes,11,Debit Card,Weekly,,2024-01-01 00:00:00,3889,
380,32.0,Male,T-shirt,Clothing,29,Montana,S,Magenta,Fall,4.7,Yes,Debit Card,2-Day Shipping,Yes,Yes,46,Debit Card,Bi-Weekly,,2024-01-01 00:00:00,3890,
2236,40.0,male,Socks,Clothing,82,Illinois,M,Gray,Spring,4.5,No,Credit Card,2-Day Shipping,No,No,44,Credit Card,Annually,,2024-01-01 00:00:00,3891,
764,61.0,,Sweater,Clothing,50,North Carolina,M,Brown,Spring,2.9,Yes,Debit Card,2-Day Shipping,Yes,Yes,6,Credit Card,Monthly,,2024-01-01 00:00:00,3892,
2265,51.0,,Hat,Accessories,92,North Dakota,M,Turquoise,Summer,3.9,No,Bank Transfer,2-Day Shipping,No,No,50,PayPal,Monthly,,2024-01-01 00:00:00,3893,
792,50.0,Male,Scarf,Accessories,44,North Carolina,S,Magenta,Summer,3.1,Yes,Credit Card,2-Day Shipping,Yes,Yes,35,PayPal,Fortnightly,,2024-01-01 00:00:00,3894,
1077,33.0,Male,Coat,Outerwear,72,North Dakota,L,Charcoal,Spring,2.9,No,Bank Transfer,Standard,Yes,Yes,47,Venmo,Bi-Weekly,,2024-01-01 00:00:00,3895,
879,23.0,Male,Sunglasses,Accessories,89,Tennessee,S,Black,Summer,,,Cash,Express,Yes,Yes,37,Debit Card,Weekly,,2024-01-01 00:00:00,3896,
338,32.0,Male,Sweater,Clothing,59,New Mexico,M,Cyan,Winter,,Yes,Cash,2-Day Shipping,Yes,Yes,16,Bank Transfer,Annually,,2024-01-01 00:00:00,3897,
3821,34.0,Female,Belt,Accessories,65,New Hampshire,M,Purple,Winter,5.0,No,Credit Card,Standard,No,No,34,Debit Card,Quarterly,,2024-01-01 00:00:00,3898,
2768,31.0,Female,Dress,Clothing,95,Iowa,M,Green,Spring,4.5,No,Credit Card,Free Shipping,No,No,31,Cash,Monthly,,2024-01-01 00:00:00,3899,
3797,40.0,FEMALE,Shorts,Clothing,81,Utah,M,Lavender,Fall,3.2,No,Credit Card,Free Shipping,No,No,47,Bank Transfer,Quarterly,,2024-01-01 00:00:00,3900,
2344,58.0,male,Socks,Clothing,49,Maryland,M,Red,Summer,4.4,No,Venmo,2-Day Shipping,No,No,44,PayPal,Monthly,,2024-01-01 00:00:00,3901,
3774,25.0,Female,Sweater,Clothing,60,Wisconsin,M,Violet,Summer,3.5,No,Bank Transfer,Store Pickup,No,No,41,Cash,Quarterly,,2024-01-01 00:00:00,3902,
1017,20.0,male,Belt,Accessories,30,Idaho,XL,Blue,Summer,3.4,Yes,Cash,Express,Yes,Yes,15,Bank Transfer,Every 3 Months,,2024-01-01 00:00:00,3903,
1276,55.0,Male,Sweater,Clothing,32,Arkansas,S,Turquoise,Fall,4.5,No,PayPal,Standard,Yes,Yes,1,PayPal,Monthly,,2024-01-01 00:00:00,3904,
3799,63.0,FEMALE,Jewelry,Accessories,72,Rhode Island,S,Brown,Winter,3.2,No,Credit Card,Next Day Air,No,No,23,Credit Card,Annually,,2024-01-01 00:00:00,3905,
3534,50.0,Female,Sneakers,Footwear,98,Texas,L,Yellow,Fall,,No,Venmo,Standard,No,No,30,Venmo,Fortnightly,,2024-01-01 00:00:00,3906,
456,54.0,male,Blouse,Clothing,100,Utah,XL,Gold,Fall,3.6,Yes,Credit Card,Store Pickup,Yes,Yes,50,Debit Card,Fortnightly,,2024-01-01 00:00:00,3907,
3343,66.0,Female,Jacket,Outerwear,81,,M,Violet,Spring,3.8,No,Credit Card,,No,No,45,Credit Card,Weekly,,2024-01-01 00:00:00,3908,
816,30.0,Male,Hat,Accessories,84,West Virginia,L,Teal,Spring,3.0,Yes,Cash,Next Day Air,Yes,Yes,27,Venmo,Bi-Weekly,,2024-01-01 00:00:00,3909,
2318,,Male,Jacket,Outerwear,34,New Jersey,M,Purple,Summer,4.7,No,Debit Card,Next Day Air,No,No,28,Bank Transfer,Monthly,,2024-01-01 00:00:00,3910,
996,44.0,Male,Jewelry,Accessories,80,Idaho,M,Magenta,Spring,3.0,Yes,Venmo,2-Day Shipping,Yes,Yes,10,Venmo,Weekly,,2024-01-01 00:00:00,3911,
1982,,Male,Shoes,Footwear,91,Michigan,L,Violet,Summer,4.7,No,Cash,Express,No,No,42,PayPal,Quarterly,,2024-01-01 00:00:00,3912,
202,69.0,Male,Blouse,Clothing,22,Missouri,S,Beige,Fall,4.3,Yes,Bank Transfer,Free Shipping,Yes,Yes,15,Bank Transfer,Annually,,2024-01-01 00:00:00,3913,
162,65.0,Male,Backpack,Accessories,49,North Dakota,M,Olive,Fall,3.0,Yes,Venmo,Express,Yes,Yes,29,Venmo,Fortnightly,,2024-01-01 00:00:00,3914,
1580,35.0,Male,Jacket,Outerwear,80,Oklahoma,M,Violet,Summer,3.1,No,Cash,Free Shipping,Yes,Yes,6,Bank Transfer,Monthly,,2024-01-01 00:00:00,3915,
2778,52.0,Female,Blouse,Clothing,24,Idaho,M,Magenta,Fall,4.8,No,Debit Card,Standard,No,No,28,Credit Card,Every 3 Months,,2024-01-01 00:00:00,3916,
2450,26.0,Male,Coat,Outerwear,56,Alabama,S,Violet,Fall,4.1,No,Debit Card,Express,,No,31,Venmo,Fortnightly,,2024-01-01 00:00:00,3917,
703,18.0,Male,Shirt,Clothing,71,Montana,M,White,Winter,3.4,Yes,Bank Transfer,Store Pickup,Yes,Yes,1,Cash,Weekly,,2024-01-01 00:00:00,3918,
1501,63.0,Male,Jeans,Clothing,69,Alabama,L,Maroon,Summer,4.8,No,Venmo,Next Day Air,Yes,Yes,22,Debit Card,Monthly,,2024-01-01 00:00:00,3919,
3894,21.0,FEMALE,Hat,Accessories,64,,L,White,Fall,3.3,No,Bank Transfer,Store Pickup,No,No,29,Bank Transfer,Bi-Weekly,,2024-01-01 00:00:00,3920,
3844,64.0,FEMALE,Hat,Accessories,71,Georgia,L,Silver,Winter,4.0,No,Venmo,Free Shipping,No,No,48,Venmo,Every 3 Months,,2024-01-01 00:00:00,3921,
1130,37.0,Male,Hoodie,Clothing,65,New Hampshire,XL,White,Winter,4.7,No,Credit Card,Express,Yes,Yes,46,Venmo,Fortnightly,,2024-01-01 00:00:00,3922,
2614,58.0,Male,Gloves,Accessories,88,South Dakota,M,Gold,Fall,2.9,No,Cash,Express,No,No,14,Bank Transfer,Monthly,,2024-01-01 00:00:00,3923,
3462,51.0,Female,Shoes,Footwear,23,Wyoming,S,Maroon,Spring,4.4,No,Venmo,Standard,No,No,47,Cash,Quarterly,,2024-01-01 00:00:00,3924,
1022,,Male,Coat,Outerwear,51,Massachusetts,S,Lavender,Winter,4.9,Yes,Credit Card,2-Day Shipping,Yes,Yes,39,PayPal,Weekly,,2024-01-01 00:00:00,3925,
3074,58.0,Female,Shirt,Clothing,63,Oregon,L,White,Winter,3.6,No,PayPal,Free Shipping,No,No,7,Debit Card,Bi-Weekly,,2024-01-01 00:00:00,3926,
3460,68.0,Female,Hoodie,Clothing,37,Ohio,L,Green,Fall,3.8,No,Venmo,Express,,No,21,PayPal,Annually,,2024-01-01 00:00:00,3927,
1586,37.0,Male,Sweater,Clothing,25,Alabama,M,Charcoal,Fall,3.0,No,Cash,,Yes,Yes,40,Debit Card,Fortnightly,,2024-01-01 00:00:00,3928,
1956,50.0,Male,Hoodie,Clothing,56,Maine,M,Pink,Winter,4.9,No,Credit Card,Express,No,No,37,Cash,Monthly,,2024-01-01 00:00:00,3929,
3153,49.0,Female,Belt,Accessories,90,North Carolina,M,Red,Fall,3.1,No,Venmo,Store Pickup,No,No,17,PayPal,Monthly,,2024-01-01 00:00:00,3930,
2254,62.0,Male,Hoodie,Clothing,31,Oklahoma,M,Brown,Spring,2.6,,Credit Card,Store Pickup,No,No,22,PayPal,Monthly,,2024-01-01 00:00:00,3931,
35,36.0,Male,T-shirt,Clothing,91,North Dakota,L,Violet,Spring,4.6,Yes,Debit Card,2-Day Shipping,Yes,Yes,38,PayPal,Quarterly,,2024-01-01 00:00:00,3932,
776,49.0,Male,Handbag,Accessories,53,Kentucky,S,Gold,Winter,3.0,Yes,PayPal,Store Pickup,Yes,Yes,8,PayPal,Monthly,,2024-01-01 00:00:00,3933,
2557,24.0,Male,T-shirt,Clothing,88,Montana,XL,Magenta,Fall,,No,PayPal,Standard,No,No,4,Bank Transfer,Quarterly,,2024-01-01 00:00:00,3934,
3500,22.0,Female,Socks,Clothing,29,New Jersey,L,Indigo,Fall,3.0,No,Bank Transfer,Next Day Air,No,No,13,PayPal,Every 3 Months,,2024-01-01 00:00:00,3935,
1479,28.0,Male,Gloves,Accessories,23,Washington,M,Blue,Summer,,No,PayPal,Free Shipping,Yes,Yes,13,Venmo,Bi-Weekly,,2024-01-01 00:00:00,3936,
3004,51.0,FEMALE,Blouse,Clothing,53,Oregon,M,Brown,Fall,2.8,No,Venmo,Express,No,No,13,Credit Card,Every 3 Months,,2024-01-01 00:00:00,3937,
1391,25.0,Male,Hat,Accessories,38,Arkansas,M,Maroon,Summer,4.3,,Venmo,Standard,Yes,Yes,42,Debit Card,Weekly,,2024-01-01 00:00:00,3938,
2140,40.0,Male,Boots,Footwear,95,New York,M,Red,Winter,3.0,No,Credit Card,Free Shipping,No,No,33,Cash,Weekly,,2024-01-01 00:00:00,3939,
1364,36.0,male,Blouse,Clothing,90,Wisconsin,L,Red,Summer,4.0,No,Bank Transfer,Express,Yes,Yes,47,PayPal,Quarterly,,2024-01-01 00:00:00,3940,
2946,32.0,Female,Belt,Accessories,49,Delaware,M,Charcoal,Summer,4.8,No,Venmo,Free Shipping,No,No,1,Credit Card,Every 3 Months,,2024-01-01 00:00:00,3941,
2613,55.0,Male,Sunglasses,Accessories,22,Louisiana,M,Turquoise,Winter,,No,Cash,Next Day Air,No,No,27,Venmo,Quarterly,,2024-01-01 00:00:00,3942,
3418,54.0,Female,Coat,Outerwear,35,Massachusetts,M,Blue,Summer,2.9,,PayPal,,No,No,22,Debit Card,Fortnightly,,2024-01-01 00:00:00,3943,
2825,39.0,Female,Hat,Accessories,90,,M,Purple,Fall,4.0,No,Debit Card,Free Shipping,No,No,49,Debit Card,Quarterly,,2024-01-01 00:00:00,3944,
2042,999.0,male,Jacket,Outerwear,32,New York,S,Lavender,Winter,3.2,No,Cash,Next Day Air,No,No,14,PayPal,Bi-Weekly,,2024-01-01 00:00:00,3945,
242,36.0,Male,Hoodie,Clothing,88,Delaware,M,Peach,Winter,4.1,Yes,PayPal,Free Shipping,Yes,Yes,43,Venmo,Bi-Weekly,,2024-01-01 00:00:00,3946,
2062,32.0,,Sweater,Clothing,70,Michigan,S,Magenta,Summer,2.6,No,PayPal,Store Pickup,No,No,22,Debit Card,Annually,,2024-01-01 00:00:00,3947,
2364,60.0,male,Socks,Clothing,79,Pennsylvania,XL,Pink,Winter,,No,PayPal,Express,No,No,38,Cash,Bi-Weekly,,2024-01-01 00:00:00,3948,
601,22.0,Male,Hat,Accessories,63,,M,Charcoal,Spring,5.0,Yes,Debit Card,2-Day Shipping,,Yes,25,Venmo,Monthly,,2024-01-01 00:00:00,3949,
2436,,Male,Sneakers,Footwear,27,,S,Black,Fall,,No,Cash,Free Shipping,No,No,29,Cash,Bi-Weekly,,2024-01-01 00:00:00,3950,
1298,44.0,male,Sandals,Footwear,85,New Jersey,M,Silver,Summer,4.6,No,Debit Card,Standard,Yes,Yes,32,Venmo,Annually,,2024-01-01 00:00:00,3951,
2215,50.0,Male,Belt,Accessories,100,,L,Gold,Fall,4.1,No,Cash,Standard,,No,20,Debit Card,Weekly,,2024-01-01 00:00:00,3952,
2889,70.0,Female,Hoodie,Clothing,42,Wisconsin,L,Green,Spring,5.0,No,Venmo,2-Day Shipping,No,No,25,Debit Card,Quarterly,,2024-01-01 00:00:00,3953,
2069,70.0,Male,Jewelry,Accessories,81,Vermont,XL,Black,Summer,3.9,No,Credit Card,Store Pickup,No,No,44,Venmo,Monthly,,2024-01-01 00:00:00,3954,
647,51.0,Male,Boots,Footwear,54,Indiana,XL,Pink,Spring,4.9,Yes,Debit Card,Standard,Yes,Yes,19,Venmo,Bi-Weekly,,2024-01-01 00:00:00,3955,
3891,35.0,Female,Shirt,Clothing,81,Nebraska,XL,Green,Winter,2.6,No,Credit Card,Standard,No,No,33,Debit Card,Annually,,2024-01-01 00:00:00,3956,
3557,70.0,Female,Sweater,Clothing,88,Arizona,M,Brown,Fall,4.2,No,Bank Transfer,Express,No,No,43,Cash,Bi-Weekly,,2024-01-01 00:00:00,3957,
3203,65.0,Female,Scarf,Accessories,37,Wisconsin,L,Green,Fall,4.5,No,Bank Transfer,Standard,No,No,38,Venmo,Annually,,2024-01-01 00:00:00,3958,
1529,,,T-shirt,Clothing,75,,S,Red,Spring,4.0,No,Credit Card,,Yes,Yes,47,Venmo,Bi-Weekly,,2024-01-01 00:00:00,3959,
2880,62.0,Female,Blouse,Clothing,57,North Dakota,XL,Turquoise,Winter,4.9,No,Credit Card,Free Shipping,No,No,31,Venmo,Annually,,2024-01-01 00:00:00,3960,
1268,47.0,,T-shirt,Clothing,83,Oregon,S,Gray,Spring,2.7,No,Credit Card,Standard,Yes,Yes,41,Cash,Weekly,,2024-01-01 00:00:00,3961,
3639,,Female,Backpack,Accessories,20,Kansas,M,Olive,Spring,4.6,No,Credit Card,Express,No,No,50,PayPal,Bi-Weekly,,2024-01-01 00:00:00,3962,
1900,32.0,Male,Shorts,Clothing,40,New York,L,Maroon,Winter,4.2,No,Venmo,Store Pickup,No,No,42,PayPal,Weekly,,2024-01-01 00:00:00,3963,
563,,Male,Jeans,Clothing,62,Missouri,M,Blue,Summer,3.5,Yes,PayPal,Standard,Yes,Yes,40,Debit Card,Annually,,2024-01-01 00:00:00,3964,
3272,35.0,Female,Socks,Clothing,55,Nevada,XL,Magenta,Spring,4.4,No,Debit Card,Standard,No,No,30,Credit Card,Weekly,,2024-01-01 00:00:00,3965,
2735,63.0,Female,Jeans,Clothing,93,New York,XL,Yellow,Summer,2.7,No,Venmo,2-Day Shipping,No,No,13,Cash,Bi-Weekly,,2024-01-01 00:00:00,3966,
3006,,Female,Shorts,Clothing,65,Alaska,XL,Brown,Spring,3.5,No,Bank Transfer,Express,No,No,5,Venmo,Weekly,,2024-01-01 00:00:00,3967,
190,36.0,Male,Blouse,Clothing,82,West Virginia,M,Maroon,Fall,4.4,Yes,Venmo,Next Day Air,,Yes,4,Credit Card,Weekly,,2024-01-01 00:00:00,3968,
1807,58.0,Male,Handbag,Accessories,67,Rhode Island,M,Green,Fall,3.9,No,Credit Card,Standard,No,No,24,Venmo,Annually,,2024-01-01 00:00:00,3969,
976,58.0,Male,Sweater,Clothing,40,Washington,M,Olive,Summer,3.8,Yes,Bank Transfer,2-Day Shipping,Yes,Yes,2,Bank Transfer,Weekly,,2024-01-01 00:00:00,3970,
2748,18.0,Female,Jeans,Clothing,62,West Virginia,M,Teal,Winter,3.1,No,Debit Card,,No,No,21,Credit Card,Every 3 Months,,2024-01-01 00:00:00,3971,
3548,52.0,Female,Scarf,Accessories,31,Pennsylvania,L,Magenta,Summer,3.8,No,Debit Card,Standard,,No,23,Credit Card,Annually,,2024-01-01 00:00:00,3972,
2048,58.0,Male,Jewelry,Accessories,82,Connecticut,M,Silver,Summer,3.1,No,Cash,Store Pickup,No,No,32,Cash,Annually,,2024-01-01 00:00:00,3973,
3754,39.0,Female,Sunglasses,Accessories,26,Louisiana,S,Turquoise,Winter,4.2,No,Bank Transfer,Next Day Air,,No,22,Bank Transfer,Fortnightly,,2024-01-01 00:00:00,3974,
2559,49.0,Male,Hoodie,Clothing,32,California,M,Silver,Fall,2.7,No,Cash,Express,No,No,24,PayPal,Fortnightly,,2024-01-01 00:00:00,3975,
1083,54.0,Male,Hat,Accessories,85,South Carolina,XL,Cyan,Winter,2.6,No,PayPal,Next Day Air,Yes,Yes,30,Venmo,Quarterly,,2024-01-01 00:00:00,3976,
475,62.0,Male,Sweater,Clothing,76,Arkansas,XL,Maroon,Summer,2.6,Yes,Debit Card,2-Day Shipping,Yes,Yes,15,Cash,Quarterly,,2024-01-01 00:00:00,3977,
3633,27.0,FEMALE,Sneakers,Footwear,73,Utah,L,Green,Spring,3.2,No,PayPal,Express,No,No,3,Debit Card,Quarterly,,2024-01-01 00:00:00,3978,
2905,41.0,Female,Sandals,Footwear,41,Iowa,M,Gray,Spring,4.0,No,Bank Transfer,2-Day Shipping,No,No,43,Venmo,Monthly,,2024-01-01 00:00:00,3979,
748,51.0,Male,Shorts,Clothing,74,Oklahoma,L,Gold,Spring,4.4,Yes,Venmo,Next Day Air,Yes,Yes,13,Bank Transfer,Weekly,,2024-01-01 00:00:00,3980,
2301,18.0,Male,Coat,Outerwear,88,Pennsylvania,XL,Lavender,Summer,4.4,No,Venmo,2-Day Shipping,No,No,38,Credit Card,Monthly,,2024-01-01 00:00:00,3981,
22,31.0,Male,Pants,Clothing,62,North Carolina,M,Charcoal,Winter,4.1,Yes,Credit Card,,Yes,Yes,22,Debit Card,Quarterly,,2024-01-01 00:00:00,3982,
3386,62.0,Female,Jewelry,Accessories,83,Rhode Island,M,Olive,Winter,2.8,No,PayPal,Standard,No,No,16,Credit Card,Every 3 Months,,2024-01-01 00:00:00,3983,
460,63.0,male,Hat,Accessories,30,Maryland,L,Black,Winter,3.8,Yes,Debit Card,Standard,Yes,Yes,27,PayPal,Fortnightly,,2024-01-01 00:00:00,3984,
1185,63.0,male,Belt,Accessories,73,South Carolina,S,Indigo,Fall,3.4,No,Bank Transfer,Express,Yes,Yes,19,Credit Card,Annually,,2024-01-01 00:00:00,3985,
2325,59.0,male,Coat,Outerwear,28,Oregon,L,Brown,Winter,3.5,No,Debit Card,Free Shipping,No,No,19,Debit Card,Annually,,2024-01-01 00:00:00,3986,
956,55.0,Male,Dress,Clothing,75,Mississippi,L,Lavender,Summer,3.4,Yes,Venmo,Free Shipping,Yes,Yes,4,PayPal,Monthly,,2024-01-01 00:00:00,3987,
1216,66.0,Male,Blouse,Clothing,20,Oregon,L,Pink,Winter,2.6,No,Cash,2-Day Shipping,,Yes,15,Credit Card,Every 3 Months,,2024-01-01 00:00:00,3988,
2434,54.0,Male,T-shirt,Clothing,73,Oregon,M,Blue,Spring,3.4,No,Cash,Standard,No,No,16,Cash,Bi-Weekly,,2024-01-01 00:00:00,3989,
2854,37.0,Female,Hat,Accessories,48,Pennsylvania,M,Magenta,Winter,3.2,No,Cash,Next Day Air,No,No,9,PayPal,Weekly,,2024-01-01 00:00:00,3990,
3486,50.0,FEMALE,Shirt,Clothing,21,,XL,Brown,Winter,3.4,No,Debit Card,Standard,No,No,23,Debit Card,Fortnightly,,2024-01-01 00:00:00,3991,
1516,39.0,Male,Jeans,Clothing,93,Indiana,S,Turquoise,Fall,,No,Debit Card,2-Day Shipping,Yes,Yes,34,Cash,Weekly,,2024-01-01 00:00:00,3992,
2392,42.0,Male,Shirt,Clothing,74,Michigan,M,Black,Winter,4.6,No,PayPal,Next Day Air,No,No,31,Bank Transfer,Quarterly,,2024-01-01 00:00:00,3993,
770,52.0,Male,Socks,Clothing,100,Delaware,M,Silver,Spring,4.3,Yes,Credit Card,Store Pickup,Yes,Yes,8,PayPal,Monthly,,2024-01-01 00:00:00,3994,
3381,41.0,Female,Dress,Clothing,52,North Dakota,L,Blue,Summer,3.8,No,PayPal,Standard,No,No,6,PayPal,Every 3 Months,,2024-01-01 00:00:00,3995,
1686,33.0,Male,Blouse,Clothing,48,Minnesota,M,Pink,Winter,4.6,No,Venmo,Standard,No,No,43,PayPal,Bi-Weekly,,2024-01-01 00:00:00,3996,
131,44.0,Male,Scarf,Accessories,39,Kentucky,L,Violet,Fall,3.7,Yes,Credit Card,Next Day Air,,Yes,13,PayPal,Fortnightly,,2024-01-01 00:00:00,3997,
3736,38.0,Female,Sandals,Footwear,44,Massachusetts,L,Orange,Spring,3.1,No,Cash,2-Day Shipping,No,No,29,PayPal,Annually,,2024-01-01 00:00:00,3998,
2920,64.0,Female,Shoes,Footwear,67,Minnesota,L,Charcoal,Winter,3.8,No,Bank Transfer,Standard,No,No,31,Debit Card,Monthly,,2024-01-01 00:00:00,3999,
3172,68.0,Female,Jewelry,Accessories,26,Tennessee,M,Maroon,Spring,3.1,No,Credit Card,Express,No,No,26,Bank Transfer,Bi-Weekly,,2024-01-01 00:00:00,4000,
3445,53.0,Female,Pants,Clothing,63,Rhode Island,S,Green,Summer,3.8,No,Cash,2-Day Shipping,No,No,12,Bank Transfer,Bi-Weekly,,2024-01-01 00:00:00,4001,
2136,34.0,male,Sunglasses,Accessories,94,California,S,Yellow,Winter,4.6,No,Credit Card,Next Day Air,No,No,1,Debit Card,Every 3 Months,,2024-01-01 00:00:00,4002,
1483,28.0,Male,Gloves,Accessories,67,Wisconsin,S,Magenta,Spring,4.1,No,Venmo,2-Day Shipping,Yes,Yes,43,Bank Transfer,Weekly,,2024-01-01 00:00:00,4003,
331,46.0,Male,Sweater,Clothing,51,North Dakota,M,Beige,Winter,3.7,Yes,Bank Transfer,Express,Yes,Yes,43,Venmo,Bi-Weekly,,2024-01-01 00:00:00,4004,
1239,55.0,Male,Pants,Clothing,77,Wyoming,M,Violet,Winter,3.7,No,PayPal,Express,Yes,Yes,3,Venmo,Fortnightly,,2024-01-01 00:00:00,4005,
467,38.0,Male,Jeans,Clothing,24,Vermont,L,Turquoise,Winter,4.6,Yes,Credit Card,Free Shipping,Yes,Yes,25,PayPal,Weekly,,2024-01-01 00:00:00,4006,
2170,31.0,Male,Coat,Outerwear,42,Florida,M,Brown,Fall,2.9,,PayPal,Next Day Air,No,No,32,Bank Transfer,Bi-Weekly,,2024-01-01 00:00:00,4007,
1639,68.0,male,Jacket,Outerwear,51,,M,Black,Spring,4.6,No,PayPal,Free Shipping,Yes,Yes,18,Venmo,Weekly,,2024-01-01 00:00:00,4008,
3093,52.0,Female,Sunglasses,Accessories,54,Utah,L,Silver,Fall,3.5,No,Cash,Next Day Air,No,No,14,Bank Transfer,Bi-Weekly,,2024-01-01 00:00:00,4009,
3773,,Female,Pants,Clothing,26,New Hampshire,L,Yellow,Fall,3.1,No,Cash,Next Day Air,No,No,35,Cash,Annually,,2024-01-01 00:00:00,4010,
1096,19.0,male,Coat,Outerwear,34,Tennessee,S,Peach,Summer,3.0,No,Debit Card,Free Shipping,Yes,Yes,30,Bank Transfer,Quarterly,,2024-01-01 00:00:00,4011,
1131,67.0,Male,Jewelry,Accessories,41,Kentucky,M,Lavender,Summer,3.9,No,Cash,Standard,Yes,Yes,30,PayPal,Bi-Weekly,,2024-01-01 00:00:00,4012,
1295,27.0,Male,Shirt,Clothing,64,,M,Silver,Summer,4.5,No,Credit Card,Standard,Yes,Yes,21,Cash,Every 3 Months,,2024-01-01 00:00:00,4013,
861,26.0,Male,Shoes,Footwear,87,South Carolina,M,Maroon,Spring,4.1,Yes,Debit Card,Standard,Yes,Yes,3,Cash,Monthly,,2024-01-01 00:00:00,4014,
3508,46.0,Female,Handbag,Accessories,65,Colorado,S,Purple,Spring,4.2,No,Bank Transfer,Store Pickup,No,No,33,Credit Card,Every 3 Months,,2024-01-01 00:00:00,4015,
3175,45.0,FEMALE,Pants,Clothing,52,Oklahoma,L,Orange,Winter,3.8,No,PayPal,Store Pickup,No,No,35,PayPal,Monthly,,2024-01-01 00:00:00,4016,
